id,nothing,creamer,sweetener,flavor,other,selection_ct
gMR29l,1,0,0,0,0,1
BkPN0e,1,0,1,0,0,2
W5G8jj,1,0,0,0,0,1
4xWgGr,1,0,0,0,0,1
QD27Q8,1,0,0,0,0,1
V0LPeM,0,0,0,0,0,0
V0Gaxg,1,0,0,0,0,1
AdzRL0,,,,,,0
LbWda2,1,0,0,0,0,1
EXQLWN,0,0,0,0,0,0
2eNLJg,,,,,,0
xpa2K9,,,,,,0
V00RoJ,,,,,,0
7WWB4A,0,1,1,1,0,3
pKL8aB,1,0,0,0,0,1
Zd694B,1,1,0,0,0,2
QAeYZY,1,0,0,0,0,1
QA5JYA,0,1,1,0,0,2
Rz5BPj,,,,,,0
jyDqva,0,1,0,0,0,1
eB7QoJ,,,,,,0
24xzlg,1,0,0,0,0,1
DVvoqX,0,1,0,0,0,1
1r2YJQ,1,0,0,0,0,1
24xYOV,1,0,0,0,0,1
AlbYao,0,1,0,1,0,2
J2krYz,1,0,0,0,0,1
WAp6ak,,,,,,0
aBr18q,,,,,,0
42NYWO,,,,,,0
6dQ08e,0,1,0,0,0,1
J2kj9J,1,0,0,0,0,1
8dpDNA,1,0,0,0,0,1
EPbVlL,1,0,0,0,0,1
ylqbBg,1,0,0,0,0,1
vNx6A4,,,,,,0
KMB2og,1,0,0,0,0,1
qbEQPO,1,0,0,0,0,1
9dJ0O5,1,1,0,0,0,2
BGboZR,1,1,1,0,0,3
oAVNdO,1,0,0,0,0,1
YZzBdN,1,0,0,0,0,1
VZ17Z6,1,0,0,0,0,1
RzBeZj,1,0,0,0,0,1
0Ej0GZ,1,1,1,0,0,3
eBxO4l,,,,,,0
WApbkQ,0,1,0,0,0,1
0Ej0WA,1,0,0,0,0,1
9dJYlQ,0,1,0,0,0,1
BGbJzQ,0,1,1,1,0,3
OABqpR,0,1,0,0,0,1
bl41Zg,0,0,1,0,0,1
GrBVrk,1,0,0,0,0,1
WApbYk,0,1,0,0,0,1
eBxG20,1,0,0,0,0,1
24x9NA,1,0,0,0,1,2
NAB2qB,1,0,0,0,0,1
RzBqoJ,1,0,0,0,0,1
jB98xY,,,,,,0
LdMxB2,0,1,0,0,0,1
GrBOrz,1,1,0,0,0,2
5dqajd,1,0,0,0,0,1
VZ1W0E,1,0,0,0,0,1
NABN5G,1,0,0,0,0,1
6dQY8o,1,0,0,0,0,1
WAp6va,0,1,0,0,0,1
EPbVGA,0,1,1,0,0,2
OABqQp,1,1,1,0,0,3
DVvOop,0,0,0,0,1,1
KMBrLz,1,1,0,0,0,2
jB9r21,0,1,0,0,0,1
pLPYLE,0,1,0,0,0,1
oAV8yX,0,1,0,0,0,1
aBrp0W,1,1,1,0,0,3
g5NPxK,1,1,0,0,0,2
bl41kE,0,1,0,0,0,1
GrBO1z,0,1,0,0,0,1
xdN8Q9,1,0,0,0,0,1
vNx8Xv,0,1,0,0,0,1
dY2JPN,0,1,0,0,0,1
MAdjLE,1,0,0,0,0,1
6dQ6xo,0,1,0,0,0,1
7d97lZ,1,0,0,0,0,1
0EjqPQ,1,0,0,0,0,1
BGbJD4,1,0,0,0,0,1
9dJYbp,1,1,0,0,0,2
xdNbJ9,1,0,0,0,0,1
EPbVLl,1,0,0,0,0,1
pLPNQJ,1,0,0,0,0,1
AlbMLW,1,0,0,0,0,1
EPboPq,0,1,0,0,0,1
ylq8yW,1,0,0,0,0,1
J2kEDz,1,1,0,0,0,2
24x9Lg,1,0,0,0,0,1
0EjYb6,1,0,0,0,0,1
ZdRb6a,1,1,0,0,0,2
WApbdP,1,0,0,0,0,1
24xY69,0,1,0,0,0,1
RzBqWd,1,0,0,0,0,1
RzBqLv,1,0,0,0,0,1
oAV8d5,1,0,0,0,0,1
oAV8OM,1,0,0,0,0,1
AlbYyW,0,0,1,0,0,1
KMB4kk,1,1,0,0,0,2
42N0Kd,0,1,0,1,0,2
0Ej0VZ,0,1,1,0,0,2
rlrQQo,0,1,0,0,0,1
vNx84X,1,1,0,0,0,2
OABxLk,1,0,0,0,0,1
MAd2V0,1,0,0,0,0,1
8dpbGk,1,0,0,0,0,1
zKQ8ja,1,1,0,0,0,2
YZzBLJ,0,1,1,0,0,2
QABNdl,0,1,1,0,0,2
8dpbko,1,0,0,0,0,1
XeB6Ee,1,0,0,0,0,1
KMBroK,0,1,0,0,0,1
24x9rg,1,0,0,0,0,1
dY2JjD,1,1,0,0,0,2
LdMjyz,1,0,0,0,0,1
9dJYM1,1,0,0,0,0,1
kYR4rj,1,0,0,0,0,1
pLPN7q,1,0,0,0,0,1
6dQ0eO,0,1,1,0,0,2
42NlLd,1,0,0,0,0,1
LdMxaj,1,0,0,0,0,1
BGbJZ4,1,1,0,0,0,2
J2kER7,0,1,0,0,0,1
eBxgQO,0,1,1,1,0,3
J2kELz,1,0,1,0,0,2
LdMjqJ,0,1,0,0,0,1
oAVNeM,1,0,0,0,0,1
oAVZ95,1,0,0,0,0,1
eBxGvE,1,0,0,0,0,1
g5NPYO,0,1,0,0,0,1
xdNbxo,0,1,0,0,0,1
zKQ8ZZ,1,0,0,0,0,1
rlrQxl,1,1,0,0,0,2
VZ1W8N,1,0,0,0,0,1
WAp6PN,1,0,0,0,0,1
DVvo9l,1,1,1,1,0,4
ylqAdB,1,0,0,0,0,1
rlrQP2,1,0,0,0,0,1
EPbo0L,1,0,0,0,0,1
ylqAY6,1,0,0,0,0,1
AlbR7B,1,0,0,0,0,1
EPbVxA,1,0,0,1,0,2
BGboo4,1,0,0,0,0,1
dY2GGD,0,1,0,0,0,1
oAV8o5,0,1,0,0,0,1
WApa9N,0,0,1,0,0,1
BGbJE5,0,1,1,0,0,2
0EjzA9,1,0,0,0,0,1
vNx6YX,0,1,0,0,0,1
WApaAQ,1,1,0,0,0,2
J2krZX,1,0,0,0,0,1
oAVN6V,1,0,0,0,0,1
VZ1WVN,1,0,0,0,0,1
42Nlko,1,0,0,0,0,1
RzBq4P,1,0,0,0,0,1
1r2QM4,1,0,0,0,0,1
LdM4d2,1,1,0,0,0,2
42N0dB,0,1,0,0,0,1
jB98M9,1,0,0,0,0,1
1r205O,0,1,0,0,0,1
5dq0yE,1,0,0,0,0,1
YZzb4N,1,0,0,0,0,1
QABq7Y,1,0,0,0,0,1
PABQDd,1,0,0,0,0,1
9dJY7E,0,1,1,0,0,2
24xYgM,1,0,0,0,0,1
KMB25K,1,0,0,0,0,1
RzBqzP,,,,,,0
GrBEvo,1,1,0,0,0,2
rlrQrv,1,1,0,0,0,2
LdMxpz,1,0,0,0,0,1
ZdRblA,0,1,0,0,0,1
bl4My7,1,0,0,0,0,1
XeB72d,0,1,0,0,0,1
zKQBXq,1,0,0,0,0,1
rlr9Yv,0,1,1,0,0,2
dY2GNy,0,1,0,0,0,1
zKQA18,0,1,1,0,0,2
ZdRAAV,0,1,1,0,0,2
VZ17Ev,1,0,0,0,0,1
NAB2Ab,1,0,0,0,0,1
rlr9yM,1,1,0,0,0,2
5dqYbv,1,1,0,0,0,2
AlbRKW,1,0,0,0,0,1
ylqb6X,0,1,0,0,0,1
dY2o6d,0,1,0,0,0,1
dY2oKz,0,1,0,0,0,1
oAVN61,0,1,0,0,0,1
rlr9yv,1,0,0,0,0,1
kYR4Nr,0,1,0,1,0,2
zKQ4kq,1,0,0,0,0,1
RzBeoP,1,0,0,0,0,1
24xYJL,1,1,0,0,0,2
ZdRAWA,1,0,0,0,0,1
rlr9OL,0,1,0,0,0,1
PABQdQ,0,1,0,0,0,1
1r20NQ,1,0,0,0,0,1
qbEqj2,0,1,0,0,0,1
g5NV9P,1,1,0,0,0,2
42NY8Y,1,0,0,0,0,1
GrBVJp,1,1,0,0,0,2
7d90RL,1,0,0,0,0,1
lNl8WV,0,1,1,0,0,2
vNxaEA,0,1,0,0,0,1
0EjY5P,1,0,0,0,0,1
eBxO5q,0,1,1,0,0,2
blx47Z,1,1,1,0,0,3
lNlXyB,0,1,1,0,0,2
1r2Yx4,1,0,0,0,0,1
1r20WM,1,1,0,0,0,2
J2krad,1,0,0,0,0,1
DVvo05,0,1,0,0,0,1
VZ1aJj,1,0,0,0,0,1
42N0ab,1,0,0,0,0,1
aBrJxZ,0,1,1,0,0,2
9dJ0qG,1,0,0,0,0,1
PABN1x,1,0,0,0,0,1
8dpDDk,1,0,0,0,0,1
qA2y0O,0,1,0,0,0,1
V0ELg6,0,1,1,0,0,2
zKQ8Qg,1,0,0,0,0,1
VZ1WYN,1,1,0,0,0,2
jB98W1,0,1,0,0,0,1
24x9Rj,,,,,,0
rlr82o,1,0,0,0,0,1
QABNj7,,,,,,0
vNx8El,1,0,0,0,0,1
jB98WY,1,0,0,0,0,1
LdM4Op,1,0,0,0,0,1
qbE8gG,1,0,0,0,0,1
bl41zZ,1,0,0,0,0,1
xdN8yk,1,0,0,0,0,1
rlr8LX,0,1,1,1,0,3
jB98ga,0,1,1,0,0,2
pLPY01,0,1,1,0,0,2
GrBODO,1,0,0,0,0,1
7d97a0,1,0,0,0,0,1
WApale,1,0,0,0,0,1
0EjqlN,0,1,1,0,0,2
oAV8dN,1,0,0,0,0,1
0Ejqaj,1,0,0,0,0,1
5dqaeZ,1,0,0,0,0,1
g5N8v4,1,0,0,0,0,1
oAV8lb,1,0,0,0,0,1
AlbMyz,1,0,0,0,0,1
jB9871,0,1,0,0,0,1
9dJA2E,1,0,0,0,0,1
PABZBx,1,0,0,0,0,1
DVvRWR,1,0,0,0,0,1
dY2JDV,1,0,0,0,0,1
bl41Y1,0,1,0,0,0,1
rlr8vR,1,0,0,0,0,1
xdN89d,1,1,0,0,0,2
kYR8Jo,1,0,0,0,0,1
YZz7xW,1,0,0,0,0,1
RzBq29,1,0,0,0,0,1
24x9DD,1,0,0,0,0,1
rlr8k2,1,0,0,0,0,1
7d97ER,1,0,0,0,0,1
GrBOBO,1,0,0,0,0,1
42NlPr,1,0,0,0,0,1
XeB6OP,0,1,0,1,0,2
VZ1W4y,1,0,0,0,0,1
kYR8ve,1,0,0,0,0,1
YZz7oN,1,0,0,0,0,1
OABxYM,1,1,0,0,0,2
xdN8lv,1,0,0,0,0,1
eBxgYk,0,1,0,0,0,1
RzBqj9,1,1,0,1,0,3
1r2QGg,1,0,0,0,0,1
pLPYZJ,1,0,0,0,0,1
MAdj6k,1,0,0,0,0,1
OABxER,1,0,0,0,0,1
BGbJ0K,1,0,0,0,0,1
qbE8jO,1,0,0,0,0,1
kYR8ze,0,1,0,0,0,1
GrBODQ,1,0,0,0,0,1
vNx8KD,1,0,0,0,0,1
oAV8VN,1,0,0,0,0,1
VZ1Wxg,1,0,0,0,0,1
24x9Oe,1,0,0,0,0,1
KMBrO8,1,1,0,0,0,2
WApa1v,1,0,0,0,0,1
bl41gL,1,0,0,0,0,1
EPbovB,0,1,1,0,0,2
ylq8e8,0,1,0,0,0,1
24x9ZL,1,0,0,0,0,1
MAdjGM,1,0,0,0,0,1
24x9Zj,1,0,0,0,0,1
rlr8kR,0,1,0,0,0,1
g5N8pl,1,0,0,0,0,1
rlr8qN,1,0,0,0,0,1
ylq87g,1,0,0,0,0,1
GrBO7Z,1,1,0,0,0,2
NAB2Rj,1,1,0,0,0,2
RzBqkj,1,0,0,0,0,1
xdN86r,1,0,0,0,0,1
9dJArQ,0,1,0,0,0,1
EPboa4,1,0,0,0,0,1
WApaQN,0,1,0,0,0,1
42NlN5,1,0,0,0,0,1
AlbM50,1,1,0,0,0,2
QABNap,1,1,0,0,0,2
dY2Jkd,0,1,1,0,0,2
RzBqr9,1,0,0,0,0,1
lNl89W,0,1,1,0,0,2
PABZGB,0,1,0,0,0,1
RzBqjj,0,1,1,0,0,2
LdM4ov,1,0,0,0,0,1
GrBO5k,1,0,0,0,0,1
ZdRbWo,1,1,0,0,0,2
AlbMQD,0,1,0,0,0,1
42NlqX,1,0,0,0,0,1
24x9D9,1,0,0,0,0,1
oAV81V,1,0,0,0,0,1
QABNE7,1,0,0,0,0,1
6dQ6QN,1,0,0,0,0,1
KMBrkV,1,1,1,0,0,3
g5N8NJ,1,0,0,0,0,1
aBrpab,0,1,1,1,0,3
OABxVR,1,1,0,0,0,2
aBrpPq,1,0,0,0,0,1
bl41vZ,0,0,1,0,0,1
oAV8kO,0,1,0,0,0,1
qbE8NG,1,1,0,0,0,2
eBxgoe,1,0,0,0,0,1
aBrpkB,0,1,0,0,0,1
vNx8g0,0,1,0,0,0,1
NAB2Ol,0,1,0,1,1,3
GrBObk,1,0,0,0,0,1
kYR8x1,0,1,1,0,0,2
g5N8z4,0,1,1,1,0,3
lNl8zv,1,1,0,0,0,2
jB98z4,1,0,0,0,0,1
RzBqVj,1,0,0,0,0,1
BGbJ6Q,1,0,0,0,0,1
5dqagd,1,0,0,0,0,1
QABN8Y,0,1,1,1,0,3
24x9o9,0,1,0,0,0,1
BGbJ9Q,1,1,0,0,0,2
PABZrV,1,0,0,0,0,1
lNl84k,1,1,0,0,0,2
rlr8YR,1,0,0,0,0,1
zKQ8L0,1,0,0,0,0,1
NAB2El,0,1,0,0,0,1
9dJAMV,1,1,0,0,0,2
YZz79J,0,1,0,0,0,1
5dqaod,0,1,1,0,0,2
GrBOgp,0,1,0,0,0,1
dY2Jgo,1,0,0,0,0,1
AlbMAe,1,0,0,0,0,1
XeB6d4,1,0,0,0,0,1
QABNX8,0,1,0,0,0,1
1r2QBp,1,0,0,0,0,1
VZ1WY6,1,0,0,0,0,1
LdM4Vv,1,0,0,0,0,1
6dQ6MJ,1,0,0,0,0,1
oAV8vx,1,0,0,0,0,1
oAV8gP,0,1,0,0,0,1
EPboJ2,0,1,0,1,0,2
MAdjVA,0,0,0,0,1,1
EPboEX,1,0,0,0,0,1
6dQ64k,0,1,0,0,0,1
NAB240,1,0,0,0,0,1
pLPYzB,1,0,0,0,0,1
OABxEg,0,1,0,0,0,1
NAB2gB,1,0,0,0,0,1
vNx8vQ,0,1,0,0,0,1
LdM4yj,1,0,0,0,0,1
qbE8k9,1,0,0,0,0,1
qbE8v9,1,1,1,0,0,3
dY2J8d,0,1,0,0,0,1
jB98Yx,0,1,1,1,0,3
rlr8gN,0,1,0,0,0,1
XeB6Ng,1,1,0,0,0,2
OABx97,0,1,0,0,0,1
42NlEX,1,1,0,0,0,2
LdM4al,1,0,0,0,0,1
ZdRbDB,1,1,0,0,0,2
6dQ6Vk,1,0,0,0,0,1
8dpbVx,1,1,0,1,0,3
6dQ65P,0,1,0,0,0,1
1r2Q6l,1,0,0,0,0,1
7d97MR,0,1,1,0,0,2
ylq8GB,0,1,0,0,0,1
kYR8p1,1,0,0,0,0,1
8dpbgx,1,0,0,0,0,1
VZ1Wqg,1,0,0,0,0,1
WApaBa,1,0,0,0,0,1
dY2J1q,1,0,0,0,0,1
vNx8W0,1,0,0,0,0,1
5dqaOo,0,0,1,0,0,1
QABNWp,1,1,0,0,0,2
ZdRbQo,1,0,0,0,0,1
NAB2yB,1,0,0,0,0,1
oAV81e,1,0,0,0,0,1
PABZYx,0,1,0,0,0,1
PABZWb,0,1,1,0,0,2
XeB6v4,0,1,1,0,0,2
9dJAxQ,1,0,0,0,0,1
DVvRE5,0,1,1,0,0,2
lNl87X,0,1,0,0,0,1
eBxgye,0,1,0,0,0,1
aBrpgq,1,0,0,0,0,1
OABxrR,1,0,0,0,0,1
WApajv,,,,,,0
1r2QxQ,1,0,0,0,0,1
AlbM9z,1,0,0,0,0,1
8dpbWO,1,0,0,0,0,1
7d97zA,0,1,0,0,0,1
24x9zV,0,0,1,0,0,1
VZ1W9j,1,0,0,0,0,1
rlr8YN,1,0,0,0,0,1
xdN80d,1,0,0,0,0,1
1r2QgW,0,1,0,1,0,2
EPbo64,1,0,0,0,0,1
qbE877,1,0,0,0,0,1
KMBrGV,0,1,1,0,0,2
6dQ6WY,0,1,0,0,0,1
EPboA4,0,1,0,0,0,1
PABZy5,0,1,0,0,0,1
ZdRbgz,0,1,0,0,0,1
EPbo6r,1,0,0,0,0,1
6dQ6zB,0,1,1,0,0,2
LdM4Ey,0,1,0,0,0,1
ylq8gg,1,0,0,0,0,1
42NlOY,1,0,0,0,0,1
MAdjPM,1,0,0,0,0,1
8dpb5O,1,1,0,0,0,2
1r2QRl,1,1,0,0,0,2
jB985Q,1,0,0,0,0,1
J2kEBo,0,1,0,0,0,1
eBxgvk,0,1,0,0,0,1
7d97jZ,1,1,0,0,0,2
dY2JzK,1,0,0,0,0,1
PABZe5,0,1,1,0,0,2
J2kEGo,0,1,1,0,0,2
ylq8zx,0,1,0,1,0,2
WApapR,0,1,1,0,0,2
xdN8z5,1,0,0,0,0,1
NAB2dj,1,0,0,0,0,1
ylq81x,1,0,0,0,0,1
vNx8zD,1,1,0,1,0,3
oAV8zP,1,0,0,0,0,1
QABNkG,0,1,0,0,0,1
8dpbDA,1,0,0,0,0,1
YZz760,1,0,0,0,0,1
PABZqd,0,1,0,0,0,1
oAV8LX,0,1,0,0,0,1
XeB6Pd,1,0,0,0,0,1
AlbMRB,1,0,0,0,0,1
jB98XR,0,1,0,1,0,2
NAB2Zb,0,1,0,0,0,1
aBrpMy,0,1,0,0,0,1
OABxKK,1,1,0,0,0,2
pLPYlP,,,,,,0
EPbooq,0,0,1,1,0,2
XeB6je,1,1,1,0,0,3
PABZq0,1,0,0,0,0,1
GrBOE2,0,1,1,1,0,3
pLPYYZ,1,0,0,0,0,1
GrBOVj,1,0,0,0,0,1
DVvROb,1,0,0,0,0,1
rlr8Z5,0,1,0,0,0,1
KMBr2M,1,0,0,0,0,1
kYR8BJ,1,0,0,0,0,1
aBrpJ9,0,1,0,0,0,1
bl41a0,1,0,0,0,0,1
RzBqyp,1,0,0,0,0,1
1r2Q0M,1,0,0,0,0,1
GrBOO2,1,0,0,0,0,1
jB98V6,0,1,1,0,0,2
QABNpg,1,0,0,0,0,1
DVvR6j,1,1,0,0,0,2
xdN8q9,1,0,0,0,0,1
xdN8W9,1,0,0,0,0,1
9dJAzX,1,0,0,0,0,1
rlr8ep,1,0,0,0,0,1
WApa4L,0,1,0,0,0,1
lNl8pV,1,0,0,0,0,1
9dJAbX,1,0,0,0,0,1
zKQ8A1,0,1,0,0,0,1
QABNP1,1,0,0,0,0,1
pLPYEE,0,1,1,0,0,2
GrBOMQ,0,1,0,0,0,1
RzBqpQ,1,0,0,0,0,1
24x9MM,0,0,1,0,0,1
7d9rX0,1,0,0,0,0,1
YZz72z,1,1,0,0,0,2
42Nl0b,0,1,0,1,0,2
lNl8JX,1,1,0,0,0,2
xdN8kd,0,1,0,0,0,1
VZ1WWE,1,0,0,0,0,1
bl4QV6,0,1,0,0,0,1
LdM4xG,0,1,1,0,0,2
VZ1OLj,1,0,0,0,0,1
KMBrrk,1,0,0,0,0,1
5dqaWQ,0,1,0,0,0,1
NAB22W,1,1,0,0,0,2
eBxWZx,1,1,0,0,0,2
OABxOM,1,0,0,0,0,1
lNl825,1,1,0,0,0,2
EPboy2,1,0,0,0,0,1
LdM48z,1,0,0,0,0,1
KMBKYX,1,0,0,0,0,1
NAB21W,0,1,0,1,0,2
42NlMo,0,1,1,0,0,2
BGbJv4,1,0,0,0,0,1
rlr8No,1,0,0,0,0,1
24xGEe,0,1,1,0,0,2
lNlkBN,1,0,0,0,0,1
eBxWae,1,0,0,0,0,1
WApavR,1,0,0,0,0,1
1r2o9p,1,0,0,0,0,1
OABM7R,1,0,0,0,0,1
aBrqOX,1,1,0,0,0,2
qbE1GG,1,0,0,0,0,1
8dp4aP,1,0,0,0,0,1
0EjR7j,1,0,0,0,0,1
YZz7EN,1,0,0,0,0,1
OABxRk,1,1,0,0,0,2
AlbMgN,1,0,0,0,0,1
lNlk6k,1,0,0,0,0,1
OABxWM,0,1,0,1,0,2
xdN5Yy,1,0,0,0,0,1
AlbMYB,1,1,0,0,0,2
ylq5Jg,1,0,0,0,0,1
VZ1WRj,1,0,0,0,0,1
jB9Ala,1,1,0,0,0,2
YZzl4B,1,0,0,0,0,1
J2kvz4,1,0,0,0,0,1
oAV8W5,1,0,0,0,0,1
oAVLGe,1,0,0,0,0,1
KMBKlA,1,0,0,0,0,1
6dQEDY,0,1,0,0,0,1
1r2o7Q,1,0,0,0,0,1
1r2oVQ,1,0,0,0,0,1
0EjR8y,1,0,0,0,0,1
LdMLzp,1,0,0,0,0,1
LdML7p,0,1,0,0,0,1
jB9Ab4,0,1,0,0,0,1
aBrq4B,1,0,0,0,0,1
DVv6Nq,1,0,0,0,0,1
DVv6pR,1,0,0,0,0,1
rlrMON,0,1,1,0,0,2
g5N6Ml,0,1,0,0,0,1
NAB1oB,1,0,0,0,0,1
VZ1Ojy,1,0,0,0,0,1
dY2exq,1,0,0,0,0,1
RzByo9,1,1,0,0,0,2
rlrMoN,0,1,0,0,0,1
XeBP4g,0,1,0,0,0,1
DVv6qN,1,0,0,0,0,1
vNx5P0,1,0,0,0,0,1
6dQEZk,1,1,0,0,0,2
qbE1d7,0,1,1,1,0,3
bl4QeL,1,0,0,0,0,1
PABJ55,1,0,0,0,0,1
aBrq9b,0,0,0,0,1,1
LdMLPv,1,0,0,0,0,1
qbE1VY,1,1,1,0,0,3
oAVLEx,1,0,0,0,0,1
PABJ1V,1,0,0,0,0,1
0EjR6N,0,1,0,1,0,2
BGbW75,1,1,0,0,0,2
8dp4L5,1,0,0,0,0,1
GrBARZ,1,0,0,0,0,1
rlrMBR,1,0,0,0,0,1
J2kEvY,1,1,1,1,0,4
GrBAve,1,0,0,0,0,1
g5N6qO,0,1,1,1,0,3
J2kvOo,0,1,0,0,0,1
GrBAlp,1,0,0,0,0,1
7d9r2P,0,1,0,0,0,1
1r2odl,1,1,0,0,0,2
J2kvdR,1,0,0,0,0,1
jB9APx,1,0,0,0,0,1
DVv6kZ,0,0,0,1,0,1
xdN8Ok,1,0,0,0,0,1
NAB1qO,0,1,0,0,0,1
GrBA9Z,1,1,0,0,0,2
bl4Qdg,1,0,0,0,0,1
5dqPZo,1,0,0,0,0,1
J2kEyz,0,1,0,0,0,1
jB98j9,1,0,0,0,0,1
DVv67R,1,1,0,0,0,2
QABlV8,1,0,0,0,0,1
LdMLpj,1,0,0,0,0,1
42NVrX,1,0,0,0,0,1
VZ1OpM,1,0,0,0,0,1
42NlWr,0,1,1,1,0,3
KMBKV8,1,0,0,0,0,1
aBrq6q,0,1,0,0,0,1
oAVLeP,1,0,0,0,0,1
YZzlPW,0,1,0,0,0,1
zKQ5jM,0,1,0,0,0,1
XeBPJY,0,0,1,0,0,1
kYRB61,1,1,0,0,0,2
zKQ5y0,1,1,0,0,0,2
RzBy5d,1,0,0,0,0,1
ZdRrNy,1,1,0,0,0,2
6dQE7B,1,0,0,0,0,1
0EjRey,0,1,0,0,0,1
QABlDp,0,1,0,0,0,1
24xGB9,0,1,0,0,0,1
EPb7QX,1,0,0,0,0,1
qbE1AY,1,0,0,0,0,1
RzByD9,0,1,1,0,0,2
42NVQY,1,1,0,0,0,2
EPb7XX,1,0,0,0,0,1
Albe2z,1,0,0,0,0,1
PABJ9V,1,0,0,0,0,1
rlrM5R,1,0,0,0,0,1
kYR8Pj,1,0,0,0,0,1
J2kvqK,0,1,1,0,0,2
J2kv1K,1,0,0,0,0,1
PABJpB,0,1,0,0,0,1
EPb7l4,0,1,0,0,0,1
XeBP0j,0,1,0,0,0,1
vNx5Yv,1,0,0,0,0,1
NAB1WB,1,0,0,0,0,1
42NV8k,1,1,0,0,0,2
VZ1OQg,0,1,0,1,0,2
LdMLWj,0,1,0,0,0,1
LdMLKv,1,0,0,0,0,1
zKQ5Ya,0,1,0,0,0,1
pLPpoJ,0,1,1,0,0,2
lNlkqv,1,0,0,0,0,1
GrBO2O,1,0,0,0,0,1
KMBK1A,0,1,0,0,0,1
dY2e9o,0,1,1,0,0,2
9dJjQp,1,0,0,0,0,1
QABl58,1,0,0,0,0,1
BGbWk5,1,0,0,0,0,1
24xGPj,0,1,0,0,0,1
0EjRdB,1,1,1,0,0,3
RzByPd,1,0,0,0,0,1
RzBq9P,1,0,0,0,0,1
PABJ65,0,1,0,0,0,1
oAVLRP,1,0,0,0,0,1
24xGPL,1,0,0,0,0,1
rlr84L,1,0,0,0,0,1
VZ1O0v,1,1,0,0,0,2
8dp4xO,0,1,0,0,0,1
bl4QWL,1,0,0,0,0,1
qbE1a9,0,1,0,0,0,1
VZ1O5J,1,0,0,0,0,1
rlrMPl,0,1,0,1,0,2
EPb7XN,0,1,0,0,0,1
dY2e0o,1,0,0,0,0,1
lNlkyB,0,1,1,0,0,2
BGbJo7,1,0,1,0,0,2
xdN5ay,1,1,1,1,1,5
GrBAdp,1,0,0,0,0,1
BGbWxQ,0,0,1,0,0,1
MAdpzp,0,1,0,0,0,1
RzBy0J,1,1,0,0,0,2
PABJ1e,0,1,1,0,0,2
XeBPWj,1,0,0,0,0,1
g5N6Gl,1,0,0,0,0,1
jB9AZJ,0,1,1,1,0,3
g5N6e4,1,0,0,0,0,1
0Ejq9Q,1,0,0,0,0,1
xdN8EG,1,0,0,0,0,1
zKQ5Da,0,1,0,0,0,1
xdN5Xv,1,0,0,0,0,1
24xGAj,1,0,0,0,0,1
lNl8j5,1,0,0,0,0,1
YZz7Nv,0,1,0,0,0,1
VZ1OEj,1,0,0,0,0,1
oAVLAV,0,0,1,0,0,1
vNx52A,,,,,,0
bl4Qlo,1,0,0,0,0,1
PABJ0Q,0,1,0,0,0,1
42NVkO,1,0,0,0,0,1
9dJjdY,1,0,0,0,0,1
WApV0J,1,0,0,0,0,1
1r2oEM,0,1,0,0,0,1
jB9AME,1,0,0,0,0,1
GrBAro,1,0,0,0,0,1
KMBK67,1,1,0,0,0,2
xdN5QG,1,0,0,0,0,1
XeBPe4,0,1,0,1,0,2
8dp4kx,1,0,0,0,0,1
EPb71N,1,0,0,0,0,1
qbE1Wd,1,0,0,0,0,1
eBxWBO,1,0,0,0,0,1
6dQExe,1,0,0,0,0,1
24xGrp,1,1,0,0,0,2
0EjRbQ,0,1,1,0,0,2
5dqP2M,0,1,0,0,0,1
QABlrg,1,0,0,0,0,1
xdN5Qo,1,0,0,0,0,1
MAdpJg,0,1,1,1,0,3
vNx5AQ,0,1,0,0,0,1
YZzldq,0,1,0,0,0,1
RzByYp,1,0,0,0,0,1
zKQ5zq,1,0,0,0,0,1
5dqPkd,1,0,0,0,0,1
dY2eZN,1,0,0,0,0,1
1r2ovO,1,0,0,0,0,1
PABJB0,0,1,0,0,0,1
AlbeDW,0,1,0,1,0,2
GrBA1o,1,1,0,0,0,2
6dQE15,1,0,0,0,0,1
LdMLG1,1,0,0,0,0,1
LdML0G,0,1,0,0,0,1
zKQ5Kq,1,0,0,0,0,1
J2kvJY,0,1,0,0,0,1
rlrMVM,1,0,0,0,0,1
DVv6eb,1,0,0,0,0,1
5dqPdd,1,0,0,0,0,1
RzByLl,0,1,0,0,0,1
5dqPvP,1,0,0,0,0,1
YZzlV0,1,1,1,1,0,4
vNx54A,1,0,0,0,0,1
XeBPG4,1,0,0,0,0,1
jB9ABE,1,0,0,0,0,1
PABJ8P,,,,,,0
RzBy4J,1,0,0,0,0,1
jB9AxR,1,0,0,0,0,1
dY2eYA,1,0,0,0,0,1
0EjRJ0,1,0,0,0,0,1
PABJvP,1,1,0,0,0,2
DVv60p,1,0,0,0,0,1
rlrMKv,1,0,0,0,0,1
9dJjJ4,1,0,0,0,0,1
oAVL0M,1,0,0,0,0,1
vNx5Od,0,1,0,1,0,2
QABlYA,1,0,0,0,0,1
24xGkp,1,0,0,0,0,1
7d9roL,1,0,0,0,0,1
lNlkNW,1,0,0,0,0,1
g5N64N,0,1,0,0,0,1
g5N65d,0,1,0,0,0,1
7d9rdA,1,1,0,0,0,2
lNlkL5,1,0,0,0,0,1
rlrMKM,1,0,0,0,0,1
0EjRoQ,1,1,0,0,0,2
GrBA1j,1,0,0,0,0,1
qbE1b7,0,1,0,0,0,1
oAVLVM,1,1,0,0,0,2
RzByRl,1,0,0,0,0,1
g5N6QK,0,1,1,0,0,2
GrBAYz,0,1,1,0,0,2
QABlBk,1,0,0,0,0,1
vNx5NQ,0,1,0,0,0,1
6dQEro,1,0,0,0,0,1
eBxWNo,1,0,0,0,0,1
NAB1MN,1,0,0,0,0,1
dY2eDy,0,1,0,0,0,1
MAdpvE,1,0,0,0,0,1
MAdp5Y,1,0,0,0,0,1
9dJjE1,1,0,0,0,0,1
PABJ20,1,0,0,0,0,1
8dp4eA,1,0,0,0,0,1
DVv65b,1,0,0,0,0,1
qbE1o8,1,0,0,0,0,1
OABMBA,1,0,0,0,0,1
oAVLlM,0,1,0,0,0,1
5dqPEb,1,0,0,0,0,1
6dQEOO,0,1,1,0,0,2
jB9A99,1,0,0,0,0,1
7d9r46,1,0,0,0,0,1
qbE1Yk,1,0,0,0,0,1
pLPpWZ,1,0,0,0,0,1
VZ1Olv,1,0,0,0,0,1
OABMJp,1,0,0,0,0,1
aBrqry,1,0,0,0,0,1
7d9r9z,0,1,0,0,0,1
oAVLl5,1,0,0,0,0,1
aBrqZW,1,0,0,0,0,1
lNlk06,0,0,1,0,0,1
ZdRrGv,1,0,0,0,0,1
xdN5ZG,1,1,0,0,0,2
lNlkYV,1,0,0,0,0,1
VZ1OME,1,0,0,0,0,1
rlrMrL,1,1,0,0,0,2
42NVAd,1,0,0,0,0,1
jB9AJ1,0,1,1,0,0,2
rlrMr5,1,0,0,0,0,1
WApVpQ,0,1,1,0,0,2
ZdRrvA,1,1,0,0,0,2
8dp4dx,0,1,0,0,0,1
vNx5JX,0,1,1,0,0,2
zKQ5e1,0,1,1,0,0,2
lNlkKV,1,1,0,0,0,2
rlrMJX,1,0,0,0,0,1
8dp4PY,0,1,0,0,0,1
LdMLaz,1,0,0,0,0,1
rlrM0L,1,1,0,0,0,2
PABJBd,1,0,0,0,0,1
NAB1Rp,1,0,0,0,0,1
42NV9d,1,1,0,0,0,2
jB9A76,1,0,0,0,0,1
OABMLK,0,1,1,0,0,2
GrBABz,1,0,0,0,0,1
YZzlY6,0,0,1,0,0,1
YZzlo0,0,1,0,0,0,1
g5N671,1,0,0,0,0,1
qbE1k5,0,1,0,0,0,1
7d9r16,1,0,0,0,0,1
24xGkV,1,1,0,0,0,2
BGbWA4,0,1,0,0,0,1
rlrMJp,0,1,1,0,0,2
bl4Qr2,1,0,0,0,0,1
aBrqDE,0,0,1,0,0,1
YZzlrq,1,0,0,0,0,1
VZ1O9l,1,0,0,0,0,1
EPb7Lo,0,1,0,0,0,1
jB9A09,1,1,0,0,0,2
GrBAL2,1,0,0,0,0,1
EPb7Z2,0,1,0,0,0,1
EPb7vA,1,0,0,0,0,1
42NVPo,0,1,0,0,0,1
g5N6JM,0,1,1,0,0,2
9dJj2K,1,0,0,0,0,1
xdN5Rk,1,1,0,0,0,2
24xGvA,1,1,0,0,0,2
AlbeWo,1,0,0,0,0,1
ZdRrza,0,1,1,1,0,3
qbE1Ek,1,0,0,0,0,1
1r2oN4,1,0,0,0,0,1
VZ1ObN,1,0,0,0,0,1
24xGxA,0,1,0,0,0,1
pLPpRy,1,1,0,0,0,2
J2kvk7,1,0,0,0,0,1
oAVL55,1,1,0,0,0,2
lNlkWp,0,1,1,0,0,2
QABl8l,1,0,0,0,0,1
eBxWxo,1,0,0,0,0,1
eBxW2E,1,0,0,0,0,1
rlrMd5,1,1,0,1,0,3
8dp4Ak,1,0,0,0,0,1
RzByvv,1,1,0,0,0,2
rlrM2p,1,0,0,0,0,1
24xG1g,0,1,0,0,0,1
EPb7BL,1,0,0,0,0,1
eBxWKJ,0,1,0,0,0,1
zKQ5J8,1,0,0,0,0,1
ZdRrZ5,1,0,0,0,0,1
1r2o2L,0,1,0,0,0,1
xdN599,1,0,0,0,0,1
YZzlpz,1,0,0,0,0,1
bl4Q82,0,1,0,0,0,1
PABJ80,0,1,0,0,0,1
24xGOb,1,0,0,0,0,1
5dqPGP,1,0,0,0,0,1
bl4Q4E,1,0,0,0,0,1
KMBKBK,0,1,0,0,0,1
DVv6Jj,1,0,0,0,0,1
eBxW7E,1,0,0,0,0,1
GrBAoz,1,0,0,0,0,1
EPb70o,1,0,0,0,0,1
kYRBJd,1,0,0,0,0,1
J2kv2d,1,0,0,0,0,1
OABMdk,1,0,0,0,0,1
LdMLvz,0,1,0,0,0,1
0EjRv0,1,0,0,0,0,1
VZ1OZv,1,0,0,0,0,1
5dqPLM,1,1,0,0,0,2
LdMLXG,1,0,0,0,0,1
RzByZP,1,0,0,0,0,1
42NVvB,0,1,0,0,0,1
GrBAqO,1,0,0,0,0,1
BGbWj4,0,1,0,0,0,1
BGbWB7,0,1,0,0,0,1
ylq5o6,1,1,0,0,0,2
J2kvLJ,1,1,0,0,0,2
42NVjb,0,1,0,0,1,2
bl4Q2E,1,0,0,0,0,1
5dqPev,1,1,0,0,0,2
6dQEvO,1,0,0,0,0,1
jB9ALR,0,1,1,0,0,2
9dJjpK,0,1,1,0,0,2
LdMLE2,1,1,1,0,0,3
xdN54E,0,1,0,0,0,1
J2kvV7,0,1,0,0,0,1
8dp46k,1,1,0,0,0,2
1r2oD4,1,0,0,0,0,1
bl4QK0,0,1,0,1,0,2
DVv6AX,1,0,0,0,0,1
QABlxk,1,1,0,1,0,3
aBrqjy,1,0,0,0,0,1
XeBP1e,1,1,0,0,0,2
qbE1P2,1,0,0,0,0,1
9dJjlG,0,1,0,0,0,1
WApVPJ,0,1,0,0,0,1
jB9A5Y,1,0,0,0,0,1
OABMjA,1,0,0,0,0,1
DVv6V5,0,1,0,0,0,1
XeBPMd,1,0,0,0,0,1
6dQEAo,0,1,0,0,0,1
jB9AG9,0,1,0,0,0,1
pLPpVV,1,0,0,0,0,1
rlrMYo,0,1,0,0,0,1
5dqPpQ,1,0,0,0,0,1
rlrMbN,1,0,0,0,0,1
zKQ51g,0,1,0,0,0,1
7d9rp2,1,0,0,0,0,1
5dqPMQ,1,1,0,1,0,3
9dJjrE,1,0,0,0,0,1
MAdp78,1,0,0,0,0,1
kYRBpo,0,1,0,1,0,2
pLPpz1,1,1,1,1,0,4
KMBKgX,1,0,0,0,0,1
QABlk1,0,1,1,0,0,2
XeBPzz,1,0,0,0,0,1
8dp4gP,1,0,0,0,0,1
PABJ41,1,0,0,0,0,1
QABlO1,0,1,0,0,0,1
RzByjK,1,0,0,0,0,1
kYRBrr,1,0,0,0,0,1
PABJGx,1,0,0,0,0,1
vNx5gl,1,0,0,0,0,1
eBxWzx,1,0,0,0,0,1
WApVZe,1,0,0,0,0,1
Albeae,0,1,0,0,0,1
lNlkMX,0,1,0,0,0,1
OABMVa,1,0,0,0,0,1
XeBP2z,1,0,0,0,0,1
eBxWpl,0,1,0,0,0,1
EPb7gB,1,0,0,0,0,1
RzBy2K,1,0,0,0,0,1
1r2oBg,,,,,,0
GrBAjZ,1,0,0,0,0,1
KMBKaD,1,0,0,0,0,1
ZdRrQV,0,1,1,0,0,2
1r2oRg,1,0,0,0,0,1
kYRBkZ,1,0,0,0,0,1
oAVLzb,1,0,0,0,0,1
aBrqzZ,0,1,0,0,0,1
rlrMvX,1,0,0,0,0,1
EPb76l,1,0,0,0,0,1
24xGDM,1,0,0,0,0,1
7d9rPa,0,1,0,0,0,1
DVv69R,1,0,0,0,0,1
42NVdA,1,1,0,0,0,2
g5N6OP,1,0,0,0,0,1
J2kvZR,1,0,0,0,0,1
RzBylj,0,1,1,0,0,2
qbE1zO,0,1,0,0,0,1
jB9AEQ,1,0,0,0,0,1
xdN5ov,1,0,0,0,0,1
9dJja5,1,0,0,0,0,1
EPb7N2,1,0,0,0,0,1
kYRBQe,1,0,0,0,0,1
24xGVD,0,1,0,0,0,1
VZ1O46,1,0,0,0,0,1
PABJee,1,0,0,0,0,1
eBxWYQ,0,1,1,0,0,2
qbE1NO,1,0,0,0,0,1
oAVLaP,1,0,0,0,0,1
LdMLgl,1,0,0,0,0,1
ylq5zd,1,0,0,0,0,1
NAB1EO,1,0,0,0,0,1
7d9rj0,0,1,0,0,0,1
ZdRrKB,1,0,0,0,0,1
xdN56d,1,1,0,0,0,2
rlrMg2,0,1,1,0,0,2
qbE1pg,0,1,0,0,0,1
pLPpXJ,1,0,0,0,0,1
xdN5vk,1,0,0,0,0,1
vNx5a0,1,0,0,0,0,1
LdML6J,1,0,0,0,0,1
bl4QML,1,0,0,0,0,1
6dQEyJ,0,1,0,0,0,1
xdN5L5,1,0,0,0,0,1
OABMra,1,0,0,0,0,1
jB9AgQ,1,0,0,0,0,1
EPb7AB,1,0,0,0,0,1
GrBAQO,1,0,0,0,0,1
lNlk9v,1,0,0,0,0,1
eBxWox,1,0,0,0,0,1
VZ1OyM,1,1,0,0,0,2
KMBKNV,1,0,0,0,0,1
OABMyY,1,0,0,0,0,1
WApVjR,0,1,1,0,0,2
OABMKR,1,0,0,0,0,1
YZzlyW,1,0,0,0,0,1
BGbWVK,0,1,0,0,0,1
XeBPyL,1,0,0,0,0,1
VZ1OBg,1,0,0,0,0,1
1r2ox1,0,1,1,0,0,2
LdMLVl,1,0,0,0,0,1
oAVLQO,1,0,0,0,0,1
pLPpNJ,1,0,0,0,0,1
eBxWPk,1,0,0,0,0,1
VZ1Oxj,1,0,0,0,0,1
zKQ54R,1,0,0,0,0,1
Albeyl,1,0,0,0,0,1
eBxWyl,1,1,0,0,0,2
rlrM1R,0,1,0,1,0,2
24xGZD,1,0,0,0,0,1
VZ1Oyy,1,0,0,0,0,1
XeBPdg,1,0,0,0,0,1
rlrMRN,1,0,0,0,0,1
6dQEGk,0,1,0,0,0,1
EPb7YB,1,0,0,0,0,1
7d9rEa,1,0,0,0,0,1
ylq5Rx,1,0,0,0,0,1
MAdpgk,1,0,0,0,0,1
g5N6vJ,1,0,0,0,0,1
0EjRlB,0,1,0,0,0,1
9dJjPQ,1,0,0,0,0,1
AlbeND,0,1,0,0,0,1
OABMkM,1,0,0,0,0,1
zKQ5dk,0,0,0,0,1,1
7d9rgR,1,0,0,0,0,1
vNx5pl,1,0,0,0,0,1
EPb7e4,1,0,0,0,0,1
DVv6PZ,1,0,0,0,0,1
MAdpPk,0,1,0,0,0,1
ylq5rg,0,1,0,0,0,1
24xG7M,0,1,0,0,0,1
bl4Qz6,1,0,0,0,0,1
6dQE9Y,1,0,0,0,0,1
eBxWvQ,0,1,0,0,0,1
ZdRrXo,1,0,0,0,0,1
24xGy9,0,1,1,0,1,3
xdN57r,0,1,1,0,0,2
lNlkXk,1,0,0,0,0,1
9dJjyV,0,1,0,0,0,1
RzBy19,1,0,0,0,0,1
J2kvgK,1,0,0,0,0,1
J2kvbo,1,0,0,0,0,1
DVv6ZE,0,1,0,1,0,2
aBrq1B,1,0,0,0,0,1
XeBPvY,0,1,0,0,0,1
ZdRrAo,1,0,0,0,0,1
NAB1O0,1,0,0,0,0,1
J2kvBr,1,0,0,0,0,1
ylq5px,0,1,0,0,0,1
KMBKRg,1,0,0,0,0,1
OABMyg,1,0,0,0,0,1
oAVLax,1,0,0,0,0,1
VZ1OXg,0,1,0,0,0,1
WApVdv,1,0,0,0,0,1
aBrqXB,0,1,0,0,0,1
EPb7rr,1,1,0,1,0,3
NAB1gO,1,0,0,0,0,1
XeBPkY,1,1,0,0,0,2
vNx5Wg,1,0,0,0,0,1
LdMLOy,1,0,0,0,0,1
aBrqa2,1,1,0,0,0,2
WApVXN,0,1,0,0,0,1
OABMeg,1,0,0,0,0,1
NAB1xl,0,1,0,0,0,1
dY2ekV,0,1,1,1,0,3
LdMLBv,0,1,0,0,0,1
Albe0e,0,1,0,1,0,2
eBxW8e,1,1,1,0,0,3
8dp4V5,1,0,0,0,0,1
1r2ozp,1,0,0,0,0,1
DVv6al,1,1,1,0,0,3
QABl4Y,1,1,0,0,0,2
DVv6EZ,1,1,0,0,0,2
J2kvxR,1,0,0,0,0,1
eBxWGe,0,1,0,0,0,1
KMBKA8,1,0,0,0,0,1
DVv6Wl,1,0,0,0,0,1
QABlyG,1,0,0,0,0,1
pLPp58,1,0,0,0,0,1
VZ1Oqj,1,0,0,0,0,1
XeBPNP,0,1,1,0,0,2
jB9Aq4,1,0,0,0,0,1
qbE1M9,0,1,0,0,0,1
5dqPON,1,0,0,0,0,1
rlrMW2,1,0,0,0,0,1
dY2ezr,0,1,0,0,0,1
oAVLgb,1,0,0,0,0,1
GrBAaZ,1,0,0,0,0,1
7d9rOZ,1,0,0,0,0,1
kYRB1e,0,1,1,0,0,2
24xGzj,1,1,0,0,0,2
XeBPQP,0,1,0,0,0,1
9dJj4E,1,0,0,0,0,1
MAdpqA,1,0,0,0,0,1
AlbeOz,1,0,0,0,0,1
NAB1Qj,1,0,0,0,0,1
GrBA5O,1,0,0,0,0,1
24xGYj,1,0,0,0,0,1
kYRBXR,1,0,0,0,0,1
WApV6N,1,0,0,0,0,1
dY2eXo,1,0,0,0,0,1
QABlp7,1,0,0,0,0,1
ylq5GX,1,0,0,0,0,1
EPb7Al,1,0,0,0,0,1
42NVEA,0,1,0,0,0,1
aBrqgb,0,1,1,0,0,2
42NVYX,0,0,1,0,0,1
oAVL1x,1,0,0,0,0,1
KMBKZV,1,0,0,0,0,1
1r2oyl,1,0,0,0,0,1
42NVEr,1,0,0,0,0,1
g5N614,0,1,0,0,0,1
0EjRyj,1,0,1,0,0,2
6dQEzJ,1,0,0,0,0,1
jB9Ara,1,0,0,0,0,1
dY2e4K,0,1,0,0,0,1
zKQ5vM,1,0,0,0,0,1
YZzlgW,1,0,0,0,0,1
pLPpZ1,1,1,0,0,0,2
J2kvro,1,0,0,0,0,1
xdN5B5,0,1,0,0,0,1
rlrMp2,1,0,0,0,0,1
QABlWG,1,0,0,0,0,1
vNx5d4,1,0,0,0,0,1
jB9AzQ,1,1,0,0,0,2
MAdp2M,1,0,0,0,0,1
7d9rYZ,1,0,0,0,0,1
g5N6XO,1,0,0,0,0,1
PABJr1,0,1,1,0,0,2
RzByg4,1,1,0,0,0,2
MAdpGl,0,1,0,0,0,1
g5N6rD,0,1,0,0,0,1
RzByaj,1,1,0,0,0,2
PABJLV,1,0,0,0,0,1
GrBA4k,1,0,0,0,0,1
zKQ5o0,1,0,0,0,0,1
dY2eyA,0,0,1,0,0,1
GrBAOp,1,0,0,0,0,1
qbE1QY,0,0,1,0,0,1
9dJj0p,1,0,0,0,0,1
EPb77N,0,1,1,0,0,2
YZzlbB,1,0,0,0,0,1
Albeek,1,1,0,0,0,2
WApV7a,1,0,0,0,0,1
kYRBPM,1,0,0,0,0,1
GrBAAo,1,0,0,0,0,1
rlrMMl,1,0,0,0,0,1
VZ1Oag,1,0,0,0,0,1
5dqPa6,1,0,0,0,0,1
J2kvj4,1,0,0,0,0,1
XeBPAj,0,0,0,1,0,1
24xGdL,1,0,0,0,0,1
qbE117,1,0,0,0,0,1
42NVVk,1,0,0,0,0,1
5dqPYo,1,0,0,0,0,1
J2kv4d,0,1,0,0,0,1
EPb7VX,1,0,1,0,0,2
LdMLxj,1,1,0,0,0,2
1r2o0Q,0,1,0,0,0,1
bl4QJo,1,0,0,0,0,1
42NV6b,0,1,0,0,0,1
aBrqJv,1,0,0,0,0,1
OABMM7,1,0,0,0,0,1
42NVMb,0,1,0,0,0,1
WApVaj,1,0,0,0,0,1
RzByQ9,1,1,0,0,0,2
OABMM8,1,0,0,0,0,1
42NVlk,1,1,0,0,0,2
XeBP6j,0,1,0,0,0,1
WApVLJ,0,1,1,0,0,2
eBxWWO,1,0,0,0,0,1
PABJqb,1,0,0,0,0,1
6dQEBB,1,0,0,0,0,1
GrBAEp,1,0,0,0,0,1
xdN5qo,0,1,0,0,0,1
g5N6VO,1,0,0,0,0,1
eBxWXO,1,0,0,0,0,1
KMBKj7,1,0,0,0,0,1
5dqP06,0,1,0,1,0,2
zKQ58a,0,1,0,0,0,1
EPb7RN,1,0,0,0,0,1
DVv685,0,1,0,0,0,1
RzByed,1,0,0,0,0,1
oAVLjV,1,0,0,0,0,1
dY2ery,0,1,0,0,0,1
pLPp2b,1,1,0,0,0,2
QABlN8,1,0,0,0,0,1
GrBAZj,0,1,0,0,0,1
YZzl75,1,0,0,0,0,1
ylq58B,0,1,1,0,0,2
ylq5AB,0,1,0,0,0,1
AlbeR0,1,1,0,0,0,2
dY2eoo,1,0,0,0,0,1
YZzlAd,1,0,0,0,0,1
NAB1NB,1,0,0,0,0,1
aBrqR9,0,1,0,0,0,1
LdMLr1,1,0,0,0,0,1
zKQ5k1,1,0,0,0,0,1
42NVbO,0,1,0,0,1,2
oAVLJ1,0,1,0,0,0,1
jB9AN6,1,0,0,0,0,1
qbE1l7,1,0,0,0,0,1
42NV0X,1,0,0,0,0,1
7d9rrA,0,1,0,0,0,1
5dqPNM,1,1,0,0,0,2
ZdRrbz,0,1,0,0,0,1
vNx5RA,1,0,0,0,0,1
0EjRqN,1,0,0,0,0,1
vNx59Q,0,1,0,1,0,2
EPb72o,1,1,1,1,0,4
dY2eJq,1,0,0,0,0,1
g5N6od,1,0,0,0,0,1
PABJxb,0,1,1,1,0,3
6dQEEB,1,0,0,0,0,1
6dQE6P,0,1,1,0,0,2
pLPpYq,1,0,0,0,0,1
RzByyJ,0,1,0,0,0,1
XeBP7g,1,0,0,0,0,1
rlrM8l,0,1,1,0,0,2
RzByqd,1,0,0,0,0,1
9dJjKY,0,1,0,0,0,1
RzByNl,0,1,1,1,0,3
VZ1O7J,0,1,0,0,0,1
vNx5kd,0,1,0,0,0,1
8dp4DO,1,0,0,0,0,1
7d9rkA,1,0,0,0,0,1
GrBAAp,0,1,0,0,0,1
rlrMQN,1,0,0,0,0,1
GrBAW2,0,1,0,0,0,1
6dQEqe,1,0,0,0,0,1
RzBypp,1,0,0,0,0,1
zKQ5AR,1,0,0,0,0,1
eBxWg0,1,0,0,0,0,1
jB9AAx,1,0,0,0,0,1
oAVLLV,0,1,0,0,0,1
YZzl6d,1,0,0,0,0,1
g5N6EN,0,1,1,0,0,2
xdN5AG,1,1,0,0,0,2
lNlkp5,1,0,0,0,0,1
ZdRrBy,1,1,0,0,0,2
YZzl2q,1,0,0,0,0,1
rlrM75,1,0,0,0,0,1
zKQ5Ba,0,1,1,0,0,2
0EjRX0,0,1,0,0,0,1
VZ1OgE,1,0,0,0,0,1
9dJjjY,1,1,0,0,0,2
J2kvE4,1,0,0,0,0,1
rlrM4M,1,0,0,0,0,1
1r2oLM,1,0,0,0,0,1
8dp4Bx,1,1,0,0,0,2
jB9A4a,1,0,0,0,0,1
42NVVO,1,0,0,0,0,1
bl4QRg,1,0,0,0,0,1
pLPpqq,1,0,0,0,0,1
AlbeXk,1,0,0,0,0,1
42NV6O,1,0,0,0,0,1
GrBAM2,1,0,0,0,0,1
LdML4j,1,1,0,1,0,3
42NVeB,1,0,0,0,0,1
QABllp,1,0,0,0,0,1
RzByNJ,1,0,0,0,0,1
oAVLP1,1,0,0,0,0,1
kYRBj1,1,0,0,0,0,1
EPb79q,1,0,0,0,0,1
aBrqMq,0,1,0,0,0,1
GrBAVZ,1,0,0,0,0,1
5dqP7d,1,0,0,0,0,1
kYRBL6,1,0,0,0,0,1
DVv6oR,0,0,1,0,0,1
GrBAGj,1,0,0,0,0,1
24xG9L,1,0,0,0,0,1
lNlkGW,0,1,0,0,0,1
vNx58v,1,0,0,0,0,1
g5N6BN,0,0,1,0,0,1
OABMRK,1,0,0,0,0,1
eBxWVq,1,0,0,0,0,1
g5N621,1,0,0,0,0,1
5dqPJM,0,1,0,0,0,1
7d9ryL,1,1,0,0,0,2
aBrq7E,1,0,0,0,0,1
XeBPa4,1,0,0,0,0,1
kYRBqJ,1,1,0,0,0,2
24xGGL,1,0,0,0,0,1
aBrqqq,1,0,0,0,0,1
VZ1O6v,1,0,0,0,0,1
jB9AjR,0,1,0,0,0,1
AlbeM0,1,1,1,1,0,4
NAB1ZQ,1,1,0,0,0,2
xdN5GG,1,0,0,0,0,1
oAVLJX,0,1,1,1,0,3
lNlkx5,1,0,0,0,0,1
ZdRrqa,0,1,0,0,0,1
OABM28,1,0,0,0,0,1
xdN5by,1,1,0,0,0,2
ylq5Lp,1,0,0,0,0,1
0EjR96,1,0,0,0,0,1
dY2eMA,1,0,0,0,0,1
jB9A4x,1,0,0,0,0,1
42NV5B,0,1,0,0,0,1
oAVLZP,1,0,0,0,0,1
EPb77X,1,1,0,0,0,2
pLPpQV,1,1,1,0,0,3
OABMq7,0,1,0,0,0,1
PABJJ5,1,0,0,0,0,1
1r2oQQ,1,0,0,0,0,1
6dQEoO,1,0,0,0,0,1
24xG6V,0,1,1,0,0,2
lNlkkB,1,1,0,0,0,2
oAVL8e,1,0,0,0,0,1
rlrMz5,1,0,0,0,0,1
42NV0k,1,0,0,0,0,1
MAdpZp,0,1,0,0,0,1
eBxW4E,1,1,0,0,0,2
rlrM4v,1,0,0,0,0,1
OABMx7,1,1,0,0,0,2
OABMZR,0,1,0,0,0,1
GrBAPo,0,1,0,0,0,1
PABJxQ,1,0,0,0,0,1
jB9AKR,1,0,0,0,0,1
QABl98,0,1,0,0,0,1
xdN55y,0,1,0,0,0,1
lNlk8B,1,0,0,0,0,1
NAB1kW,1,0,0,0,0,1
PABJQ5,1,0,0,0,0,1
dY2eOz,0,1,0,0,0,1
LdML8G,1,0,0,0,0,1
ylq5O0,0,1,0,0,0,1
9dJjAp,1,0,0,0,0,1
NAB1GW,0,1,0,0,0,1
GrBAGo,0,1,0,0,0,1
7d9rG9,1,0,0,0,0,1
24xGWV,0,1,0,0,0,1
5dqPRP,0,1,1,0,0,2
KMBK9M,1,0,0,0,0,1
kYRB26,1,0,0,0,0,1
ZdRrry,1,1,0,1,0,3
g5N6ld,1,1,0,0,0,2
DVv6Qj,1,0,0,0,0,1
aBrqW9,0,1,0,0,0,1
MAdpxX,1,0,0,0,0,1
rlrM9l,1,0,0,0,0,1
7d9r0P,1,0,0,0,0,1
BGbWRN,1,1,0,0,0,2
BGbWNA,0,0,0,0,1,1
xdN5Wo,1,0,0,0,0,1
9dJjb1,0,1,1,0,0,2
bl4Q1g,1,0,0,0,0,1
9dJjeG,1,0,0,0,0,1
J2kvPd,1,1,0,0,0,2
EPb7oX,1,0,0,0,0,1
RzByAl,1,0,0,0,0,1
PABJKd,0,1,1,0,0,2
42NVZb,0,1,0,0,0,1
QABlZg,0,1,0,0,0,1
kYRBBM,1,1,0,0,0,2
qbE1r2,0,1,1,1,0,3
vNx55Q,1,0,0,0,0,1
YZzll5,1,0,0,0,0,1
QABlQp,1,1,0,0,0,2
jB9ARE,1,0,0,0,0,1
EPb7Ro,1,1,0,0,0,2
9dJjz4,1,0,0,0,0,1
qbElL5,1,0,0,0,0,1
RzBy7P,1,0,0,0,0,1
pLPpjE,0,1,1,0,0,2
jB9AO6,1,0,0,0,0,1
BGbWMA,1,1,0,0,0,2
dY2yqN,,,,,,0
ylqaNd,1,1,0,0,0,2
zKQ5P8,1,0,0,0,0,1
24xGqb,1,0,0,0,0,1
MAdpog,1,0,0,0,0,1
YZzAPv,0,0,1,0,0,1
NAB1Kb,1,0,0,0,0,1
qbE1xk,0,1,0,1,0,2
PABqjP,1,0,0,0,0,1
rlrMx5,0,1,0,0,0,1
oAVj6M,1,0,0,0,0,1
rlrZ5X,1,0,0,0,0,1
OABN4a,,,,,,0
aBrMNW,1,0,0,0,0,1
ZdRrpv,0,1,0,0,0,1
VZ16zj,0,1,0,1,0,2
0EjWQP,0,1,0,0,0,1
24x6Eg,1,0,0,0,0,1
zKQ6jg,1,0,0,0,0,1
24x6XM,1,0,0,0,0,1
5dqAXv,1,0,0,0,0,1
bl4Jq7,0,1,0,0,0,1
OABMpA,1,0,0,0,0,1
qbElGO,0,1,0,0,0,1
WAp79L,0,1,1,0,0,2
PABq11,1,0,0,0,0,1
eBxWdo,1,0,0,0,0,1
QABlgk,0,1,1,0,0,2
NABZrp,0,1,0,0,0,1
8dp4vo,1,0,0,0,0,1
oAVL4M,0,1,0,0,0,1
8dplLl,0,1,0,0,0,1
MAdxD8,0,1,0,0,0,1
VZ16pN,0,0,1,0,0,1
jB9VDY,0,1,1,0,0,2
bl4J97,0,1,0,0,0,1
zKQ6xZ,1,1,0,0,0,2
6dQEb5,0,1,1,0,0,2
0EjWrQ,1,0,0,0,0,1
ZdRBOV,1,0,0,0,0,1
MAdxeE,0,1,0,0,0,1
VZ16p6,1,0,0,0,0,1
lNlEBX,1,0,0,0,0,1
dY2eLN,0,1,1,0,0,2
rlrZOo,0,1,0,0,0,1
Albe1W,1,0,0,0,0,1
1r2o1L,1,1,0,0,0,2
VZ16G6,1,1,0,0,0,2
zKQ6YM,1,0,0,0,0,1
BGbRde,0,1,0,0,0,1
rlrMNL,1,0,0,0,0,1
LdMLA2,1,1,0,0,0,2
42NbKA,1,0,0,0,0,1
lNlEbV,1,1,1,0,0,3
pLP2rP,0,1,1,0,0,2
DVv6rp,1,0,0,0,0,1
lNlko6,1,0,0,0,0,1
eBxW1o,1,0,0,0,0,1
VZ16El,1,1,0,0,0,2
BGbWPY,1,1,0,0,0,2
AlbX7o,0,1,0,0,0,1
oAVLrM,1,0,0,0,0,1
1r2aW4,1,0,0,0,0,1
RzB9Kv,1,0,0,0,0,1
5dqAzE,1,1,0,0,0,2
1r2oqO,1,0,0,0,0,1
42NbKr,0,1,0,0,0,1
24x6PD,1,0,0,0,0,1
OABNlM,1,0,0,0,0,1
8dp47Y,0,1,0,0,0,1
RzB9WQ,1,0,0,0,0,1
jB9VZ1,0,1,0,0,0,1
oAVj2b,1,0,0,0,0,1
jB9VlQ,1,0,0,0,0,1
GrBA2z,1,0,0,0,0,1
9dJKQ5,1,0,0,0,0,1
aBrMdX,1,0,0,0,0,1
EPbOWB,1,1,0,0,0,2
OABNQk,1,0,0,0,0,1
dY2yEV,0,1,0,0,0,1
vNx9Yl,1,0,0,0,0,1
dY2yWD,0,1,1,0,0,2
bl4J50,1,0,0,0,0,1
WAp7OL,1,0,0,0,0,1
zKQ6yk,1,0,0,0,0,1
DVvGKE,0,1,0,1,0,2
MAdxRk,1,0,0,0,0,1
YZzlN6,0,1,0,1,0,2
zKQ6Ng,0,1,0,1,0,2
pLP2ey,1,0,0,0,0,1
KMBjeD,1,0,0,0,0,1
KMBjzD,1,1,0,0,0,2
5dqAKb,1,0,0,0,0,1
vNx9eg,0,1,1,0,0,2
aBrM4Z,1,0,0,0,0,1
EPb74L,1,0,0,0,0,1
kYRPbd,1,0,0,0,0,1
PABq91,1,0,0,0,0,1
RzB9oK,0,1,0,0,0,1
jB9Vb1,0,1,1,0,0,2
qbE12k,1,0,0,0,0,1
J2k4dX,1,1,0,0,0,2
zKQ6DM,1,0,0,0,0,1
7d9kl6,1,0,0,0,0,1
8dplQz,1,0,0,0,0,1
QABQeY,0,1,0,1,0,2
6dQB8o,0,1,0,0,0,1
MAdxEk,1,0,0,0,0,1
6dQB7J,0,1,1,0,0,2
9dJK9E,1,0,0,0,0,1
XeBb0L,1,0,0,0,0,1
AlbX2y,0,1,0,0,0,1
QABQ5G,1,0,0,0,0,1
GrBPdk,1,0,0,0,0,1
kYRPEo,0,1,0,0,0,1
VZ165y,1,1,0,0,0,2
7d9kWR,1,0,0,0,0,1
xdNWMd,1,0,0,0,0,1
24x6jM,0,1,1,0,0,2
DVvGkl,1,0,0,0,0,1
7d9kx0,1,0,0,0,0,1
aBrMYb,1,0,0,0,0,1
XeBboP,1,0,0,0,0,1
oAVj9N,1,1,1,0,0,3
lNlEeo,0,1,1,0,0,2
LdM2zJ,1,0,0,0,0,1
YZzARv,0,1,1,0,1,3
bl4Je6,0,1,0,0,0,1
lNlEOo,1,0,0,0,0,1
rlrZDX,0,1,0,0,0,1
g5NoGD,1,0,0,0,0,1
vNx9Dg,0,1,0,0,0,1
dY2yar,1,0,0,0,0,1
PABqj0,0,1,1,0,0,2
42Nb7r,0,1,0,0,0,1
VZ16zM,1,0,0,0,0,1
8dplzr,1,0,0,0,0,1
g5N6RK,1,1,1,1,1,5
EPbO52,0,1,1,0,0,2
g5NoqP,0,1,0,0,0,1
KMBj1X,1,1,0,0,0,2
jB9VQJ,1,0,0,0,0,1
24xGMA,0,1,1,1,0,3
6dQBLN,1,0,0,0,0,1
xdNWav,1,0,0,0,0,1
ylqaYX,1,0,1,0,0,2
KMBjVX,1,1,0,0,0,2
8dplKP,0,1,0,0,0,1
oAVjb5,0,1,1,0,0,2
rlrZao,0,1,0,0,0,1
EPbOQr,1,0,0,0,0,1
OABN1k,0,1,1,0,0,2
WAp75v,1,0,0,0,0,1
QABQVX,0,1,0,0,0,1
OABMOp,1,0,0,0,0,1
VZ1ORl,0,1,1,0,0,2
oAVj65,1,1,0,0,0,2
YZzlE0,1,0,0,0,0,1
aBrMQW,1,0,0,0,0,1
rlrZA2,1,0,0,0,0,1
ylqa28,0,1,0,0,0,1
OABNQM,1,0,0,0,0,1
6dQBjA,1,0,0,0,0,1
BGbRxR,0,1,0,0,0,1
xdNWDd,1,0,0,0,0,1
pLPplE,1,0,0,0,0,1
eBxXZJ,0,1,1,0,0,2
BGbR7R,0,1,0,0,0,1
EPbOxB,1,0,0,0,0,1
qbElA9,1,0,0,0,0,1
0EjW6B,1,0,0,0,0,1
xdNWx9,0,1,1,1,0,3
PABJad,0,1,0,0,0,1
BGbRpe,1,0,0,0,0,1
WAp7Ee,0,1,0,0,0,1
DVvGdN,0,1,1,0,0,2
EPbOqA,1,0,0,0,0,1
42NbXo,1,0,0,0,0,1
qbElDO,0,1,1,0,0,2
kYRBDj,1,0,0,0,0,1
lNlkJp,0,1,0,0,0,1
24x68b,0,1,1,0,0,2
VZ16j6,0,1,0,0,0,1
1r2aA4,0,1,0,0,0,1
xdNWa5,1,0,0,0,0,1
8dplNk,1,0,0,0,0,1
BGbRXK,1,1,1,1,0,4
J2k4AK,1,0,0,0,0,1
NABZWj,1,0,0,0,0,1
1r2a91,1,0,0,0,0,1
42NbB5,0,1,1,0,0,2
aBrM5Z,0,1,0,1,0,2
0EjRN0,1,1,0,0,0,2
oAVjDN,0,1,0,0,0,1
pLP2dP,1,0,0,0,0,1
VZ16Qj,1,0,0,0,0,1
PABJa0,1,0,0,0,0,1
g5N6yK,1,1,0,0,0,2
NABZl0,0,0,1,0,1,2
AlbXve,1,0,0,0,0,1
GrBP6O,1,1,0,0,0,2
NABZoO,0,1,0,0,0,1
KMBj5g,1,0,0,0,0,1
lNlErN,1,1,0,0,0,2
42NbxA,1,0,0,0,0,1
OABN7a,0,1,1,0,0,2
DVvGBE,0,1,0,0,0,1
LdMLRO,1,1,1,0,0,3
6dQBeN,0,1,0,0,0,1
5dqPWP,1,1,0,0,0,2
ZdRBEV,1,0,0,0,0,1
8dploo,0,1,0,0,0,1
0EjW7A,0,1,0,0,0,1
0EjWOB,0,1,0,1,0,2
xdNWJd,1,1,0,0,0,2
dY2yNV,1,0,0,0,0,1
0EjR2Q,0,0,0,1,0,1
qbEla5,0,1,0,0,0,1
YZzAaW,0,1,1,0,0,2
AlbXlz,,,,,,0
OABNAg,1,0,0,0,0,1
NABZVl,0,1,0,0,0,1
0EjWj6,,,,,,0
24x649,1,1,1,0,0,3
dY2yYK,1,0,0,0,0,1
0EjWLN,0,1,0,0,0,1
DVvGNZ,0,1,0,0,0,1
MAdx5M,1,0,0,0,0,1
zKQ6eR,1,0,0,0,0,1
NABZ0l,0,1,1,0,0,2
vNx920,0,1,1,0,0,2
RzB9zj,1,0,0,0,0,1
EPbOJX,1,0,0,0,0,1
oAVjvM,,,,,,0
9dJK1Q,0,1,0,0,0,1
EPbOPr,1,0,0,0,0,1
J2k42R,0,1,1,0,0,2
ylqaq4,1,0,0,0,0,1
8dplpx,1,0,0,0,0,1
rlrZLl,1,0,0,0,0,1
eBxX20,0,1,0,0,0,1
DVvGDq,1,0,0,0,0,1
42NboO,0,1,0,0,0,1
dY2yPo,1,0,0,0,0,1
GrBPJo,0,1,1,0,0,2
zKQ6W1,1,0,0,0,0,1
EPbOJN,0,0,1,0,0,1
eBxXL0,0,1,0,0,0,1
EPbO04,1,0,0,0,0,1
PABql5,0,1,0,0,0,1
1r2aEp,1,0,0,0,0,1
1r2avQ,0,1,0,0,0,1
aBrMrq,1,0,0,0,0,1
5dqAEM,0,0,1,0,0,1
rlrZdl,0,1,0,0,0,1
aBrMGB,0,1,0,0,0,1
kYRP51,1,0,0,0,0,1
PABqX5,1,0,0,0,0,1
ylqaop,0,1,0,0,0,1
5dqAeP,1,0,0,0,0,1
aBrMK9,0,1,0,0,0,1
aBrMEv,1,0,0,0,0,1
MAdxOM,0,1,1,0,0,2
PABqbd,0,1,0,0,0,1
ZdRBP0,1,0,0,0,0,1
g5NoJ1,1,0,0,0,0,1
VZ16bE,1,0,0,0,0,1
VZ168g,1,1,0,0,0,2
xdNWPy,1,0,0,0,0,1
oAVjyx,1,0,0,0,0,1
ZdRBYz,0,1,0,0,0,1
6dQBOB,0,1,0,0,0,1
QABQr7,1,0,0,0,0,1
aBrM0v,1,0,0,0,0,1
bl4J62,1,0,0,0,0,1
ZdRBRy,1,0,0,0,0,1
DVvGJq,1,0,0,0,0,1
42Nb1b,1,0,0,0,0,1
qbElY2,0,1,1,0,0,2
ZdRBZa,0,1,0,0,0,1
OABNzg,0,1,0,0,0,1
xdNW0o,1,0,0,0,0,1
xdNWPo,0,1,0,0,0,1
kYRPZR,0,1,0,1,0,2
J2k4D4,1,0,0,0,0,1
9dJKo1,1,0,0,0,0,1
kYRPpd,1,0,0,0,0,1
BGbRD5,1,0,0,0,0,1
rlrZlR,1,0,0,0,0,1
AlbXqk,0,1,1,0,0,2
rlrZKN,1,0,0,0,0,1
MAdxAA,1,0,0,0,0,1
AlbXWB,0,1,0,1,0,2
MAdxYp,1,0,0,0,0,1
oAVjKX,1,0,0,0,0,1
rlrZ2M,1,0,0,0,0,1
YZzAx6,1,1,0,0,0,2
bl4JY2,1,1,1,1,0,4
OABNdp,1,1,0,0,0,2
oAVjBP,1,0,0,0,0,1
WAp70N,0,1,0,0,0,1
LdM20v,1,1,0,0,0,2
lNlE46,1,0,0,0,0,1
DVvGbX,1,0,0,0,0,1
lNlE0W,1,0,0,0,0,1
KMBj08,0,1,1,0,0,2
jB9VJ6,0,1,1,0,0,2
YZzAVq,1,1,0,1,0,3
jB9Vz9,0,1,0,0,0,1
0EjWPy,1,0,0,0,0,1
42NbpB,0,1,0,0,0,1
42NbGd,1,0,0,0,0,1
1r2aNO,0,1,0,0,0,1
PABq2b,1,0,0,0,0,1
NABZBQ,1,0,0,0,0,1
NABZLB,1,0,0,0,0,1
lNlENv,1,0,0,0,0,1
WAp7Pj,1,1,0,1,0,3
rlrZqL,0,1,1,0,0,2
kYRPxZ,0,1,1,1,0,3
24x6JL,0,1,0,0,0,1
AlbX9N,0,1,0,0,0,1
VZ16Zy,1,0,0,0,0,1
9dJK44,1,0,0,0,0,1
YZzAzd,0,1,0,0,0,1
RzB9gQ,1,0,0,0,0,1
XeBbB4,0,1,0,0,0,1
24x67A,0,1,0,0,0,1
zKQ6G8,0,1,1,1,0,3
qbElE7,0,1,0,0,0,1
PABqGd,1,1,0,0,0,2
qbElN8,0,1,0,1,0,2
9dJKWV,1,0,0,0,0,1
rlrZgp,0,1,0,0,0,1
ylqa04,1,0,0,0,0,1
0EjWZ0,1,0,0,0,0,1
lNlEyv,1,1,1,1,0,4
g5Nok1,0,1,1,1,0,3
1r2a6L,1,0,0,0,0,1
g5NoNd,1,0,0,0,0,1
LdM2qy,1,0,0,0,0,1
DVvGYX,1,1,0,0,0,2
zKQ6OZ,1,0,0,0,0,1
bl4JE6,0,1,0,0,0,1
xdNWLd,1,0,0,0,0,1
zKQ6gZ,0,1,0,0,0,1
QABQkk,0,1,1,0,0,2
OABNL7,1,0,0,0,0,1
24x6ge,1,0,0,0,0,1
NABZyp,0,0,1,0,0,1
jB9Vk6,0,0,0,0,1,1
VZ16y6,1,0,0,0,0,1
pLP24V,0,1,0,1,0,2
6dQBM5,1,0,0,0,0,1
24x6lA,0,1,0,0,0,1
rlrZQo,1,0,0,0,0,1
42NbNO,1,1,0,0,0,2
jB9VY1,1,0,0,0,0,1
RzB9kP,0,0,0,0,1,1
24x67b,1,1,0,0,0,2
YZzAZJ,1,0,0,0,0,1
zKQ6Za,1,0,0,0,0,1
g5NogM,0,1,1,0,0,2
VZ16MJ,1,0,0,0,0,1
pLP2Pb,1,0,0,0,0,1
LdM2NJ,0,1,0,1,0,2
bl4JOL,1,0,0,0,0,1
bl4Jy7,1,1,0,0,0,2
NABZv0,1,0,0,0,0,1
42NbLk,0,1,0,0,0,1
9dJKvp,1,1,0,0,0,2
6dQB4o,0,1,0,0,0,1
kYRPO6,0,1,1,1,0,3
ZdRBy5,1,0,0,0,0,1
oAVj01,1,0,0,0,0,1
AlbX8D,0,1,1,0,0,2
VZ16Mv,1,0,0,0,0,1
pLP261,1,0,0,0,0,1
vNx9Vg,1,0,0,0,0,1
vNx9K8,0,1,0,1,0,2
qbElBG,0,1,0,0,0,1
7d9kj6,1,0,0,0,0,1
KMBjkK,1,0,0,0,0,1
vNx9z8,0,1,0,0,0,1
zKQ6Ja,1,1,1,0,0,3
AlbXOy,1,0,0,0,0,1
PABqr0,1,1,0,0,0,2
dY2yXr,0,1,0,0,0,1
jB9VrQ,0,1,1,0,0,2
GrBPq2,0,1,0,0,0,1
7d9k52,0,1,1,0,0,2
0EjW5A,1,1,0,0,0,2
KMBjGK,1,1,0,1,0,3
vNx9gX,0,1,1,0,0,2
bl4J4o,1,0,0,0,0,1
24x6Rb,0,1,0,0,0,1
dY2ygD,1,0,0,0,0,1
ylqar8,0,1,0,0,0,1
DVvG9l,0,1,1,1,1,4
RzB92v,0,1,0,1,0,2
jB9V7x,0,1,0,0,0,1
EPbO6L,1,0,0,0,0,1
jB9VB4,1,0,0,0,0,1
xdNWv9,1,0,0,0,0,1
5dqApP,1,1,0,0,0,2
LdM2k2,1,0,0,0,0,1
vNx9Lv,0,1,1,0,0,2
zKQ64k,1,1,0,0,0,2
5dqAko,0,1,1,0,0,2
pLP2zE,1,0,0,0,0,1
NABZQp,1,0,0,0,0,1
lNlE5V,1,0,0,0,0,1
VZ16Nl,1,0,0,0,0,1
0EjWyA,0,1,0,0,0,1
EPbOel,0,1,0,1,0,2
OABNKa,0,1,0,0,0,1
8dplAA,1,0,0,0,0,1
oAVjpN,1,0,0,0,0,1
1r2agg,0,1,0,0,0,1
EPbOgA,1,0,0,0,0,1
lNlEZX,1,0,0,0,0,1
5dqAgN,1,0,0,0,0,1
RzB9z9,1,1,1,0,0,3
5dqADQ,1,0,0,0,0,1
24x6ze,1,0,0,0,0,1
jB9V21,1,0,0,0,0,1
0EjWGP,0,1,0,0,0,1
aBrMxB,1,1,0,0,0,2
KMBjAg,1,0,0,0,0,1
AlbXGl,0,1,1,0,0,2
9dJKR1,1,0,0,0,0,1
LdM2E1,1,0,0,0,0,1
6dQBzA,1,1,0,0,0,2
dY2yKz,1,0,0,0,0,1
MAdxdX,0,1,0,0,0,1
6dQByN,1,0,0,0,0,1
dY2y1V,1,1,0,0,0,2
42NbAb,1,0,0,0,0,1
rlrZlN,0,1,1,0,0,2
VZ16xN,0,1,0,0,0,1
OABNdK,1,0,0,0,0,1
VZ16oa,1,0,0,0,0,1
zKQ6zR,0,1,1,0,0,2
NABZJQ,1,0,0,0,0,1
lNlE8N,,,,,,0
PABqqe,1,0,0,0,0,1
ylqa8X,1,0,0,0,0,1
KMBj2X,1,0,0,0,0,1
KMBjbA,,,,,,0
kYRP2R,1,0,0,0,0,1
jB9VRa,0,1,0,0,0,1
aBrMLB,0,1,1,0,0,2
YZzAAJ,0,1,0,0,0,1
VZ16Ra,,,,,,0
DVvGGZ,0,1,0,0,0,1
GrBPVL,1,0,0,0,0,1
9dJK05,0,1,0,1,0,2
24x6G9,1,1,0,0,0,2
rlrZQ2,0,1,0,0,0,1
YZzA1B,1,0,0,0,0,1
xdNW7d,0,1,1,0,0,2
ylqaBg,1,0,0,0,0,1
jB9V84,1,0,0,0,0,1
vNx95D,1,1,0,0,0,2
LdM22p,1,1,0,0,0,2
NABZ2j,1,1,0,0,0,2
RzB9yj,1,1,0,0,0,2
qbElqg,1,0,0,0,0,1
GrBPPk,1,1,0,0,0,2
DVvGQq,,,,,,0
EPbOpX,1,0,0,0,0,1
6dQBgk,1,0,0,0,0,1
VZ16Wy,0,1,0,1,0,2
GrBP8o,1,0,0,0,0,1
MAdxWM,0,1,0,0,0,1
J2k4Po,1,0,0,0,0,1
GrBP2o,1,0,0,0,0,1
1r2a1W,1,0,0,0,0,1
AlbXXz,1,0,0,0,0,1
lNlExk,1,0,0,0,0,1
EPbRko,1,0,1,0,0,2
g5NoBl,0,0,0,1,0,1
LdM2A1,0,1,0,0,0,1
24x6QL,1,0,0,0,0,1
bl4pZ2,0,1,0,0,0,1
oAVj4V,0,1,0,0,0,1
QABQ6p,1,0,0,0,0,1
XeBbbY,0,1,1,0,0,2
KMBjKV,1,1,0,0,0,2
24x62j,1,0,0,0,0,1
oAVjrV,0,1,1,0,0,2
aBrMWv,1,0,0,0,0,1
9dJK8Q,1,0,0,0,0,1
rlrZZR,0,1,0,0,0,1
pLP2pB,1,0,0,0,0,1
24x6qV,0,1,0,0,0,1
EPbRKq,1,0,0,0,0,1
KMBEYM,1,0,1,0,0,2
qbElrG,0,1,0,0,0,1
1r2aol,0,1,0,0,0,1
RzB9XJ,1,0,0,0,0,1
rlrZ8R,1,0,0,0,0,1
5dq7BM,1,1,0,1,0,3
5dq7KM,1,0,0,0,0,1
oAVP61,0,1,1,0,0,2
1r2ajQ,1,0,0,0,0,1
5dq7bP,1,0,0,0,0,1
DVv8kp,0,1,0,0,0,1
BGbRPN,0,1,0,1,0,2
YZzABW,0,1,0,0,0,1
zKQ6pq,1,0,0,0,0,1
zKQ9E8,1,0,0,0,0,1
vNxZPX,0,1,0,0,0,1
EPbRzo,1,1,0,0,0,2
9dJkGG,0,1,0,0,0,1
dY2yyK,0,1,1,1,0,3
42N6r5,1,0,0,0,0,1
eBxXOl,0,1,0,0,0,1
7d9krR,0,1,0,0,0,1
PABxD0,0,1,0,0,0,1
24x6qp,1,0,0,0,0,1
ZdR7OA,0,1,0,0,0,1
pLPEBP,1,0,0,0,0,1
YZzA85,1,0,0,0,0,1
AlbgPB,1,0,0,0,0,1
GrBPEL,0,1,0,0,0,1
OABNO7,1,0,0,0,0,1
dY2M0N,0,1,0,1,0,2
oAVP25,1,0,0,0,0,1
VZ1eGE,1,1,0,0,0,2
jB9RlY,1,0,0,0,0,1
6dQBXB,1,1,0,0,0,2
rlrZzv,0,1,0,0,0,1
J2kPqY,1,0,0,0,0,1
EPbOGB,0,1,0,0,0,1
eBxJ5E,0,1,0,0,0,1
ylqQJ6,1,0,0,0,0,1
QABZ2g,0,1,0,0,1,2
EPbRPl,0,1,1,0,0,2
bl4JPg,0,1,0,0,0,1
vNxZGA,1,0,0,0,0,1
YZz6ZN,0,1,0,0,0,1
0Ej9d0,1,0,0,0,0,1
AlbgBo,0,1,0,0,0,1
0Ej9BQ,0,1,0,0,0,1
1r2eXO,0,1,1,0,0,2
VZ16WM,1,0,0,0,0,1
vNx9oQ,1,0,0,0,0,1
GrBGvj,0,1,0,0,0,1
g5Nl9M,1,0,0,0,0,1
qbEl89,0,1,1,0,0,2
9dJkdE,0,1,0,0,0,1
VZ162v,1,0,0,0,0,1
bl4pVe,0,1,1,0,0,2
lNlG7v,1,0,0,0,0,1
aBrM8q,1,0,0,0,0,1
RzBNoP,1,0,0,0,0,1
EPbRQ2,1,0,0,0,0,1
ZdR7dV,0,1,0,0,0,1
8dpBdl,1,0,0,0,0,1
xdNqrJ,1,0,0,0,0,1
GrBGlQ,1,0,0,0,0,1
ZdRB40,1,0,0,0,0,1
7d9AW2,1,0,0,0,0,1
PABqMQ,1,0,0,0,0,1
jB9RGa,0,1,1,1,0,3
0Ej9V0,0,1,0,0,0,1
g5Nl5P,1,0,0,0,0,1
Albgdl,0,1,0,0,0,1
42N6Ak,1,0,0,0,0,1
zKQ9ME,0,1,1,0,0,2
DVv85N,1,0,0,0,0,1
VZ1e8M,0,1,1,0,0,2
aBrLEb,1,0,0,0,0,1
24x6Wj,0,1,1,0,0,2
pLPEL1,0,0,0,0,1,1
qbErYG,1,0,0,0,0,1
6dQlWP,1,0,0,0,0,1
OAB2Aa,1,1,1,0,0,3
OAB2b7,1,0,0,0,0,1
vNxZMd,1,0,0,0,0,1
eBxXVe,1,0,0,0,0,1
DVvG6Z,0,1,0,1,0,2
QABQqX,0,1,0,0,0,1
ZdR7Dy,0,1,0,0,0,1
GrBGXp,0,1,0,0,0,1
rlr4PX,1,0,0,0,0,1
LdMr0l,0,1,0,0,0,1
eBxJ00,1,0,0,0,0,1
zKQ90R,0,1,0,0,0,1
J2kPVo,0,1,1,0,0,2
42N6jr,0,0,1,0,0,1
qbErd5,0,1,0,0,0,1
8dpBAO,1,0,0,0,0,1
DVv81l,1,0,0,0,0,1
PABxBV,1,0,0,0,0,1
5dq7jb,1,0,0,0,0,1
1r2ePM,1,0,0,0,0,1
1r2e7b,1,0,0,0,0,1
ZdR71z,1,0,0,0,0,1
LdMrWJ,0,1,1,0,0,2
6dQlOJ,1,0,0,0,0,1
KMBEyk,0,1,0,0,0,1
bl4pNL,0,1,1,0,0,2
xdNq0r,1,1,0,0,0,2
eBxJYO,1,0,0,0,0,1
VZ162J,0,1,1,0,0,2
rlr4p5,1,0,0,0,0,1
6dQl1k,1,0,0,0,0,1
aBrLk9,1,0,0,0,0,1
jB9R0a,0,1,0,0,0,1
5dq786,1,0,0,0,0,1
zKQ92a,1,1,0,0,0,2
42N6zO,1,0,0,0,0,1
1r2erg,1,1,1,0,0,3
LdMrq2,1,0,0,0,0,1
MAd4VX,0,1,0,0,0,1
42N69k,1,0,0,0,0,1
PABxYe,1,0,0,0,0,1
GrBGy2,1,0,0,0,0,1
EPbRb4,1,0,0,0,0,1
ZdR7ya,1,0,0,0,0,1
bl4Jbo,1,0,0,0,0,1
lNlG96,1,0,0,0,0,1
ZdR7ga,0,1,0,1,0,2
xdNWOy,0,1,0,0,0,1
42N6Ro,1,0,0,0,0,1
zKQ9BZ,1,0,0,0,0,1
5dq7GE,1,0,0,0,0,1
g5NlDN,0,1,0,0,0,1
42N6Do,0,1,1,0,0,2
WApWXL,0,1,0,0,0,1
AlbgaB,1,0,0,0,0,1
xdNqlo,1,0,0,0,0,1
KMBE2z,1,0,0,0,0,1
5dq7xv,1,0,0,0,0,1
QABZZY,1,0,0,0,0,1
MAdx0p,1,0,0,0,0,1
WApWgP,1,0,0,0,0,1
eBxJ8J,1,0,0,0,0,1
42N6Ob,1,0,0,0,0,1
WApWkQ,0,1,0,0,0,1
KMBEEg,1,0,0,0,0,1
6dQldA,0,0,1,0,0,1
rlr40N,1,0,0,0,0,1
DVv8QN,0,1,0,0,0,1
WApW6L,0,1,0,0,0,1
g5NlBD,1,0,0,0,0,1
QABZOp,0,1,0,0,0,1
KMBEgk,1,0,0,0,0,1
VZ1eAl,0,1,0,0,0,1
YZz62W,0,1,0,1,0,2
OAB2Yg,0,1,1,0,0,2
8dpBBl,1,0,0,0,0,1
VZ1e6j,1,0,0,0,0,1
WApWWe,1,0,0,0,0,1
rlr4e2,1,0,0,0,0,1
6dQlqY,1,0,0,0,0,1
8dpB2A,1,0,0,0,0,1
NABj2p,1,0,0,0,0,1
oAVPaM,1,0,0,0,0,1
DVv89p,1,0,0,0,0,1
jB9RLJ,1,0,0,0,0,1
rlrZXl,,,,,,0
XeBbpg,1,0,0,0,0,1
ZdR7e0,1,0,0,0,0,1
WApWQJ,0,1,0,0,0,1
XeBaWz,1,0,0,0,0,1
xdNqzG,1,0,1,1,0,3
WApWxv,1,0,0,0,0,1
AlbgoD,1,0,0,0,0,1
dY2MBK,1,0,0,0,0,1
aBrROv,1,0,0,0,0,1
jB9jDa,1,1,0,1,0,3
jB9RO4,1,1,0,0,0,2
EPbRj4,0,1,1,1,0,3
8dpX1O,1,0,0,0,0,1
OAB6l8,0,1,0,0,0,1
J2kPNR,1,0,0,0,0,1
ylqBN4,0,1,1,0,0,2
LdMrQp,0,1,1,0,0,2
42N6WX,1,0,0,0,0,1
RzBAWd,1,0,0,0,0,1
oAVq21,1,0,0,0,0,1
BGbyPK,0,1,0,0,0,1
OAB648,1,1,0,0,0,2
KMB9Q8,1,0,0,0,0,1
rlr4zR,1,0,0,0,0,1
5dq7WE,0,1,0,0,0,1
eBxV50,0,1,0,0,0,1
vNxlyd,0,1,0,0,0,1
LdMePG,1,0,0,0,0,1
EPbRyr,1,0,0,0,0,1
vNxZ70,1,0,0,0,0,1
9dJ8D1,1,0,0,0,0,1
WApLzP,1,1,0,0,0,2
NABaJp,1,0,0,0,0,1
9dJ8Np,0,1,0,0,0,1
AlbEzk,1,0,0,0,0,1
MAdWKM,0,1,0,0,0,1
EPb2PL,0,1,0,0,0,1
xdNAp9,0,1,0,0,0,1
5dqJKo,1,0,0,0,0,1
rlrejl,1,0,0,0,0,1
7d9yRP,1,0,0,0,0,1
rlre6L,0,1,1,0,0,2
DVvjzj,0,1,0,0,0,1
dY2Oqo,0,1,0,0,0,1
AlbE6y,1,0,0,0,0,1
pLPQP1,0,1,0,0,0,1
J2kQlJ,1,0,0,0,0,1
EPb20A,1,0,0,0,0,1
BGbrD1,0,1,0,0,0,1
RzBABK,1,0,0,0,0,1
oAVqB5,1,1,0,0,0,2
ylqB9p,0,1,0,0,0,1
xdNAQE,1,0,0,0,0,1
1r2LM4,1,0,0,0,0,1
rlredX,0,1,0,0,0,1
vNxlql,1,0,0,0,0,1
XeBplg,1,1,0,0,0,2
EPb2do,1,1,0,0,0,2
24xW0D,0,1,1,0,0,2
oAVqvP,0,1,0,0,0,1
J2kQMR,0,1,1,0,0,2
lNlxDk,1,1,0,0,1,3
ylqBx6,0,1,1,0,0,2
GrBZqL,1,0,0,0,0,1
lNlxzk,1,0,0,0,0,1
ZdRMve,0,1,0,0,0,1
jB9jga,1,0,0,0,0,1
aBrRzB,0,1,0,0,0,1
oAVq0b,0,1,1,0,0,2
XeBpQg,1,0,0,0,0,1
pLPQ48,0,1,0,0,0,1
8dpXyx,0,1,0,1,0,2
oAVqaV,1,1,0,0,0,2
6dQgAY,1,0,0,0,0,1
xdNAoy,0,1,0,1,0,2
ylqBoX,0,1,0,1,0,2
eBxV8q,0,1,1,0,0,2
oAVqa1,1,0,0,0,0,1
24xpyV,0,1,0,0,0,1
0EjKGN,1,1,0,1,0,3
1r2LyW,1,1,0,0,0,2
NABavG,1,0,0,0,0,1
oAVq6P,0,1,1,0,0,2
YZz1bq,0,1,0,0,0,1
EPb2gX,1,0,0,0,0,1
PAB78B,1,0,0,0,0,1
8dpX8r,1,0,0,0,0,1
WApLda,1,0,0,0,0,1
0EjKy6,1,0,0,0,0,1
YZz1A0,0,1,0,0,0,1
g5NEKJ,0,1,0,0,0,1
xdNA59,1,1,0,0,0,2
dY2Ooz,1,0,0,0,0,1
NABaRj,1,0,0,0,0,1
QABbZl,0,1,0,0,0,1
5dqJoM,0,1,0,0,0,1
rlreXp,1,0,0,0,0,1
8dpXYA,1,0,0,0,0,1
KMB9AM,1,0,0,0,0,1
WApLLL,1,0,0,0,0,1
AlbEVy,1,0,0,0,0,1
vNxl7g,1,1,1,0,0,3
GrBZNe,1,0,0,0,0,1
YZz18v,1,0,0,0,0,1
AlbkLk,,,,,,0
7d9yy6,0,1,1,0,0,2
ylqB1g,0,1,0,0,0,1
PAB7M1,1,0,0,0,0,1
zKQVxM,1,0,0,0,0,1
lNlx8p,1,1,0,0,0,2
5dqNjo,1,0,0,0,0,1
GrBMKZ,1,1,0,0,0,2
jB9j11,1,0,0,0,0,1
5dqJYM,1,1,0,0,0,2
kYR2Dr,1,0,0,0,0,1
zKQV7a,0,1,0,0,0,1
8dp9Nz,1,1,0,1,0,3
vNxlRX,1,0,0,0,0,1
9dJe7p,1,0,0,0,0,1
VZ1Kkj,0,1,0,0,0,1
WAp48j,1,0,0,0,0,1
MAdWMA,1,0,0,0,0,1
xdNGXv,1,0,0,0,0,1
PABo6b,1,1,0,0,0,2
OAB6OM,1,0,0,0,0,1
6dQqO5,,,,,,0
kYR2Ld,1,0,0,0,0,1
0Ej4MZ,1,0,0,0,0,1
BGbvpQ,1,0,0,0,0,1
8dp9L5,1,0,0,0,0,1
8dp9po,,,,,,0
EPbpKr,1,0,0,0,0,1
MAd0AX,1,0,0,0,0,1
DVvLzq,1,0,0,0,0,1
XeBjEd,1,1,0,0,0,2
OABRPK,1,1,1,0,0,3
qbEyL9,0,1,0,0,0,1
AlbkDW,1,0,0,0,0,1
bl4axo,0,1,0,0,0,1
DVvLV5,0,1,0,1,0,2
8dp9jk,1,0,0,0,0,1
24x2LA,1,0,0,0,0,1
GrBM1j,0,1,0,0,0,1
1r2L1g,0,1,0,0,0,1
9dJelG,0,1,0,0,0,1
xdNG0E,1,1,0,0,0,2
24x2vA,1,1,1,1,0,4
LdM8M2,0,1,1,0,0,2
MAd0Ml,0,1,0,0,0,1
jB9KW6,1,1,0,0,0,2
NABz8N,1,0,0,0,0,1
bl4aL2,0,1,1,0,0,2
J2ky8z,1,0,0,0,0,1
ZdRxV0,1,1,1,0,0,3
PABo0Q,1,0,0,0,0,1
g5NBYM,0,1,0,0,0,1
0Ej4lB,0,1,1,0,0,2
QABGxl,1,0,0,0,0,1
24x2DM,0,1,0,0,0,1
MAd0qA,0,1,1,0,0,2
ZdRxgB,1,0,0,0,0,1
lNlp2B,0,1,0,1,0,2
42NZeo,,,,,,0
RzBOa9,1,0,0,0,0,1
GrBMjZ,0,1,0,1,0,2
YZz2Ad,0,1,0,0,0,1
dY274o,1,1,0,0,0,2
PABoP1,1,0,0,0,0,1
GrBMEp,0,1,0,1,0,2
24x2qb,0,1,1,1,0,3
NABz2Q,1,0,0,0,0,1
g5NB6d,1,0,0,0,0,1
aBrWJv,1,0,0,0,0,1
42NZA5,1,0,0,0,0,1
RzBOyJ,1,0,0,0,0,1
lNlp8B,0,1,0,0,0,1
EPbp2o,0,1,0,0,0,1
VZ1rGy,0,1,0,0,0,1
kYRqad,1,0,0,0,0,1
0Ej4X0,1,0,0,0,0,1
eBxbko,1,0,0,0,0,1
lNlQrN,0,1,1,0,0,2
bl4P96,1,0,0,0,0,1
MAd0WY,1,0,0,0,0,1
9dJe8G,0,1,1,1,0,3
vNxkjX,0,1,0,1,0,2
VZ1rXg,1,1,0,0,0,2
zKQVV8,1,0,0,0,0,1
QABGgl,0,1,1,0,0,2
EPb9ll,1,0,0,0,0,1
24x26V,1,0,0,0,0,1
AlbZBe,1,0,0,0,0,1
ylqLXd,0,1,0,0,0,1
qbEyyd,1,0,0,0,0,1
KMBbM8,0,1,0,0,0,1
9dJVXE,0,1,0,0,0,1
zKQl7M,0,1,0,0,0,1
pLParP,0,1,0,1,0,2
VZ1g0g,1,0,0,0,0,1
GrBW9e,1,0,0,0,0,1
aBrWpq,0,1,1,0,0,2
8dpOeO,0,1,1,0,0,2
5dqRxZ,0,1,0,0,0,1
jB9Ne1,1,0,0,0,0,1
KMBbo8,0,1,0,1,0,2
DVvQKl,0,1,1,0,0,2
dY2rYo,1,1,0,0,0,2
24x2Jb,1,0,0,0,0,1
KMBbkK,1,1,1,0,0,3
ylqL9x,0,1,1,0,0,2
BGbNGQ,1,0,0,0,0,1
g5N2AO,0,1,0,0,0,1
eBx4zJ,0,1,0,0,0,1
eBx4lx,1,0,1,0,0,2
VZ1gxN,1,0,0,0,0,1
EPb9Y2,1,0,0,0,0,1
XeBX9e,0,1,0,0,1,2
oAVWQN,1,0,0,0,0,1
6dQoVo,1,0,0,0,0,1
vNxkK8,1,0,0,0,0,1
NABzGb,1,0,0,0,0,1
EPb9El,0,1,0,0,0,1
pLPgv1,0,1,0,1,0,2
24x2lM,0,1,0,1,0,2
OABRKR,1,1,0,0,0,2
24xpWb,1,0,0,0,0,1
lNlxeW,1,1,0,0,0,2
OAB6ER,1,0,0,0,1,2
DVvQbX,1,0,0,0,0,1
jB9jR9,1,0,0,0,0,1
KMBbAX,1,0,0,0,0,1
rlr7bo,0,1,1,0,0,2
RzBppJ,,,,,,0
J2k7jK,0,1,0,0,0,1
ZdR0bB,1,0,0,0,0,1
bl4P1Z,0,1,0,0,0,1
bl4Pag,1,0,0,0,0,1
1r28gg,1,0,0,0,0,1
BGbNr5,1,0,0,0,0,1
42NeXb,1,0,0,0,0,1
GrBWAZ,1,1,0,0,0,2
xdNKWr,1,0,0,0,0,1
9dJVkQ,0,1,1,0,0,2
OABvZY,0,0,0,0,1,1
42NeJo,1,0,0,0,0,1
ylqV46,1,0,0,0,0,1
pLP8oy,1,0,0,0,0,1
5dqW9v,1,0,0,0,0,1
NABG0O,1,0,0,0,0,1
ylqVl8,1,0,0,0,0,1
0EjNE9,1,0,0,0,0,1
kYRMEZ,1,0,0,0,0,1
8dp7Zk,1,0,0,0,0,1
WApxEL,0,0,0,0,1,1
EPbyLB,1,0,0,0,0,1
GrB8Qo,0,1,1,0,0,2
xdNOZv,1,0,0,0,0,1
24x02L,1,1,0,0,0,2
WApxeN,0,1,0,0,0,1
J2k5Vo,0,1,0,0,0,1
VZ129g,0,1,0,0,0,1
NABGBl,0,1,1,0,0,2
VZ12oJ,1,0,0,0,0,1
J2k5Md,1,0,0,0,0,1
EPbyvX,1,0,0,0,0,1
VZ12yl,1,0,0,0,0,1
oAVXgX,1,0,0,0,0,1
qbE0ek,1,0,0,0,0,1
g5NKXM,1,0,0,0,0,1
EPbyOl,,,,,,0
24xQRp,1,0,0,0,0,1
dY2BOd,0,1,0,0,0,1
PABVoe,1,0,0,0,0,1
xdNO19,0,1,1,0,0,2
zKQPLq,0,1,0,1,0,2
vNxoVX,0,1,1,0,0,2
24xQGe,1,1,1,0,0,3
eBxkrJ,1,0,0,0,0,1
rlrzbp,1,0,0,0,0,1
xdNOWd,1,1,0,0,0,2
qbE09g,1,0,0,0,0,1
VZ12rM,1,0,0,0,0,1
pLPlyV,1,0,0,0,0,1
GrB8jz,0,1,0,0,0,1
pLPlbq,1,0,0,0,0,1
24xM8L,0,1,0,0,0,1
QABP67,1,0,0,0,0,1
6dQaoJ,0,1,0,0,0,1
PABVZx,1,1,0,0,0,2
RzB7Pp,0,1,1,0,0,2
QAB6Mg,0,1,0,0,0,1
OABWXK,0,1,1,0,0,2
ylqWYp,0,1,0,0,0,1
VZ1kGv,1,0,0,0,0,1
bl40qo,1,0,0,0,0,1
NABelG,1,0,0,0,0,1
5dqy9M,1,0,0,0,0,1
kYRVEJ,1,1,0,0,0,2
Alb1GN,0,1,0,0,0,1
rlrxo5,1,0,0,0,0,1
OABW5A,1,0,0,0,0,1
zKQPpR,1,1,0,0,0,2
WApvYR,1,0,0,0,0,1
xdNOlo,1,0,0,0,0,1
NABe7W,1,0,0,0,0,1
aBr8zB,1,0,0,0,0,1
MAd98k,1,0,0,0,0,1
xdNel5,1,0,0,0,0,1
xdNe6r,1,0,0,0,0,1
42NgdO,1,0,0,0,0,1
5dqyVo,1,0,0,0,0,1
QAB6JY,0,1,0,0,0,1
DVvl9b,1,0,0,0,0,1
DVvlbq,1,0,0,0,0,1
qbE2M2,1,0,0,0,0,1
5dqyoM,0,1,1,0,0,2
24xMzp,1,0,0,0,0,1
42NgEk,0,1,0,0,0,1
XeBKAd,1,0,0,0,0,1
RzB7Qp,0,1,1,0,0,2
GrB2GQ,1,0,0,0,0,1
MAd9WE,1,0,0,0,0,1
oAV4YX,1,0,0,0,0,1
g5NRxN,1,0,0,0,0,1
42NgM5,1,0,0,0,0,1
lNlPqW,0,1,0,1,0,2
aBr8JE,1,0,0,0,0,1
42Ne8r,1,1,0,1,0,3
LdMQxO,1,0,0,0,0,1
XeBK0d,0,1,0,0,0,1
8dp00l,1,0,0,0,0,1
ZdRpqV,0,1,0,0,0,1
24xM5V,1,1,0,0,0,2
24xqAj,0,1,1,0,0,2
OABWqp,1,0,0,0,0,1
9dJzzE,0,1,0,0,0,1
7d9809,0,1,1,0,0,2
dY258K,1,1,1,0,0,3
YZzEjJ,1,1,0,0,0,2
PABMpV,1,0,0,0,0,1
xdNkX5,0,1,1,1,0,3
LdMA7v,1,0,0,0,0,1
1r2Zb4,,,,,,0
XeBKZP,0,1,0,0,0,1
jB9dPx,0,1,1,0,0,2
42NWaY,1,0,0,0,0,1
KMBq7X,0,1,0,0,0,1
oAVry1,1,0,0,0,0,1
QABgJk,1,0,0,0,0,1
DVvl6p,0,1,0,0,0,1
8dpveY,1,0,0,0,0,1
DVvrvp,0,1,1,1,0,3
ylqKZX,1,0,0,0,0,1
EPbjYr,0,0,1,1,0,2
VZ1RYl,1,0,0,0,0,1
rlrNpR,1,0,0,0,0,1
vNx710,1,0,0,0,0,1
DVvrMl,1,0,0,0,0,1
bl4B20,0,1,0,0,0,1
WApGZk,1,1,1,1,0,4
7d9BgZ,0,0,1,0,0,1
PABaYx,1,0,0,0,0,1
GrBNyk,0,1,0,0,0,1
vNx7pD,0,1,0,1,0,2
24xqzL,1,0,0,0,0,1
XeBVpd,1,0,0,0,0,1
J2kayY,1,0,0,0,0,1
jB9O5J,1,0,0,0,0,1
aBrbpq,1,0,0,0,0,1
XeBVZV,1,1,0,0,0,2
rlrx85,0,1,0,0,0,1
eBxdOE,0,1,1,0,0,2
BGbO2e,0,1,1,0,0,2
NABKaW,1,0,0,0,0,1
g5NyOD,1,1,0,0,0,2
ylqKLW,1,1,0,0,0,2
ylqK54,1,0,0,0,0,1
ZdR4pA,1,0,0,0,0,1
jB9dOY,0,1,0,1,0,2
1r2ZLO,1,0,0,0,0,1
qbYZaO,1,0,0,0,0,1
AlboEW,0,1,1,0,0,2
BGL4dR,0,1,0,0,0,1
jB0DlJ,0,1,0,0,0,1
eBNZDx,1,0,0,0,0,1
J2VKAR,1,0,0,0,0,1
jB0DQ4,0,1,1,0,0,2
0Ebr79,0,1,0,0,0,1
qbYZR9,1,0,0,0,0,1
yl0ZDB,1,0,0,0,0,1
xd0xPo,1,0,0,0,0,1
XeRlWY,0,1,1,1,0,3
eBNZA0,1,0,0,0,0,1
6d1J4N,,,,,,0
J2VKgX,,,,,,0
aBjN4X,1,0,0,0,0,1
VZ9EVv,0,1,1,0,0,2
yl0Zep,0,1,0,1,0,2
7dJlza,1,0,0,0,0,1
XeRlQe,0,1,1,0,0,2
WAe90j,0,1,1,0,0,2
dYZqdK,0,1,1,0,0,2
Al6PLz,0,1,0,1,0,2
eBNZzJ,1,0,0,0,0,1
J2VKGX,1,0,0,0,0,1
PABaAP,1,0,0,0,0,1
YZoDgv,1,0,0,0,0,1
24b8Y9,,,,,,0
ZdG5yV,1,0,0,0,0,1
RzZK14,1,0,0,0,0,1
LdE14p,0,0,0,0,1,1
QAx2qG,1,0,0,0,0,1
bl2Vy6,1,0,0,0,0,1
Grovo2,1,0,0,0,0,1
0Ebry9,1,0,0,0,0,1
PA2jNB,1,1,0,0,0,2
VZ9Eyj,1,0,0,0,0,1
lN0DEk,0,1,0,0,0,1
WAe9GJ,1,0,0,0,0,1
eBNZdq,0,1,0,0,0,1
pL0xab,1,0,0,0,0,1
BGL4r5,0,1,1,0,0,2
KMPQ9A,1,1,1,0,0,3
1rbP1M,0,1,1,0,0,2
6d18jo,1,1,0,0,0,2
EPBkqq,1,0,0,0,0,1
MArKXl,1,0,0,0,0,1
24bEBg,0,1,0,1,0,2
yl0PXW,0,1,0,0,0,1
zK0xYg,1,0,0,0,0,1
RzZG44,1,1,0,0,0,2
42142r,1,1,0,0,0,2
BGLzXe,1,0,0,0,0,1
MAreLA,1,0,0,0,0,1
OAjDGM,1,0,0,0,0,1
rl0jGl,0,1,1,0,0,2
jB0aW4,1,0,0,0,0,1
xd0Xy5,0,1,0,0,0,1
dYZWjK,1,0,0,0,0,1
pLPjdJ,1,0,0,0,0,1
EPBkPl,0,1,1,0,0,2
0EbQbN,0,1,0,0,0,1
yl0PeB,1,0,0,0,0,1
Grox5j,1,1,0,0,0,2
8dJ1rA,0,1,1,1,0,3
4214qo,1,0,0,0,0,1
aBjQgW,1,0,0,0,0,1
aBjQyy,0,1,1,0,0,2
jB0ap9,1,0,0,0,0,1
7dJRez,1,0,0,0,0,1
BGLz71,1,0,0,0,0,1
NA4p5W,0,0,1,0,0,1
6d18eo,1,0,0,0,0,1
lNlQkv,0,1,1,0,0,2
8dJoAY,1,0,0,0,0,1
6d18yo,1,0,0,0,0,1
OAjD6g,0,1,1,1,0,3
dYZWer,0,1,0,0,0,1
YZo58J,1,0,0,0,0,1
8dJ175,0,1,1,0,0,2
XeRxKg,1,1,0,1,0,3
oA09eX,,,,,,0
rl0jRp,1,0,0,0,0,1
MAr1DY,1,0,0,0,0,1
rl0DO5,1,0,0,0,0,1
bl2Z70,1,0,0,0,0,1
QAxoJY,,,,,,0
421a7B,0,1,0,0,0,1
vN0XBX,1,0,0,0,0,1
yl0XYW,0,1,0,0,0,1
NA4q0p,1,0,0,0,0,1
7dJXK9,1,0,0,0,0,1
WAeJek,1,0,0,0,0,1
Al6rdo,1,0,0,0,0,1
rl0DvN,1,0,0,0,0,1
yl0Xdg,1,1,0,0,0,2
KMPpk8,0,0,0,0,1,1
rl0DJN,1,1,0,0,0,2
6d1DWJ,1,0,0,0,0,1
zK0EJk,0,1,0,0,0,1
8dJNGr,1,1,0,0,0,2
XeR5zg,0,1,0,0,0,1
bl25aZ,1,1,0,0,0,2
VZ9pXE,1,0,0,0,0,1
DVXqPb,1,0,0,0,0,1
xd0Vgo,0,1,0,0,0,1
9d6NaY,1,0,0,0,0,1
g5QbLJ,1,0,0,0,0,1
OAjQg8,1,1,0,0,0,2
PA2RWQ,1,1,0,0,0,2
PA2RLd,0,1,0,0,0,1
qbY58k,0,0,1,0,0,1
J2V17r,1,0,0,0,0,1
LdEDeJ,0,1,0,0,0,1
g5QbEJ,0,1,0,0,0,1
xd0VLG,1,0,0,0,0,1
RzZWAQ,1,0,0,0,0,1
kY0bMr,1,0,0,0,0,1
YZojoW,0,0,1,0,0,1
6d1L8J,0,1,0,0,0,1
0EbV9P,1,0,0,0,0,1
oA09Xb,1,0,0,0,0,1
MArXNp,1,0,0,0,0,1
bl2ZB1,0,1,0,0,0,1
jB0ZZa,1,0,0,0,0,1
dYZENo,0,1,0,0,0,1
7dJqKP,0,1,0,0,0,1
aBj94v,1,0,0,0,0,1
pL0ryq,1,0,0,0,0,1
qbYLA2,1,0,0,0,0,1
24bX4p,0,1,0,0,0,1
oA0E9P,0,1,0,0,0,1
PA2pOb,0,1,0,1,0,2
eBNMEE,1,1,0,0,0,2
XeRLLg,1,0,0,0,0,1
yl0Mjd,0,0,1,0,0,1
NA4rNQ,,,,,,0
1rbXOl,1,0,0,0,0,1
Al6zN0,1,0,0,0,0,1
24bXgj,1,0,0,0,0,1
EPBK7o,1,0,0,0,0,1
YZoPDW,1,1,0,0,0,2
lN0BYo,1,0,0,0,0,1
yl0Mgx,1,0,0,0,0,1
dYZEVo,0,1,0,1,0,2
EPBKpL,1,0,0,0,0,1
jB0Z4E,1,1,0,0,0,2
Al6zgW,1,0,0,0,0,1
9d6BKG,0,1,1,0,0,2
vN0rj4,0,1,0,0,0,1
LdEZRv,1,0,0,0,0,1
RzZxOP,0,1,1,0,0,2
dYZELD,0,1,1,0,0,2
oA0D9b,1,0,0,0,0,1
DVXKql,1,1,0,0,0,2
MArXjX,1,1,0,0,0,2
7dJbL0,0,1,0,0,0,1
OAjlzR,1,0,0,0,0,1
0Eb7MN,1,0,0,0,0,1
qbYaBY,1,0,0,0,0,1
aBjeBv,1,0,0,0,0,1
RzZd4d,1,1,0,0,0,2
yl0Nx4,0,1,0,0,0,1
VZ9j8J,0,1,1,1,0,3
XeRrBO,0,1,0,0,0,1
ZdG8b0,1,1,0,0,0,2
XeRrOd,1,0,0,0,0,1
6d1eA5,0,1,0,0,0,1
24bBlb,0,1,1,0,0,2
kY09zd,1,0,0,0,0,1
9d6XPV,,,,,,0
6d1epo,0,1,1,0,0,2
zK0NRM,1,0,0,0,0,1
bl29y1,0,1,1,0,0,2
lN0qY6,1,1,0,0,0,2
RzZd2Q,1,0,0,0,0,1
eBND8k,1,0,0,0,0,1
lN0BDN,1,0,0,0,0,1
24bXyj,1,0,0,0,0,1
RzZdlK,1,0,0,0,0,1
YZoR15,1,0,0,0,0,1
g5QeBd,0,0,0,0,1,1
kY09M6,1,0,0,0,1,2
XeRJxV,1,0,0,0,0,1
EPBddA,0,1,0,0,0,1
kY0eNZ,1,0,0,0,0,1
VZ9QGl,0,1,1,0,0,2
vN0eAl,1,0,0,0,0,1
EPBdQl,1,1,0,0,0,2
1rbd4b,1,1,0,0,0,2
DVXkeZ,1,0,0,0,0,1
RzZM8d,1,0,0,0,0,1
QAxe0G,1,0,0,0,0,1
RzZMvJ,0,1,1,0,0,2
8dJapO,1,0,0,0,0,1
dYZaZq,1,1,0,0,0,2
pL0y5E,1,0,0,0,0,1
8dJa6x,1,1,0,0,0,2
7dJLP9,1,0,0,0,0,1
DVXkPX,1,1,0,0,0,2
ZdGEWv,0,1,1,0,0,2
6d1jYN,1,1,0,0,0,2
EPBde2,1,0,0,0,0,1
WAeEMN,0,1,0,0,0,1
PA21Nx,0,1,1,0,0,2
jB06VJ,1,1,0,0,0,2
OAj46g,0,0,1,0,0,1
VZ9Qvv,1,0,0,0,0,1
KMP57A,1,1,0,1,0,3
oA0RGM,1,0,0,0,0,1
42178d,1,0,0,0,0,1
bl2j0g,0,0,0,1,0,1
PA29Rb,1,1,0,1,1,4
KMPxY7,1,0,0,0,0,1
9d6ZDK,1,0,0,0,0,1
aBj4EZ,1,0,0,0,0,1
zK0M20,0,1,1,0,0,2
MAra58,1,1,0,1,0,3
jB0ovx,0,1,1,1,0,3
dYZ08o,0,1,0,1,0,2
PA29Pb,1,0,0,0,0,1
xd0Dlr,1,0,0,0,0,1
J2VlWo,1,1,0,0,0,2
dYZ0pA,0,1,0,1,0,2
aBj40Z,0,1,0,0,0,1
7dJKYz,1,0,0,0,0,1
MAraqY,1,0,0,0,0,1
WAeRaL,0,1,1,0,0,2
XeRoaz,1,1,0,0,0,2
VZ9Pya,0,1,0,0,0,1
24bAoL,0,1,1,0,0,2
6d1KqA,1,0,0,0,0,1
EPBlyl,1,0,0,0,0,1
WAeRxk,1,0,0,0,0,1
5dl90b,1,1,0,1,0,3
OAjXOY,1,0,0,0,0,1
RzZojd,1,0,0,0,0,1
24bA0e,1,0,0,0,0,1
421KXY,1,0,0,0,0,1
EPBxlN,,,,,,0
oA026x,1,0,0,0,0,1
8dJZzO,1,0,0,0,0,1
OAj7zK,0,1,1,1,0,3
8dJZN5,0,1,0,0,0,1
YZo4r0,0,1,1,0,0,2
EPBxxN,1,0,0,0,0,1
6d1Zx5,1,1,1,0,0,3
lN060X,0,1,1,0,0,2
421K15,1,0,0,0,0,1
WAeRVL,1,0,0,0,0,1
zK07oa,1,0,0,0,0,1
vN0Pp0,0,1,0,0,1,2
oA02LX,,,,,,0
7dJN5Z,0,1,1,0,0,2
VZ9z7v,1,0,0,0,0,1
J2VOgo,1,1,0,0,0,2
eBNRqx,0,1,0,0,0,1
9d67bK,0,1,1,0,0,2
421r7Y,1,1,0,0,0,2
WAezOe,1,0,0,0,0,1
YZoajN,1,1,0,0,0,2
EPBWPX,1,1,0,0,0,2
24bX0b,1,0,0,0,0,1
LdEPgv,0,1,1,0,0,2
BGL7D7,0,1,0,0,0,1
QAxRll,1,0,0,0,0,1
LdEpLj,1,0,0,0,0,1
eBNRJO,1,0,0,0,0,1
rl0Pev,1,0,0,0,0,1
eBNRVO,1,0,0,0,0,1
6d1NEP,1,0,0,0,0,1
pL0OXB,1,1,0,0,0,2
VZ95pl,0,1,0,0,0,1
rl0ABp,0,1,1,0,0,2
oA0MD5,1,0,0,0,0,1
421x2Y,1,0,0,0,0,1
PA25pP,1,1,0,0,0,2
bl2xOZ,1,0,0,0,0,1
VZ9Jzy,1,0,0,0,0,1
Al6Lvy,0,1,1,0,0,2
aBjYvE,1,0,0,0,0,1
VZ95xl,1,0,0,0,0,1
GrodaO,1,0,0,0,0,1
EPBQjN,1,1,0,0,0,2
7dJ26P,1,0,0,0,0,1
PA26z0,1,0,0,0,0,1
PA2690,1,0,0,0,0,1
OAj56R,0,1,0,0,0,1
jB0yy1,1,1,1,0,0,3
LdEbJl,1,0,0,0,0,1
7dJW4R,0,1,0,0,0,1
OAjzjg,1,0,0,0,0,1
dYZ62d,1,0,0,0,0,1
KMP6W8,1,0,0,0,0,1
GrozzO,0,1,1,0,0,2
RzZ0Y4,0,1,1,0,0,2
8dJQar,1,1,0,0,0,2
KMPl5D,0,1,1,0,0,2
qbYDVO,1,0,0,0,0,1
PA2D2d,0,0,0,0,1,1
DVXNMq,0,1,0,0,0,1
WAeN6Q,1,0,0,0,0,1
8dJKgY,1,0,0,0,0,1
DVXNop,1,1,0,0,0,2
YZoQK6,0,1,0,0,0,1
ZdGNey,0,1,0,0,0,1
zK0qVk,0,1,0,0,0,1
Al6dOW,0,1,0,0,0,1
RzZ01P,1,0,0,0,0,1
VZ90e6,0,1,0,1,0,2
zK0qR8,0,1,0,0,0,1
J2V26Y,1,0,0,0,0,1
RzZzMJ,1,1,1,1,0,4
XeReMe,1,0,0,0,0,1
bl2lkE,0,1,1,1,0,3
Gror7k,0,1,0,0,0,1
oA0AgP,0,1,1,0,0,2
RzZzg9,1,0,0,0,0,1
QAxAqg,0,1,0,0,0,1
Al6lgN,1,0,0,0,0,1
RzZ4x4,0,1,1,0,0,2
bl2klo,1,0,0,0,0,1
KMPMg8,0,1,1,0,0,2
PA2Eq5,1,0,0,0,0,1
24brbV,1,0,0,0,0,1
vN020Q,0,1,0,0,0,1
yl0D7W,0,1,1,0,0,2
xd0Z4G,1,0,0,0,0,1
pL0VEB,0,1,0,0,0,1
PA2E9V,0,1,0,0,0,1
lN0LKk,1,0,0,0,0,1
bl2LeE,1,1,0,0,0,2
rl0L9M,0,1,0,0,0,1
zK0rDa,0,1,0,0,0,1
RzZYXK,0,1,0,0,0,1
oA0dW5,1,0,0,0,0,1
OAjJ0K,1,0,0,0,0,1
yl0EqW,1,0,0,0,0,1
dYZDzr,0,1,1,1,0,3
rl0dJp,1,1,0,0,0,2
zK0rl8,0,1,0,0,0,1
24bxPD,,,,,,0
QAxB11,1,0,0,0,0,1
7dJ9VA,1,0,0,0,0,1
kY005o,0,1,0,0,0,1
8dJJGz,1,0,0,0,0,1
zK00O8,1,0,0,0,0,1
6d1rZe,1,0,0,0,0,1
1rbD1L,1,0,0,0,0,1
RzZv5d,0,1,1,1,0,3
rl0J0M,1,0,0,0,0,1
RzZVaP,0,1,0,0,0,1
NA4d6b,0,1,0,0,0,1
1rb6OQ,,,,,,0
PA2krV,1,0,0,0,0,1
BGL0v1,1,0,0,0,0,1
RzZjd9,1,0,0,0,0,1
PA2rZb,1,0,0,0,0,1
0EbG0A,1,0,0,0,0,1
0EblMP,0,1,1,0,0,2
QAxXXp,1,0,0,0,0,1
VZ9yLy,1,0,0,0,0,1
dYZVYz,0,1,0,0,0,1
421dxO,1,0,0,0,0,1
g5QpyD,0,0,1,0,0,1
ZdGyJa,1,0,0,0,0,1
6d159J,1,0,1,0,0,2
9d6yGX,1,0,0,0,0,1
EPBEDN,1,0,0,0,0,1
OAj9JK,1,0,0,0,0,1
VZ9APy,1,0,0,0,0,1
zK02pE,1,0,0,0,0,1
pL09rJ,0,1,0,0,0,1
vN01zX,1,0,0,0,0,1
dYZ1Ly,1,0,0,0,0,1
yl0p26,0,1,0,0,0,1
xd0LMk,0,1,1,0,0,2
0EbyNZ,1,0,0,0,0,1
EPBrrA,1,0,0,0,0,1
KMPNqA,,,,,,0
dYZ4Lq,0,1,0,0,0,1
aBjPVB,1,0,0,0,0,1
PA2LNd,1,0,0,0,0,1
WAeXWR,1,1,0,0,0,2
Al6NMo,1,0,0,0,0,1
RzZQG9,1,0,0,0,0,1
pL0X88,0,1,0,0,0,1
YZoXgd,1,0,0,0,0,1
Al6Ypk,0,1,0,0,0,1
xd07Jo,1,0,0,0,0,1
bl2XQ0,0,0,0,0,1,1
XeRdOY,1,0,0,0,0,1
421Y15,1,0,0,0,0,1
yl0pvg,1,0,0,0,0,1
kY04pR,1,0,0,0,0,1
WAe6Bj,0,1,0,0,0,1
EPBGrX,0,1,1,0,0,2
GroVAj,1,0,0,0,0,1
RzZQyl,0,0,1,0,0,1
YZob20,1,0,0,0,0,1
VZ9aKE,1,0,0,0,0,1
4210X5,0,1,0,0,0,1
BGLoze,1,0,0,0,0,1
kY04Md,1,0,0,0,0,1
yl0bW6,1,0,0,0,0,1
bl2RdL,0,1,1,0,0,2
jB0r8R,1,0,0,0,0,1
EPBVKl,1,1,0,0,0,2
aBjJeX,0,1,0,0,0,1
MArZAp,1,0,0,0,0,1
NA4vpQ,1,0,0,0,0,1
Al6YG0,0,1,0,0,0,1
xd0byG,1,0,0,0,0,1
ZdGkZA,1,0,0,0,0,1
xd0bvk,1,0,0,0,0,1
421Yyk,1,0,0,0,0,1
vN069v,1,0,0,0,0,1
QAx9Ol,1,1,1,0,0,3
zK0B5a,0,1,0,0,0,1
7dJ0a6,1,0,0,0,0,1
bl2RPe,0,1,0,0,0,1
LdExxv,1,0,0,0,0,1
xd0bKG,1,0,0,0,0,1
ZdGb5v,1,0,0,0,0,1
aBjpNy,1,0,0,0,0,1
7dJ7L2,1,0,0,0,0,1
ZdGb8A,1,0,0,0,0,1
WAeaYN,1,0,0,0,0,1
421lqd,1,0,0,0,0,1
KMPrWM,1,0,0,0,0,1
NA42jj,1,0,0,0,0,1
5dlaPZ,0,1,0,0,0,1
1rbQLl,1,0,0,0,0,1
VZ9WWj,1,1,1,0,0,3
J2VE7o,1,0,0,0,0,1
pL0prV,0,1,1,0,0,2
8dJ4kr,1,0,0,0,0,1
8dJbO5,0,1,0,0,0,1
BGLWAQ,0,1,0,1,0,2
MArpbE,0,1,0,0,0,1
EPB7JB,1,0,0,0,0,1
bl2QVo,1,0,0,0,0,1
1rbogO,1,0,0,0,0,1
ZdGrXv,1,0,0,0,0,1
5dlP0b,1,0,0,0,0,1
yl0574,0,1,0,0,0,1
7dJYrL,1,0,0,0,0,1
pL0p0B,0,0,0,0,1,1
NA41kO,1,0,0,0,0,1
RzZ9Md,1,0,1,0,0,2
EPBVEB,1,0,0,0,0,1
LdE2P1,1,0,0,0,0,1
1rbav4,1,0,0,0,0,1
YZoAkW,1,0,0,0,0,1
zK06rZ,1,0,0,0,0,1
qbYlJg,0,1,1,0,0,2
24b6lD,0,1,0,0,0,1
YZolB0,1,0,0,0,0,1
WAe71v,1,0,0,0,0,1
5dlAod,1,0,0,0,0,1
J2V4BR,1,0,0,0,0,1
6d1Bx5,0,1,0,0,0,1
aBjMgv,0,1,0,0,0,1
LdE2B1,1,1,0,0,0,2
GroPMQ,1,0,0,0,0,1
8dJlOk,1,0,0,0,0,1
421be5,0,1,1,1,0,3
yl0aKd,0,1,0,0,0,1
NA4Zep,1,0,0,0,0,1
LdE2AJ,1,0,0,0,0,1
ZdG7oB,1,0,0,0,0,1
OAj2QY,0,1,1,0,0,2
QAxZKY,0,1,0,0,0,1
VZ9eEj,1,0,0,0,0,1
QAxZoX,1,1,1,0,0,3
24bWa9,1,0,0,0,0,1
RzZNGK,1,0,0,0,0,1
kY0o0j,1,0,0,0,0,1
EPBO42,0,1,0,0,0,1
LdErgl,1,0,0,0,0,1
NA4j2B,1,0,0,0,0,1
dYZM4K,1,0,0,0,0,1
4216Gr,0,1,1,0,0,2
OAj2P8,0,1,0,0,0,1
g5Ql6l,0,1,0,1,0,2
1rbQAL,1,0,0,0,0,1
PA2xLe,1,0,0,0,0,1
zK09P8,1,0,0,0,0,1
MArW1E,0,1,0,0,0,1
J2VQK7,1,0,0,0,0,1
KMPEj7,0,1,0,0,0,1
421MJ5,1,0,0,0,0,1
zK09M0,1,0,0,0,0,1
kY0oQe,0,1,0,0,0,1
J2VQqz,1,0,0,0,0,1
OAj6lM,1,0,0,0,0,1
YZo1QW,1,0,0,0,0,1
MArWYp,1,0,0,0,0,1
ZdGM2V,1,1,0,0,0,2
pL0QyP,1,0,0,0,0,1
ZdGMlo,0,1,0,0,0,1
g5QEA4,1,0,0,0,0,1
kY02eZ,1,0,0,0,0,1
bl2oOL,0,1,0,0,0,1
xd0APy,0,1,0,0,0,1
EPB28o,1,0,0,0,0,1
24bpOV,1,0,0,0,0,1
EPB2bN,0,1,0,0,0,1
LdEeGp,1,0,0,0,0,1
MArWLM,0,1,1,1,0,3
yl0QNX,1,0,0,0,0,1
GroOb2,,,,,,0
rl0ek5,1,0,0,0,0,1
bl2oKe,1,0,0,0,0,1
NA4a8G,0,1,1,0,0,2
7dJy1L,1,0,0,0,0,1
oA0qlV,1,0,0,0,0,1
xd05Ad,1,0,0,0,0,1
pL0EGV,1,0,0,0,0,1
PA27Bb,0,1,0,0,0,1
RzZNVQ,1,0,0,1,0,2
9d6k64,1,0,0,0,0,1
QAxbe1,1,0,0,0,0,1
xd0qov,0,1,0,0,0,1
24bDag,1,0,0,0,0,1
aBjRaE,1,0,0,0,0,1
rl0eqL,1,0,0,0,0,1
PA27P0,1,1,0,0,0,2
xd0ABE,1,0,0,0,0,1
8dJXEo,1,0,0,0,0,1
ZdGML5,1,0,0,0,0,1
5dlJgQ,1,0,0,0,0,1
LdEejy,0,0,1,0,0,1
EPB2YA,1,0,0,0,0,1
6d1gzN,1,0,0,0,0,1
KMP9bA,1,0,0,0,0,1
J2VQ54,1,0,0,0,0,1
lN0x46,1,1,0,0,0,2
5dlJ7E,1,0,0,0,0,1
BGLrPN,1,0,0,0,0,1
8dJ9NA,1,0,0,0,0,1
8dJ9Kr,0,1,0,0,0,1
vN0Re8,1,0,0,0,0,1
421ZLr,,,,,,0
YZo1L5,1,0,0,0,0,1
LdE80y,1,0,0,0,0,1
qbYyOg,1,0,0,0,0,1
zK0VKg,1,0,0,0,0,1
rl0XVo,1,0,0,0,0,1
PA2o5x,1,0,0,0,0,1
qbYyb5,1,0,0,0,0,1
5dlNZb,1,0,0,0,0,1
eBNbAx,1,0,0,0,0,1
OAjR0a,0,1,0,0,0,1
kY0LOR,0,1,0,0,0,1
KMPXLX,0,1,0,0,0,1
kY0LAr,1,1,0,0,0,2
jB0KLJ,0,1,1,0,0,2
Al6kbz,0,1,0,0,0,1
WAe4Mv,1,0,0,0,0,1
9d6eEV,1,0,0,0,0,1
MAr0VX,0,1,0,0,0,1
6d1qWP,0,1,0,0,0,1
BGLvAQ,1,1,0,0,0,2
eBNbyq,1,1,0,0,0,2
YZo2x5,1,0,0,0,0,1
ZdGxvo,1,1,0,0,0,2
aBjWKB,1,0,0,0,0,1
24b2lj,1,0,1,0,0,2
zK0Vo8,0,1,0,0,0,1
8dJ9RO,1,0,0,0,0,1
WAe4BP,1,0,0,0,0,1
MAr0PY,1,0,0,0,0,1
lN0pzW,1,0,0,0,0,1
NA4zdQ,1,0,0,0,0,1
GroMYZ,0,1,1,0,0,2
jB0KJx,1,1,0,0,0,2
EPBpMN,1,0,0,0,0,1
24b2Vp,1,0,0,0,0,1
1rbjEg,1,0,0,0,0,1
g5QB6J,,,,,,0
6d1q4e,1,1,1,1,0,4
9d6eg4,0,1,0,0,0,1
jB0Kq9,0,1,0,0,0,1
DVXL6E,0,0,1,0,0,1
dYZ7yV,1,0,0,0,0,1
zK0VO1,1,0,0,0,0,1
g5QBpN,1,0,0,0,0,1
9d6ey1,1,0,0,0,0,1
RzZOqv,1,0,0,0,0,1
vN0R6X,1,0,0,0,0,1
oA0JJb,1,1,0,0,0,2
EPBpo2,0,1,0,0,0,1
bl2aG2,1,0,0,0,0,1
QAxGkp,1,0,0,0,0,1
VZ9rRg,,,,,,0
ZdGxB5,1,0,0,0,0,1
xd0G5k,1,0,0,0,0,1
J2Vy5K,0,1,0,0,0,1
J2VyvX,1,1,0,0,0,2
7dJQ9R,1,1,0,0,0,2
0EbXQy,1,0,0,0,0,1
7dJQOz,1,0,0,0,0,1
8dJ9Xl,1,0,0,0,0,1
rl0XKo,1,1,0,1,0,3
WAe4vv,1,1,0,0,0,2
OAjRqk,1,0,0,0,1,2
g5QBoJ,1,0,0,0,0,1
zK0lMq,0,1,0,0,0,1
RzZO7j,1,0,0,0,0,1
NA4kXG,,,,,,0
8dJ9vP,1,0,0,0,0,1
GroW6p,0,1,0,0,0,1
YZo2Av,0,1,0,0,0,1
1rbjQ4,1,0,0,0,0,1
421Z6r,1,0,0,0,0,1
PA2oG5,1,0,0,0,0,1
OAjv1R,0,1,0,0,0,1
lN0Q65,1,0,0,0,0,1
DVXQzb,1,0,0,0,0,1
DVXLgN,0,1,1,0,0,2
Al6kVz,1,0,0,0,0,1
EPB9LA,1,0,0,0,0,1
rl07A5,1,0,0,0,0,1
5dlRvv,0,1,1,1,0,3
5dlRb6,0,1,0,0,0,1
aBjWWX,1,1,0,0,0,2
RzZp4P,0,1,0,0,0,1
PA2KBx,0,1,1,0,0,2
DVXQyq,1,0,0,0,0,1
xd0KBy,1,0,0,0,0,1
rl07PM,1,0,0,0,0,1
rl07dX,1,1,0,0,0,2
5dlRpZ,1,1,0,0,0,2
5dlReZ,1,0,0,0,0,1
xd0G4r,1,0,0,0,0,1
9d6VR5,0,1,0,0,0,1
eBN46E,1,0,0,0,0,1
pL0a41,1,0,0,0,0,1
rl07vR,1,1,0,0,0,2
PA2K5d,1,0,0,0,0,1
LdElkp,1,1,1,1,0,4
xd0KYG,1,0,0,0,0,1
zK0lA1,1,0,0,0,0,1
VZ9gJa,1,0,0,0,0,1
pL0a6b,0,1,0,1,0,2
DVXQWR,0,1,0,0,1,2
LdEljG,0,1,0,0,0,1
xd0KbG,0,1,0,1,0,2
DVXQrl,1,0,0,0,0,1
vN0ojg,1,0,0,0,0,1
9d6Vk4,1,0,0,0,0,1
pL0apZ,1,0,0,0,0,1
rl077p,0,1,1,0,0,2
WAeyxR,1,0,0,0,0,1
BGLM4e,1,0,0,0,0,1
GroWMQ,1,0,0,0,0,1
aBjVYE,0,1,1,1,0,3
KMPbbz,1,0,0,0,0,1
dYZr5V,1,0,0,0,0,1
421e7X,0,1,1,0,0,2
yl0L7g,0,1,0,1,0,2
1rbq9p,,,,,,0
eBNkMk,0,1,1,0,0,2
YZo82z,1,0,0,0,0,1
YZoN0J,1,0,0,0,0,1
0EbX29,1,0,0,0,0,1
24bQXD,1,0,0,0,0,1
bl2bV6,0,1,1,1,0,3
7dJ62P,1,0,0,0,0,1
RzZE4J,1,0,0,0,0,1
DVXgkZ,1,0,0,0,0,1
PA2VO5,1,0,0,0,0,1
24bQeL,1,0,0,0,0,1
YZo8eB,1,0,0,0,0,1
6d1adB,1,1,0,0,0,2
J2V52d,0,1,1,0,0,2
XeRXyj,0,1,1,0,0,2
421eNB,0,1,0,0,0,1
VZ92Pg,1,1,0,0,0,2
yl0Vvp,1,0,0,0,0,1
J2V5bo,1,0,0,0,0,1
QAxPXX,1,0,0,0,0,1
dYZBzr,1,0,0,0,0,1
aBj7lZ,1,0,0,0,0,1
dYZBeq,0,1,0,0,0,1
PA2VP1,1,1,0,0,0,2
qbY0XG,1,0,0,0,0,1
7dJ6OZ,0,1,1,0,0,2
rl0zbN,1,0,0,0,0,1
jB01jR,1,0,0,0,0,1
8dJ7Bx,1,0,0,0,0,1
bl2bP2,1,0,0,0,0,1
zK0PpE,,,,,,0
YZoL0N,,,,,,0
xd0erk,1,0,0,0,0,1
WAev9L,1,0,0,0,0,1
OAjWlM,1,0,0,0,0,1
yl0W28,1,0,0,0,0,1
421gB5,1,1,0,0,0,2
XeRKeY,1,0,0,0,0,1
6d1XeN,0,1,0,0,0,1
NA4epN,0,1,0,0,0,1
jB0OZ1,0,1,0,0,0,1
RzZ70j,1,0,0,0,0,1
dYZ5bD,0,1,1,0,0,2
LdERNp,1,0,0,0,0,1
aBj8rq,1,1,0,0,0,2
vN0QGX,1,0,0,0,0,1
PA2VKd,0,1,0,0,0,1
421g1O,,,,,,0
VZ9k9a,0,1,0,0,0,1
6d1XRP,1,1,0,0,0,2
ZdGpev,1,0,0,0,0,1
g5QRJ1,0,1,1,1,0,3
0EbpD0,1,1,0,0,0,2
421ga5,1,0,0,0,0,1
0EbpkQ,1,1,0,0,0,2
EPB4JX,1,0,0,0,0,1
KMPqxg,1,0,0,0,0,1
VZ92pM,1,0,0,0,0,1
QAx6zA,1,0,0,0,0,1
ZdGpJo,1,0,0,0,0,1
24bMRg,1,0,0,0,0,1
EPB4Pr,1,0,0,0,0,1
yl0Wkd,1,0,0,0,0,1
dYZ5VV,1,0,0,0,0,1
7dJ852,1,0,0,0,0,1
VZ9ky6,0,0,1,0,0,1
zK0a8M,1,0,0,0,0,1
0EbpWj,1,0,0,0,0,1
yl0W8X,0,1,0,0,0,1
PA2aJe,1,0,0,0,0,1
5dly0Z,0,1,1,0,0,2
VZ9kRv,0,1,1,1,0,3
ZdGpqy,1,0,0,0,0,1
rl0zKv,0,1,1,0,0,2
24bM69,1,0,0,0,0,1
24bMXM,1,0,0,0,0,1
ZdGpAe,0,1,1,0,0,2
24bMBM,0,1,0,0,0,1
24bMKD,0,1,0,0,0,1
eBNdrx,1,0,0,0,0,1
5dlyld,0,1,0,0,0,1
6d1XAe,1,0,0,0,0,1
rl0XqM,0,1,1,0,0,2
Al6V2y,1,0,0,0,0,1
0EbpQP,0,1,0,0,0,1
ZdG06a,0,1,1,0,0,2
EPB2aL,1,0,0,0,0,1
bl2BVe,0,1,0,0,0,1
XeRVlO,1,0,0,0,0,1
OAjpDK,0,1,0,0,0,1
KMP7lD,0,1,0,0,0,1
RzZXGp,0,1,0,0,0,1
dYZLxV,1,0,0,0,0,1
NA4KXN,1,0,0,0,0,1
5dl6vZ,1,0,0,0,0,1
kY0DK1,1,0,0,0,0,1
LdEAbJ,1,1,0,0,0,2
jB0dQ1,1,1,0,0,0,2
24bqre,0,1,1,0,0,2
LdEAEv,1,0,0,0,0,1
jB0d5a,1,1,0,0,0,2
EPBjLB,0,1,1,0,0,2
xd0kZv,0,1,1,1,0,3
421WvY,1,0,0,0,0,1
J2VaJR,1,0,0,0,0,1
xd0kly,1,1,0,0,0,2
aBjb9E,1,0,0,0,0,1
24bqRp,1,0,0,0,0,1
RzZXbd,1,0,0,0,0,1
dYZLJV,1,0,0,0,0,1
ZdG4ya,0,1,0,0,0,1
RzZX9K,1,0,0,0,0,1
24bqlL,1,0,0,0,0,1
BGLOW1,1,0,0,0,0,1
421W6r,0,1,0,0,0,1
OA81Q7,,,,,,0
kY0D2o,1,0,0,0,0,1
qbYx9g,1,0,0,0,0,1
WAl9Oj,1,0,0,0,0,1
XeOlxj,0,1,0,0,0,1
pL0jMZ,1,0,0,0,0,1
Rz8KDl,1,0,0,0,0,1
AlWPBB,1,0,0,0,0,1
blNVVL,1,0,0,0,0,1
xd9xaJ,1,1,0,0,0,2
5dEKdb,1,0,0,0,0,1
MA8KaY,1,0,0,0,0,1
WAeGGN,0,1,0,0,0,1
9d2GlK,1,1,0,0,0,2
24O8PA,1,0,0,0,0,1
zKWXbR,1,0,0,0,0,1
jBGDW1,1,0,0,0,0,1
VZoE4y,1,0,0,0,0,1
XeRVRg,0,1,1,1,0,3
yleZ08,0,1,0,0,0,1
VZoEby,1,0,0,0,0,1
g5WjNP,0,1,0,1,0,2
Rz8KZK,0,1,0,0,0,1
Ld51Vj,1,1,0,0,0,2
QA82OG,0,1,0,0,0,1
vNqjz0,1,0,0,0,0,1
vNqj6d,0,1,1,0,0,2
J28KbJ,1,0,0,0,0,1
kYOaKo,0,1,0,0,0,1
blNVJE,1,0,0,0,0,1
1rGP7O,1,0,0,0,0,1
OA81vM,0,1,0,0,0,1
OA81RM,0,1,0,0,0,1
YZVD76,1,0,0,0,0,1
OA81MA,1,1,0,0,0,2
PA8jVx,0,1,0,0,0,1
zKWXB8,0,1,1,0,0,2
MA8K0E,0,1,0,0,0,1
qbjZNG,0,0,0,1,0,1
42PXe5,1,0,0,0,0,1
8djo9k,0,1,0,1,0,2
xd9x9d,1,0,0,1,0,2
zKWXVZ,1,0,0,0,0,1
6dr82B,1,0,0,0,0,1
OA8Dag,0,1,1,1,0,3
5dEBbE,1,0,0,0,0,1
QA8KBk,0,1,0,1,0,2
oAlbEx,1,0,0,0,0,1
42PXVo,1,0,0,0,0,1
eB9qre,1,0,0,0,0,1
eB9qxo,1,1,0,0,0,2
dYQWYA,0,0,1,0,0,1
g5WD9l,0,1,0,1,0,2
Ld51Zj,1,0,0,0,0,1
NA8pBb,1,0,0,0,0,1
42P41o,0,1,0,0,0,1
AlW7Qe,1,0,0,0,0,1
OA8DVY,0,1,0,0,0,1
PA8dEQ,1,0,1,0,0,2
VZoLb6,1,1,0,0,0,2
aBZQA2,1,0,0,0,0,1
OA8Dka,1,0,0,0,0,1
g5WDkJ,1,1,0,0,0,2
oAlb5N,1,1,0,0,0,2
8dj16r,0,1,0,0,0,1
QA8KkY,1,0,0,0,0,1
rl2jYo,0,1,0,0,0,1
EP8kYr,1,0,0,0,0,1
ylePpg,0,1,0,0,0,1
GrYx7e,0,1,0,0,0,1
8dj1jk,1,1,0,0,0,2
6dr8pN,0,1,0,0,0,1
PA8dLV,1,0,0,0,0,1
DV04PZ,1,1,0,1,0,3
9d2qaV,0,1,1,0,0,2
PA8jy5,0,1,0,0,0,1
XeOxkY,1,0,0,0,0,1
AlW7kW,1,0,0,0,0,1
g5WDB1,1,0,0,0,0,1
VZoLrE,1,0,0,0,0,1
QA8Kgl,1,1,0,0,0,2
YZVjaW,1,0,0,0,0,1
24OEMb,0,1,0,0,0,1
Rz8GXv,1,0,0,0,0,1
vNqjL4,0,1,0,0,0,1
zKWxaE,0,1,0,0,0,1
aBZQ8y,1,0,0,0,0,1
NA8q7O,1,0,0,0,0,1
eB955Q,1,0,0,0,0,1
dYQb6K,1,0,0,0,0,1
aBZNLW,0,1,0,1,0,2
jBGe9E,1,0,0,0,0,1
rl2y5l,0,1,1,0,0,2
KM8plV,1,0,0,0,0,1
ZdP9R0,1,0,0,0,0,1
rl2DLl,0,1,1,0,0,2
aBZOZ9,1,0,0,0,0,1
pL4eJZ,1,0,0,0,0,1
42Pazo,1,0,0,0,0,1
9d2N4K,0,1,1,1,0,3
XeO52V,1,0,0,0,0,1
EP8qA2,1,0,0,0,0,1
EP8zro,1,0,0,0,0,1
AlWPgo,0,1,0,0,0,1
AlWrjN,1,0,0,0,0,1
aBZOvy,0,1,0,1,0,2
xd9xzr,1,0,0,0,0,1
VZopvE,0,1,0,0,0,1
eB9ZWo,0,1,1,1,0,3
24Ojye,0,1,0,1,0,2
8djNDz,0,1,1,0,0,2
eB95oJ,0,1,0,0,0,1
J281Po,0,0,1,0,0,1
Rz8Wyj,1,0,0,0,0,1
PA8RQB,0,1,0,0,0,1
blN5jL,1,1,0,0,0,2
5dEXJ6,0,1,0,0,0,1
xd9x8J,0,1,1,0,0,2
vNqX5D,1,0,0,0,0,1
XeO56Y,0,1,0,0,0,1
xd9Vbv,0,0,0,0,1,1
pL4eYB,0,1,0,0,0,1
NA8qGQ,1,0,0,0,0,1
0EoV9y,1,0,0,0,0,1
J281Nd,1,0,0,0,0,1
DV0q8R,0,1,1,0,0,2
QA8oy1,1,0,0,0,0,1
6drDoB,1,0,0,0,0,1
VZopRa,1,0,0,0,0,1
aBZ95W,0,1,0,0,0,1
9d2GA1,1,0,0,0,0,1
GrY6x2,1,0,0,0,0,1
g5WaaK,1,0,0,0,0,1
BG8EjA,1,0,0,0,0,1
aBZ9GX,1,0,0,0,0,1
aBZOMB,0,1,0,0,0,1
AlWzdy,1,0,0,0,0,1
jBGZ74,1,0,0,0,0,1
rl2Djp,1,0,0,0,0,1
zKWjyE,1,0,0,0,0,1
9d2BvV,1,0,0,0,0,1
KM8za7,0,1,0,0,0,1
GrY6re,1,0,0,0,0,1
OA8aLg,1,0,0,0,0,1
NA8rA0,0,1,0,0,0,1
5dEbDb,0,1,0,1,0,2
jBGZBQ,1,0,1,0,0,2
GrY6JZ,1,0,0,0,0,1
yleXOB,1,1,0,0,0,2
OA8akK,0,1,0,0,0,1
jBGZvR,1,0,0,0,0,1
GrY6Xp,1,0,0,0,0,1
zKWjd1,1,1,0,0,0,2
Ld59k1,0,1,0,0,0,1
MA81dX,1,0,0,0,0,1
J28qao,0,1,0,0,0,1
5dEbNZ,1,1,0,0,0,2
VZoGry,1,0,0,0,0,1
6drDqP,1,1,0,1,0,3
1rGXe1,0,1,1,0,0,2
PA8pVV,1,0,0,0,0,1
AlWKzk,0,1,0,0,0,1
lNVBok,1,0,0,0,0,1
PA8pVe,0,0,1,0,0,1
zKWNxa,1,0,0,0,0,1
0Eo7O0,1,0,0,0,0,1
9d2XD4,0,1,1,0,0,2
VZojZl,0,1,0,0,0,1
NA8DVN,0,1,0,0,0,1
7d4bx9,1,0,0,0,0,1
qbjab8,1,0,0,0,0,1
jBGby9,1,0,0,0,0,1
zKWNKE,0,1,0,1,0,2
Ld5zz1,1,0,0,0,0,1
XeOrQg,0,1,0,0,0,1
dYQN8K,1,0,0,0,0,1
rl2Bgl,1,0,0,0,0,1
5dE4eE,0,1,1,0,0,2
QA8Mk7,1,0,0,0,0,1
g5WD6d,1,0,0,0,0,1
jBGaVR,1,0,0,0,0,1
Rz8dZK,0,1,1,0,0,2
42PBdO,1,0,0,0,0,1
GrYxZ2,1,0,0,0,0,1
GrYKgp,1,0,0,0,0,1
NA8Ddl,1,0,0,0,0,1
DV0Kbq,1,0,0,0,0,1
oAlDkx,1,0,0,0,0,1
kYOb9r,0,1,0,0,0,1
OA8lg7,1,0,0,0,0,1
VZoGJ6,1,1,0,0,0,2
VZojqJ,1,0,0,0,0,1
42PQRd,1,1,0,0,0,2
qbja4Y,0,1,1,0,0,2
Rz8KWd,0,1,0,1,0,2
VZoL46,1,0,0,0,0,1
WAl9ee,1,1,0,0,0,2
PA8Dq0,0,1,0,0,0,1
YZVR8v,0,1,0,0,0,1
5dE4Ab,1,0,0,0,0,1
oAlD8M,1,0,0,0,0,1
1rGk8b,1,0,0,0,0,1
rl2BZL,1,0,0,0,0,1
vNqer0,0,1,0,1,0,2
PA815b,0,1,0,0,0,1
WAlEEN,1,0,0,0,0,1
kYOe7j,1,0,0,0,0,1
pL4y0y,1,0,0,0,0,1
NA8lDl,0,1,1,0,0,2
qbjDWk,1,0,0,0,0,1
XeOJMV,0,1,0,0,0,1
1rGdKM,0,1,0,0,0,1
WAlrbP,1,0,0,0,0,1
7d4L12,0,1,0,0,0,1
J28p8z,1,0,0,0,0,1
pL4y4y,1,0,0,0,0,1
oAle1P,0,1,1,1,0,3
DV0kER,0,1,0,0,0,1
AlW2vk,0,1,0,0,0,1
MA8N0g,,,,,,0
EP8dVX,1,0,0,0,0,1
oAleL1,0,1,1,1,0,3
9d2ZNX,1,0,0,0,0,1
NA8l2Q,1,0,0,0,0,1
8djaYO,1,0,0,0,0,1
6drjXo,1,0,0,0,0,1
PA81MP,1,0,0,0,0,1
EP8d7o,0,1,0,0,0,1
1rGdqL,1,0,0,0,0,1
xd9Dxk,0,1,0,0,0,1
BG8pae,0,1,0,0,0,1
pL4y8E,1,1,0,0,0,2
24OABe,0,1,0,0,0,1
rl2Bzo,0,1,1,1,0,3
ZdPO2B,1,0,0,0,0,1
kYOGdZ,1,0,0,0,0,1
zKWy91,1,0,0,0,0,1
eB9rLO,1,0,0,0,0,1
9d2Z6G,1,0,0,0,0,1
pL4or1,0,1,0,0,0,1
dYQ0DA,0,1,0,1,1,3
1rG4xb,0,1,0,0,0,1
5dE9EP,0,0,0,0,1,1
9d2ZjQ,,,,,,0
24OALV,1,1,0,0,0,2
pL4o2J,1,0,0,0,0,1
8djLyl,0,1,0,0,0,1
0Eo859,1,0,0,0,0,1
9d2Zp1,1,0,0,0,0,1
oAlRqe,0,1,1,0,0,2
6drK0J,0,1,0,0,0,1
lNVO4V,0,1,0,0,0,1
AlWp9o,0,1,1,0,0,2
EP8lO4,1,0,0,0,0,1
g5Wqll,1,0,0,0,0,1
8djL45,0,1,0,0,0,1
VZoPrv,1,0,0,0,0,1
rl2oD5,0,1,0,0,0,1
XeO40z,0,1,0,0,0,1
oAl26X,0,1,0,1,0,2
DV07Bp,1,0,0,0,0,1
NA87DN,1,0,0,0,0,1
MA8Ezl,1,0,0,0,0,1
5dE9DN,1,0,0,0,0,1
jBGlx4,1,0,0,0,0,1
blNWNg,1,0,0,0,0,1
GrYRLk,0,1,0,0,0,1
GrYR0k,1,0,0,0,0,1
MA8EAk,0,1,0,0,0,1
OA8787,1,0,0,0,0,1
24OKL9,0,1,0,0,0,1
pL4D9E,,,,,,0
VZozlM,0,1,1,0,0,2
vNqPqv,0,1,1,0,0,2
kYONrJ,1,0,0,0,0,1
aBZ2lE,1,0,0,0,0,1
BG8xbQ,0,1,0,0,0,1
AlWB5N,1,1,0,0,0,2
DV076l,1,0,0,0,0,1
Rz8D9K,1,1,1,0,0,3
jBGl1a,1,0,0,0,0,1
AlWB1D,1,0,0,0,0,1
24OK29,1,0,0,0,0,1
24OPPA,1,0,0,0,0,1
g5WGdN,0,1,0,0,0,1
7d4xXA,1,0,0,0,0,1
ZdPaNA,1,0,0,0,0,1
ZdPadA,0,1,0,0,0,1
eB9R6J,1,0,0,0,0,1
VZoJ4g,1,0,0,0,0,1
ZdPaGe,1,0,0,0,0,1
zKWYR1,1,0,0,0,0,1
1rGV6p,1,1,0,0,0,2
BG87r1,0,1,0,0,0,1
PA8OJ0,0,1,0,0,0,1
QA8V6X,0,1,0,0,0,1
WAlzbQ,1,0,0,0,0,1
vNqyev,0,1,0,0,0,1
aBZY5v,1,0,0,0,0,1
8djQeY,1,0,0,0,0,1
9d2D11,1,0,0,0,0,1
PA8595,1,0,0,0,0,1
XeOWRe,1,0,0,0,0,1
qbjAN9,,,,,,0
42PxP5,1,1,0,0,0,2
oAlMgx,1,1,0,0,0,2
lNVdxp,1,0,0,0,0,1
6dr2Be,1,1,0,0,0,2
42PxMB,1,0,0,0,0,1
0Eo6NQ,,,,,,0
zKWDg0,1,0,0,0,0,1
6dr2lO,1,0,0,0,0,1
EP8WgN,1,1,0,1,0,3
Ld5WAz,0,1,0,0,0,1
MA8bXl,1,0,0,0,0,1
jBGQK9,0,1,0,0,0,1
7d4Ng6,0,1,1,0,0,2
NA86q0,0,1,0,0,0,1
Rz80oj,0,1,0,1,0,2
GrYz6e,1,0,0,0,0,1
rl2AgR,0,1,0,0,0,1
NA86AB,0,1,0,0,0,1
24Oeej,1,0,0,0,0,1
DV0Nvb,1,1,0,0,0,2
zKWD61,1,0,0,0,0,1
Ld5b5O,1,0,0,0,0,1
24OerL,0,1,0,0,0,1
QA8DA8,1,0,0,0,0,1
Rz80VP,0,0,1,0,0,1
AlWd4N,1,0,0,0,0,1
8djKEr,1,0,0,0,0,1
24OeoM,0,1,1,0,0,2
yle6oW,0,1,0,0,0,1
NA8oKO,1,0,0,0,0,1
5dEzOQ,1,0,0,0,0,1
0Eox59,0,1,0,1,0,2
Rz80kv,1,1,0,0,0,2
7d4WYR,0,1,1,0,0,2
oAlyxN,0,1,1,1,0,3
OA8zZg,0,1,1,1,0,3
1rGlOb,0,1,1,0,0,2
OA8zpp,1,1,0,0,0,2
GrYz2j,1,0,0,0,0,1
PA8Add,1,0,0,0,0,1
dYQ6Jo,1,0,0,0,0,1
aBZBNE,0,1,0,0,0,1
jBGB6Y,1,1,0,0,0,2
ylelXW,1,0,0,0,0,1
AlWdeD,1,0,0,0,0,1
VZoZYg,1,0,0,0,0,1
ylelvg,0,1,0,0,0,1
VZoZvv,0,1,0,0,0,1
qbjbj7,0,1,1,1,0,3
Rz8zrp,0,1,0,0,0,1
oAlALb,0,1,0,0,0,1
ylelyX,0,1,0,0,0,1
42P20r,1,0,0,0,0,1
1rGVNl,1,0,0,0,0,1
ylelbd,0,1,1,0,0,2
YZVORq,1,0,0,0,0,1
24OkKb,1,0,0,0,0,1
ZdPV6A,0,1,1,0,0,2
jBGM04,1,1,0,0,0,2
0EoMMA,0,1,0,0,0,1
dYQAjr,1,1,0,0,0,2
YZVOYN,1,0,0,0,0,1
rl2Kql,0,1,0,0,0,1
DV010Z,1,0,0,0,0,1
KM8oBX,0,0,1,0,0,1
g5WA1N,1,0,0,0,0,1
8djkWx,1,0,0,0,0,1
GrY142,0,1,0,0,0,1
Ld5GRl,0,1,0,1,0,2
PA8Exx,1,0,0,0,0,1
7d4ZRR,1,0,0,0,0,1
xd9ZYo,0,1,0,0,0,1
GrY1GO,1,0,0,0,0,1
0EoPBN,1,1,0,0,0,2
eB9EEo,1,0,0,0,0,1
24OrLb,0,1,1,1,0,3
YZVdVv,0,1,0,0,0,1
PA80Pe,1,1,0,0,0,2
J280BR,1,0,0,0,0,1
oAlO1e,1,0,0,0,0,1
zKWe98,,,,,,0
xd9Z7o,1,1,0,0,0,2
yleDb4,1,0,0,0,0,1
7d4NML,1,1,0,0,0,2
24Or0b,0,1,0,0,0,1
QA80QA,1,0,0,0,0,1
KM80XK,1,0,0,0,0,1
8djGNl,1,0,0,0,0,1
oAlOxx,1,0,0,0,0,1
oAloDO,0,1,1,0,0,2
OA80vA,1,0,0,0,0,1
Rz8L7Q,1,0,0,0,0,1
0EoLb0,1,0,0,0,0,1
GrYLqQ,1,0,0,0,0,1
KM8Lgg,1,0,0,0,0,1
zKWJ7k,1,1,0,0,0,2
dYQjYd,1,0,0,0,0,1
AlWDde,0,1,0,0,0,1
WAlYYN,0,1,1,0,0,2
5dEvMP,1,0,0,0,0,1
YZVYvz,0,1,0,0,0,1
dYQjpN,1,0,0,0,0,1
EP8Dr2,0,1,0,0,0,1
NA8Y1O,0,1,1,0,0,2
OA8Yxa,1,1,0,0,1,3
42PveX,0,0,1,0,0,1
eB92Gx,1,0,0,0,0,1
GrYDNp,0,1,0,0,0,1
oAldrV,1,0,0,0,0,1
NA8Yvp,0,1,0,0,0,1
kYOWV1,1,0,0,0,0,1
qbjKvY,0,0,1,0,0,1
DV0JEj,0,1,0,0,0,1
pL472P,1,0,0,0,0,1
yleEB8,0,1,0,0,0,1
42PoWY,0,1,1,0,0,2
0Eo8pZ,1,0,0,0,0,1
NA805j,1,0,0,0,0,1
jBG96E,,,,,,0
zKWQja,1,0,0,0,0,1
42PN8B,1,0,0,0,0,1
42PN2B,0,1,0,0,0,1
GrYBJQ,1,1,0,0,0,2
WAlpBj,,,,,,0
VZo1bM,0,1,1,1,0,3
EP8bar,1,1,0,0,0,2
8djpW5,1,0,0,0,0,1
kYORko,0,1,1,0,0,2
VZo1BJ,0,1,1,1,0,3
J28kGo,1,0,0,0,0,1
vNqxbv,0,1,0,0,0,1
vNqxp0,1,0,0,0,0,1
AlWbko,0,1,0,0,0,1
0EojW0,1,0,0,0,0,1
VZo1el,1,0,0,0,0,1
lNVlPX,0,1,0,0,0,1
Ld5MLO,0,1,1,1,0,3
aBZjQZ,1,0,0,0,0,1
XeOBKz,1,0,0,0,0,1
xd90dy,1,1,0,0,0,2
jBG0la,0,1,0,0,0,1
vNq0Xl,1,0,0,0,0,1
XeORJY,1,0,0,0,0,1
6dr1OO,0,1,0,0,0,1
GrYoqQ,1,0,0,0,0,1
VZo946,0,1,0,0,0,1
1rGbOg,1,0,0,0,0,1
AlW6Nz,1,0,0,0,0,1
eB9Nlk,1,1,0,0,0,2
Rz8Z7p,1,0,0,0,0,1
PA82QV,0,1,0,0,0,1
VZo91E,1,0,0,0,0,1
J288qz,1,0,0,0,0,1
Rz88xv,0,1,1,1,0,3
24OOAe,1,0,0,0,0,1
6drrRk,,,,,,0
xd99Ny,1,0,0,0,0,1
J288B7,1,1,0,0,0,2
DV00VZ,1,0,0,0,0,1
MA88WM,1,0,0,0,0,1
vNqq14,1,0,0,0,0,1
xd99Gr,0,1,1,0,0,2
7d4JOR,1,0,0,0,0,1
5dE89b,1,0,0,0,0,1
VZovVj,0,1,1,0,0,2
oAlKke,1,0,0,0,0,1
42PAoA,1,0,0,0,0,1
YZVpBz,0,1,0,0,0,1
WAlD0e,1,0,0,0,0,1
aBZAYE,0,1,0,0,0,1
5dEeb6,1,0,0,0,0,1
aBZK8b,0,1,0,1,0,2
7d4aDz,0,1,0,0,0,1
xd9R4v,1,1,1,0,0,3
zKWGyq,1,0,0,0,0,1
aBZAD2,1,0,0,0,0,1
BG8jLe,1,0,0,0,0,1
6drWyB,0,0,1,0,0,1
NA8Mj0,1,0,0,0,0,1
GrYq4p,0,1,0,0,0,1
aBZAWW,0,1,0,0,0,1
jBGkaJ,0,1,1,1,0,3
8djRol,0,1,0,0,0,1
g5WkQK,1,0,0,0,0,1
vNqdzg,0,1,1,0,0,2
PA8GWe,1,0,0,0,0,1
zKWLyk,1,0,0,0,0,1
eB9v7O,1,0,0,0,0,1
YZVkOB,0,1,0,0,0,1
blNvR1,1,0,0,0,0,1
lNVvz6,1,0,0,0,0,1
QA8kPp,1,0,0,0,0,1
0EoaXN,1,1,1,0,0,3
9d24ZK,1,0,0,0,0,1
24O70L,1,0,0,0,0,1
lNVv5V,1,0,0,0,0,1
BG8eRe,1,0,0,0,0,1
Ld5oZj,1,0,0,0,0,1
KM8R9z,1,0,0,0,0,1
ylegqW,0,1,1,0,1,3
jBGgEQ,0,1,1,0,0,2
7d4jzR,1,0,0,0,0,1
NA8gMW,1,0,0,0,0,1
0EolEy,1,0,0,0,0,1
vNqpVl,0,1,0,0,0,1
rl2pWX,1,0,0,0,0,1
24OZrj,0,1,1,0,0,2
24OZ99,1,0,0,0,0,1
GrYyvj,1,0,0,0,0,1
aBZo4W,0,1,0,0,0,1
GrYyv2,1,0,0,0,0,1
oAlpr1,0,1,0,0,0,1
blNyVg,0,0,1,0,0,1
kYOQN1,0,1,0,0,0,1
DV0Py5,1,0,0,0,0,1
KM8Nkg,0,1,1,1,0,3
MA82rp,1,0,0,0,0,1
KM8718,1,0,0,0,0,1
DVABNq,0,1,1,0,0,2
PAvpP1,,,,,,0
aBK9lZ,0,1,0,0,0,1
7d1qYZ,1,0,0,0,0,1
aBK5GX,1,0,0,0,0,1
241AGA,0,1,0,0,0,1
oAK2l5,1,0,0,0,0,1
eBKaMk,0,1,0,0,0,1
g5Y9XO,0,1,0,0,0,1
AlAB5z,1,0,0,0,0,1
oAKGpN,0,1,0,0,0,1
zK2YQq,1,1,0,0,0,2
dYKdod,0,1,0,0,0,1
7d1xrR,1,0,0,0,0,1
aBKYRX,1,0,0,0,0,1
oAKMjb,1,0,0,0,0,1
kYKybM,1,0,0,0,0,1
WADNek,,,,,,0
NAM6Yp,1,0,0,0,0,1
jB5yQ9,1,0,0,0,0,1
yljly0,1,0,0,0,0,1
oAKBJe,1,0,0,0,0,1
eBKAGk,1,1,0,1,0,3
KMv6KK,0,1,0,0,0,1
vNE2Zl,1,0,0,0,1,2
KMvLNM,1,0,0,0,0,1
lNKWjB,1,0,0,0,0,1
PAvXE5,1,0,0,0,0,1
9dpvKG,1,0,0,0,0,1
0E1vgN,0,1,1,0,0,2
OAdJzR,0,1,1,0,0,2
pLRWYb,0,1,0,0,0,1
5d8GLd,0,1,0,0,0,1
1rDJYl,1,0,0,0,0,1
241vE9,1,0,0,0,0,1
rlGraX,1,0,0,0,0,1
KMvJZX,1,0,0,0,0,1
BGADYN,1,0,0,0,0,1
g5YNYd,0,1,0,0,0,1
YZpzy0,0,1,0,0,0,1
OAdBMa,1,0,0,0,0,1
dYK2oV,1,0,0,0,0,1
vNE0Dd,1,0,0,0,0,1
J2XkXd,1,1,0,0,0,2
vNE0Y8,1,0,0,0,0,1
DVAXPb,1,0,0,0,0,1
EPv8WN,1,0,0,0,0,1
YZpVlq,1,0,0,0,0,1
jB5MEY,1,0,0,0,0,1
42AA2k,1,0,0,0,0,1
DVAAYl,0,1,1,0,1,3
g5YW51,1,0,0,0,0,1
WADM8v,0,1,1,0,0,2
NAMbXp,,,,,,0
1rDDZO,1,0,0,0,0,1
qboJdg,1,0,0,0,0,1
0E11K6,0,1,1,0,0,2
pLRJ9y,1,0,0,0,0,1
QAvzjk,0,1,0,0,0,1
EPvZjN,1,0,0,0,0,1
xd4RKr,1,0,0,0,0,1
42Ap4O,0,1,0,1,0,2
0E1D5Z,1,0,0,0,0,1
g5YkOd,1,0,0,0,0,1
ZdvD8z,1,0,0,0,0,1
lNKMov,1,0,0,0,0,1
rlGJKR,1,0,0,0,0,1
RzvkQl,1,0,0,0,0,1
241oZD,1,1,0,0,0,2
aBKzLq,0,0,1,0,0,1
Xe1QPj,0,1,0,0,0,1
GrX79O,0,1,0,0,0,1
DVAW05,1,0,0,0,0,1
MAvG7g,1,0,0,0,0,1
QAv458,1,0,0,0,0,1
KMvO2z,0,1,0,0,0,1
8dAEWk,1,0,0,0,0,1
VZvdYN,1,0,0,0,0,1
BGADV5,1,0,0,0,0,1
yljg5d,1,0,0,0,0,1
pLR9Z1,0,1,1,0,0,2
pLR1jb,1,0,0,0,0,1
g5YxdK,0,1,0,0,0,1
7d1ge9,0,1,0,0,0,1
oAKaVP,1,0,0,0,0,1
ZdvLxe,0,1,0,0,0,1
lNK9jV,1,0,0,0,0,1
PAvLGe,1,0,0,0,0,1
Xe1dzY,1,0,0,0,0,1
6dAGGe,1,0,0,0,0,1
7d1YLZ,1,0,0,0,0,1
vNEaD0,1,0,0,1,0,2
pLRNKb,1,0,0,0,0,1
zK2AN0,1,0,0,0,0,1
LdvjJ2,1,0,0,0,0,1
DVAoQj,1,0,0,0,0,1
xd4bKy,1,0,0,0,0,1
blKRbo,0,1,0,0,0,1
xd48r9,1,1,1,0,0,3
9dp0bY,0,1,0,0,0,1
Rzvqrp,0,1,0,0,0,1
GrXOqp,0,1,1,0,0,2
0E1qKB,1,0,0,0,0,1
GrXOXp,1,0,0,0,0,1
7d1rKL,1,0,0,0,0,1
Zdvr9y,1,0,0,0,0,1
vNE5Og,1,0,0,0,0,1
8dA45x,0,0,1,0,0,1
Xe1PKP,1,0,0,0,0,1
g5Y6KP,1,0,0,0,0,1
pLR20y,0,1,0,0,0,1
RzvqeQ,0,1,0,0,0,1
8dABok,0,1,0,0,0,1
8dAB1r,0,1,0,0,0,1
OAd2ZY,1,0,0,0,0,1
kYK2lj,1,1,0,0,0,2
RzvADQ,1,0,0,0,0,1
9dp82p,0,1,1,0,0,2
NAMaMQ,1,0,0,0,0,1
pLRElV,0,1,1,0,0,2
241pJj,0,1,0,0,0,1
jB5KdJ,1,0,0,0,0,1
eBKxvq,1,1,0,1,0,3
dYKPVN,1,0,0,0,0,1
GrYYvz,0,1,1,0,0,2
jB5Ne4,1,0,0,0,0,1
5d8Rbo,0,1,0,0,0,1
7d1GbZ,1,0,0,0,0,1
OAdOL8,1,0,0,0,0,1
blK0G0,1,0,0,0,0,1
xd4kxy,1,0,0,0,0,1
g5YRyl,0,0,1,0,0,1
Xe1KVj,1,0,0,0,0,1
VZvREv,1,0,0,0,0,1
zK2p0M,1,1,0,1,0,3
J2XaDr,1,0,0,0,0,1
pLRj4B,1,0,0,0,0,1
yljKbW,0,1,1,0,0,2
VZvRWl,1,0,0,0,0,1
blY5eZ,1,0,0,0,0,1
Al47oW,0,1,0,1,0,2
lNYaNN,1,0,0,0,0,1
WAKOvP,0,1,0,1,0,2
8d6Nxl,0,1,0,0,0,1
jBJeBJ,0,1,0,0,0,1
QAz1z7,0,1,0,0,0,1
lNYBPN,0,1,0,0,0,1
PAbpo1,1,1,0,0,0,2
1rNdW1,,,,,,0
oA5EQ1,0,1,0,0,0,1
KMW55V,1,0,0,0,0,1
Zd1Eao,0,1,1,0,0,2
VZbQlv,1,0,0,0,0,1
rlJOM2,1,0,0,0,0,1
8d6ZNA,,,,,,0
NAbX0l,0,1,0,0,0,1
DVxplq,1,0,0,0,0,1
Xe84rd,1,0,0,0,0,1
blYW2Z,1,0,0,0,0,1
NAb78l,0,1,1,0,0,2
oA5285,0,1,0,0,0,1
eB0aEx,0,1,1,0,0,2
vNJP54,0,1,0,0,0,1
RzbPjj,1,1,0,0,0,2
oA5GOM,0,1,0,0,0,1
Al4vRB,1,1,0,0,0,2
9dRQYG,1,0,0,0,0,1
24lNeL,1,1,1,1,0,4
9dRDjY,1,0,0,0,0,1
NAb6Pb,1,0,0,0,0,1
dY86Dq,0,1,0,0,0,1
vNJA6l,1,0,0,0,0,1
OAbzv7,0,1,0,0,0,1
eB0BZq,1,0,0,0,0,1
BGjXPN,0,1,1,1,0,3
9dRdbV,1,0,0,0,0,1
DVx1aR,1,0,0,0,0,1
J2eDgY,1,0,0,0,0,1
GrqJeo,1,0,0,0,0,1
Xe8YXY,1,0,0,0,0,1
VZbMby,1,0,0,0,0,1
RzbJ9v,0,1,0,0,0,1
VZb1Wv,1,0,0,0,0,1
qbJoAk,,,,,,0
xdR4ro,1,0,0,0,0,1
PAbvbe,0,1,0,1,0,2
rlJGpv,0,1,0,0,0,1
VZbv6N,0,1,1,0,0,2
24l1RL,0,1,0,0,0,1
OAbV78,1,0,0,0,0,1
xdRgQy,0,1,0,0,1,2
5de0vv,1,0,0,0,0,1
g5JybJ,0,1,0,0,0,1
42p4kd,1,0,0,0,0,1
42paed,1,0,0,0,0,1
eB0ezx,0,1,1,1,0,3
Ld69rj,1,0,0,0,0,1
aBaYav,1,1,0,0,0,2
DVZNMN,1,0,0,0,0,1
eBYArx,0,1,0,0,0,1
AljJve,0,1,0,0,0,1
J2WRlr,0,0,1,0,0,1
7dpxRz,0,1,0,0,0,1
PAGExV,1,0,0,0,0,1
PAG05P,0,1,1,0,0,2
8dRe5Y,1,0,0,0,0,1
RzVLkd,1,0,0,0,0,1
Xe2EGV,1,0,0,0,0,1
42pjyB,0,1,1,0,0,2
1rpMZg,1,0,0,0,0,1
GrQL1z,1,0,0,0,0,1
qbkKrG,1,1,0,0,0,2
rlkdNv,0,1,0,0,0,1
OAoB5M,0,1,0,0,0,1
bl62ee,0,1,1,0,0,2
GrQYrj,0,1,0,0,0,1
bl6Nr2,0,1,1,0,0,2
YZxV75,0,1,1,0,0,2
8dRAxz,1,0,0,0,0,1
BG2jrR,,,,,,0
BG2j71,1,0,0,0,0,1
lNMvqk,0,1,0,0,0,1
5dpOVM,1,0,0,0,0,1
jBkEvR,1,0,0,0,0,1
ZdZWkv,1,0,0,0,0,1
dYkpxA,1,0,0,0,0,1
0EDlP0,0,1,0,0,0,1
42pdPB,1,0,0,0,0,1
zK1oKM,1,0,0,0,0,1
24Dylp,0,1,0,0,0,1
QAOaNl,1,0,0,0,0,1
KMaZGk,1,0,0,0,0,1
24DYOb,0,1,0,0,0,1
24DYpV,1,0,0,0,0,1
KMa2YK,1,0,0,0,0,1
dYkJoN,1,1,0,0,0,2
Ld6L9j,1,0,0,0,0,1
blYxP2,1,0,0,0,0,1
KMaj18,0,1,0,0,0,1
24DOYj,1,0,0,0,0,1
dYkydo,1,0,0,0,0,1
Ld68Ay,1,0,0,0,0,1
RzVOOv,1,0,0,0,0,1
yldOGB,1,0,0,0,0,1
oAkX95,1,0,0,0,0,1
Ld6lQ2,1,0,0,0,0,1
oAkXAP,1,1,0,0,0,2
aBa8l9,0,1,1,1,0,3
qbkxdk,1,0,0,0,0,1
lNMoMv,1,0,0,0,0,1
J2Wa7X,1,0,0,0,0,1
J2M1ko,,,,,,0
7dMLqa,1,1,1,0,0,3
42zJob,1,1,1,0,0,3
MAMNrY,1,0,0,0,0,1
eBvrAl,,,,,,0
BG0pZK,1,0,0,0,0,1
VZDzDg,1,0,0,0,0,1
ZdDdjy,0,0,1,0,0,1
pLvp8J,,,,,,0
J2M4vz,1,0,0,0,0,1
lNvxGB,0,1,0,0,0,1
jBv18R,1,0,0,0,0,1
42zgZb,1,0,0,0,0,1
BG0OK1,1,0,0,0,0,1
24o8aA,1,0,0,0,0,1
kYzalJ,1,0,0,0,0,1
42OQ7r,1,0,0,0,0,1
NAPD6p,1,0,0,0,0,1
zKdykZ,1,0,0,0,0,1
RzjoPd,0,1,1,0,0,2
jBzo99,0,1,1,0,0,2
Grb9O2,1,0,0,0,0,1
g5z9gM,1,0,0,0,0,1
OAE5V7,1,0,0,0,0,1
5dVzNP,1,0,0,0,0,1
DVaVJ5,0,1,0,0,0,1
7dEobZ,1,0,0,0,0,1
9d4vR4,1,0,0,0,0,1
vNzL7d,1,0,0,0,0,1
GrbJYp,0,1,0,1,0,2
Al96kN,1,0,0,0,0,1
MAV78l,,,,,,0
Al9jbl,1,0,0,0,0,1
24oDgL,0,1,0,0,0,1
blzzoL,1,0,0,0,0,1
VZNxYM,0,1,1,0,0,2
DVaWjl,0,1,1,0,0,2
KMGOe7,1,0,0,0,0,1
blzgY1,0,1,0,0,0,1
KMGOjK,1,0,0,0,0,1
LdOgG1,1,0,0,0,0,1
yl1GZ8,1,1,0,0,0,2
Zdegkz,1,0,0,0,0,1
BGe5v5,0,1,0,0,0,1
eBz8bE,0,1,1,0,0,2
xdz8yk,1,0,0,0,0,1
oAzL9x,,,,,,0
0EkEeB,1,0,0,0,0,1
QA4GOY,1,1,0,0,0,2
9d4eBQ,0,1,1,0,0,2
rlYNrp,1,0,0,0,0,1
rlqy52,0,1,0,0,0,1
qbN5N7,0,1,0,0,0,1
AlQKkB,1,0,0,0,0,1
8dEazr,1,0,0,0,0,1
DVWzjb,0,1,1,0,0,2
oAxM95,1,0,0,0,0,1
lN4RDV,1,1,0,0,0,2
jBEq21,0,1,0,0,0,1
QAEpMA,1,0,0,0,0,1
xd67ZE,1,0,0,0,0,1
WAZarR,,,,,,0
OAVNZK,1,0,0,0,0,1
jBEVgx,1,0,0,0,0,1
aBlMgq,0,0,0,0,1,1
oAxPWX,0,1,1,0,0,2
qbN99Y,0,1,1,0,0,2
Ldo8Pz,1,0,0,0,0,1
0EAKN6,0,0,0,0,1,1
J2BN4o,0,1,0,0,0,1
9dxN61,,,,,,0
xdgr4o,1,0,0,0,0,1
LdVpav,1,0,0,0,0,1
BG67VA,1,0,0,0,0,1
Xe90az,1,0,0,0,0,1
1rO7Wp,1,0,0,0,0,1
dYzkGz,1,0,0,0,0,1
kYgAej,1,0,0,0,0,1
1rOvvQ,0,1,0,0,0,1
1rOvMQ,1,0,0,0,0,1
Rz2JQv,1,1,0,0,0,2
ZdWzBV,1,0,0,0,0,1
24VxvM,0,1,1,1,0,3
pL54N8,1,1,1,0,0,3
QAjOAg,0,1,0,0,0,1
42EpEY,0,1,0,0,0,1
PA44VP,0,1,0,0,1,2
vNgpPD,0,1,0,0,0,1
g5ggRM,1,1,0,1,0,3
rlgbDN,0,1,0,0,0,1
0EGYe9,0,1,1,0,0,2
