id,sugar,artificial,honey,maple,stevia,agave,brownsugar,rawsugar,selection_ct
gMR29l,,,,,,,,,0
BkPN0e,,,,,,,,,0
W5G8jj,,,,,,,,,0
4xWgGr,,,,,,,,,0
QD27Q8,,,,,,,,,0
V0LPeM,,,,,,,,,0
V0Gaxg,,,,,,,,,0
AdzRL0,,,,,,,,,0
LbWda2,,,,,,,,,0
EXQLWN,,,,,,,,,0
2eNLJg,,,,,,,,,0
xpa2K9,,,,,,,,,0
V00RoJ,,,,,,,,,0
7WWB4A,,,,,,,,,0
pKL8aB,,,,,,,,,0
Zd694B,,,,,,,,,0
QAeYZY,,,,,,,,,0
QA5JYA,1,0,0,0,0,0,1,0,2
Rz5BPj,,,,,,,,,0
jyDqva,,,,,,,,,0
eB7QoJ,,,,,,,,,0
24xzlg,,,,,,,,,0
DVvoqX,,,,,,,,,0
1r2YJQ,,,,,,,,,0
24xYOV,,,,,,,,,0
AlbYao,,,,,,,,,0
J2krYz,,,,,,,,,0
WAp6ak,,,,,,,,,0
aBr18q,,,,,,,,,0
42NYWO,,,,,,,,,0
6dQ08e,,,,,,,,,0
J2kj9J,,,,,,,,,0
8dpDNA,,,,,,,,,0
EPbVlL,,,,,,,,,0
ylqbBg,,,,,,,,,0
vNx6A4,,,,,,,,,0
KMB2og,,,,,,,,,0
qbEQPO,,,,,,,,,0
9dJ0O5,,,,,,,,,0
BGboZR,0,0,1,0,0,0,0,0,1
oAVNdO,,,,,,,,,0
YZzBdN,,,,,,,,,0
VZ17Z6,,,,,,,,,0
RzBeZj,,,,,,,,,0
0Ej0GZ,1,0,0,0,0,0,1,0,2
eBxO4l,,,,,,,,,0
WApbkQ,,,,,,,,,0
0Ej0WA,,,,,,,,,0
9dJYlQ,,,,,,,,,0
BGbJzQ,0,0,0,0,0,0,1,0,1
OABqpR,,,,,,,,,0
bl41Zg,1,0,0,0,0,0,0,0,1
GrBVrk,,,,,,,,,0
WApbYk,,,,,,,,,0
eBxG20,,,,,,,,,0
24x9NA,,,,,,,,,0
NAB2qB,,,,,,,,,0
RzBqoJ,,,,,,,,,0
jB98xY,,,,,,,,,0
LdMxB2,,,,,,,,,0
GrBOrz,,,,,,,,,0
5dqajd,,,,,,,,,0
VZ1W0E,,,,,,,,,0
NABN5G,,,,,,,,,0
6dQY8o,,,,,,,,,0
WAp6va,,,,,,,,,0
EPbVGA,1,0,0,0,0,0,0,0,1
OABqQp,0,0,0,0,0,0,1,1,2
DVvOop,,,,,,,,,0
KMBrLz,,,,,,,,,0
jB9r21,,,,,,,,,0
pLPYLE,,,,,,,,,0
oAV8yX,,,,,,,,,0
aBrp0W,1,1,0,0,0,0,0,0,2
g5NPxK,,,,,,,,,0
bl41kE,,,,,,,,,0
GrBO1z,,,,,,,,,0
xdN8Q9,,,,,,,,,0
vNx8Xv,,,,,,,,,0
dY2JPN,,,,,,,,,0
MAdjLE,,,,,,,,,0
6dQ6xo,,,,,,,,,0
7d97lZ,,,,,,,,,0
0EjqPQ,,,,,,,,,0
BGbJD4,,,,,,,,,0
9dJYbp,,,,,,,,,0
xdNbJ9,,,,,,,,,0
EPbVLl,,,,,,,,,0
pLPNQJ,,,,,,,,,0
AlbMLW,,,,,,,,,0
EPboPq,,,,,,,,,0
ylq8yW,,,,,,,,,0
J2kEDz,,,,,,,,,0
24x9Lg,,,,,,,,,0
0EjYb6,,,,,,,,,0
ZdRb6a,,,,,,,,,0
WApbdP,,,,,,,,,0
24xY69,,,,,,,,,0
RzBqWd,,,,,,,,,0
RzBqLv,,,,,,,,,0
oAV8d5,,,,,,,,,0
oAV8OM,,,,,,,,,0
AlbYyW,0,0,1,0,0,0,0,0,1
KMB4kk,,,,,,,,,0
42N0Kd,,,,,,,,,0
0Ej0VZ,0,1,1,1,0,1,0,0,4
rlrQQo,,,,,,,,,0
vNx84X,,,,,,,,,0
OABxLk,,,,,,,,,0
MAd2V0,,,,,,,,,0
8dpbGk,,,,,,,,,0
zKQ8ja,,,,,,,,,0
YZzBLJ,0,0,0,1,0,0,0,0,1
QABNdl,0,1,0,0,0,0,0,0,1
8dpbko,,,,,,,,,0
XeB6Ee,,,,,,,,,0
KMBroK,,,,,,,,,0
24x9rg,,,,,,,,,0
dY2JjD,,,,,,,,,0
LdMjyz,,,,,,,,,0
9dJYM1,,,,,,,,,0
kYR4rj,,,,,,,,,0
pLPN7q,,,,,,,,,0
6dQ0eO,1,0,0,0,0,0,0,1,2
42NlLd,,,,,,,,,0
LdMxaj,,,,,,,,,0
BGbJZ4,,,,,,,,,0
J2kER7,,,,,,,,,0
eBxgQO,1,1,1,1,0,0,1,0,5
J2kELz,1,0,0,0,0,0,0,0,1
LdMjqJ,,,,,,,,,0
oAVNeM,,,,,,,,,0
oAVZ95,,,,,,,,,0
eBxGvE,,,,,,,,,0
g5NPYO,,,,,,,,,0
xdNbxo,,,,,,,,,0
zKQ8ZZ,,,,,,,,,0
rlrQxl,,,,,,,,,0
VZ1W8N,,,,,,,,,0
WAp6PN,,,,,,,,,0
DVvo9l,0,0,0,0,0,0,0,1,1
ylqAdB,,,,,,,,,0
rlrQP2,,,,,,,,,0
EPbo0L,,,,,,,,,0
ylqAY6,,,,,,,,,0
AlbR7B,,,,,,,,,0
EPbVxA,,,,,,,,,0
BGboo4,,,,,,,,,0
dY2GGD,,,,,,,,,0
oAV8o5,,,,,,,,,0
WApa9N,1,0,0,0,0,0,0,0,1
BGbJE5,1,0,0,0,0,0,0,0,1
0EjzA9,,,,,,,,,0
vNx6YX,,,,,,,,,0
WApaAQ,,,,,,,,,0
J2krZX,,,,,,,,,0
oAVN6V,,,,,,,,,0
VZ1WVN,,,,,,,,,0
42Nlko,,,,,,,,,0
RzBq4P,,,,,,,,,0
1r2QM4,,,,,,,,,0
LdM4d2,,,,,,,,,0
42N0dB,,,,,,,,,0
jB98M9,,,,,,,,,0
1r205O,,,,,,,,,0
5dq0yE,,,,,,,,,0
YZzb4N,,,,,,,,,0
QABq7Y,,,,,,,,,0
PABQDd,,,,,,,,,0
9dJY7E,1,1,0,0,0,0,0,0,2
24xYgM,,,,,,,,,0
KMB25K,,,,,,,,,0
RzBqzP,,,,,,,,,0
GrBEvo,,,,,,,,,0
rlrQrv,,,,,,,,,0
LdMxpz,,,,,,,,,0
ZdRblA,,,,,,,,,0
bl4My7,,,,,,,,,0
XeB72d,,,,,,,,,0
zKQBXq,,,,,,,,,0
rlr9Yv,1,1,0,0,1,0,1,1,5
dY2GNy,,,,,,,,,0
zKQA18,1,0,0,0,0,0,0,0,1
ZdRAAV,0,1,0,0,1,0,0,0,2
VZ17Ev,,,,,,,,,0
NAB2Ab,,,,,,,,,0
rlr9yM,,,,,,,,,0
5dqYbv,,,,,,,,,0
AlbRKW,,,,,,,,,0
ylqb6X,,,,,,,,,0
dY2o6d,,,,,,,,,0
dY2oKz,,,,,,,,,0
oAVN61,,,,,,,,,0
rlr9yv,,,,,,,,,0
kYR4Nr,,,,,,,,,0
zKQ4kq,,,,,,,,,0
RzBeoP,,,,,,,,,0
24xYJL,,,,,,,,,0
ZdRAWA,,,,,,,,,0
rlr9OL,,,,,,,,,0
PABQdQ,,,,,,,,,0
1r20NQ,,,,,,,,,0
qbEqj2,,,,,,,,,0
g5NV9P,,,,,,,,,0
42NY8Y,,,,,,,,,0
GrBVJp,,,,,,,,,0
7d90RL,,,,,,,,,0
lNl8WV,1,0,0,0,0,0,0,0,1
vNxaEA,,,,,,,,,0
0EjY5P,,,,,,,,,0
eBxO5q,0,0,0,0,0,0,1,0,1
blx47Z,1,0,0,0,0,0,0,0,1
lNlXyB,0,0,0,0,0,0,0,1,1
1r2Yx4,,,,,,,,,0
1r20WM,,,,,,,,,0
J2krad,,,,,,,,,0
DVvo05,,,,,,,,,0
VZ1aJj,,,,,,,,,0
42N0ab,,,,,,,,,0
aBrJxZ,0,0,0,0,0,0,0,1,1
9dJ0qG,,,,,,,,,0
PABN1x,,,,,,,,,0
8dpDDk,,,,,,,,,0
qA2y0O,,,,,,,,,0
V0ELg6,0,0,0,0,1,0,0,0,1
zKQ8Qg,,,,,,,,,0
VZ1WYN,,,,,,,,,0
jB98W1,,,,,,,,,0
24x9Rj,,,,,,,,,0
rlr82o,,,,,,,,,0
QABNj7,,,,,,,,,0
vNx8El,,,,,,,,,0
jB98WY,,,,,,,,,0
LdM4Op,,,,,,,,,0
qbE8gG,,,,,,,,,0
bl41zZ,,,,,,,,,0
xdN8yk,,,,,,,,,0
rlr8LX,0,0,0,0,1,0,0,0,1
jB98ga,,,,,,,,,0
pLPY01,1,0,0,0,0,0,0,0,1
GrBODO,,,,,,,,,0
7d97a0,,,,,,,,,0
WApale,,,,,,,,,0
0EjqlN,0,1,0,0,0,0,0,0,1
oAV8dN,,,,,,,,,0
0Ejqaj,,,,,,,,,0
5dqaeZ,,,,,,,,,0
g5N8v4,,,,,,,,,0
oAV8lb,,,,,,,,,0
AlbMyz,,,,,,,,,0
jB9871,,,,,,,,,0
9dJA2E,,,,,,,,,0
PABZBx,,,,,,,,,0
DVvRWR,,,,,,,,,0
dY2JDV,,,,,,,,,0
bl41Y1,,,,,,,,,0
rlr8vR,,,,,,,,,0
xdN89d,,,,,,,,,0
kYR8Jo,,,,,,,,,0
YZz7xW,,,,,,,,,0
RzBq29,,,,,,,,,0
24x9DD,,,,,,,,,0
rlr8k2,,,,,,,,,0
7d97ER,,,,,,,,,0
GrBOBO,,,,,,,,,0
42NlPr,,,,,,,,,0
XeB6OP,,,,,,,,,0
VZ1W4y,,,,,,,,,0
kYR8ve,,,,,,,,,0
YZz7oN,,,,,,,,,0
OABxYM,,,,,,,,,0
xdN8lv,,,,,,,,,0
eBxgYk,,,,,,,,,0
RzBqj9,,,,,,,,,0
1r2QGg,,,,,,,,,0
pLPYZJ,,,,,,,,,0
MAdj6k,,,,,,,,,0
OABxER,,,,,,,,,0
BGbJ0K,,,,,,,,,0
qbE8jO,,,,,,,,,0
kYR8ze,,,,,,,,,0
GrBODQ,,,,,,,,,0
vNx8KD,,,,,,,,,0
oAV8VN,,,,,,,,,0
VZ1Wxg,,,,,,,,,0
24x9Oe,,,,,,,,,0
KMBrO8,,,,,,,,,0
WApa1v,,,,,,,,,0
bl41gL,,,,,,,,,0
EPbovB,0,1,0,0,0,0,1,0,2
ylq8e8,,,,,,,,,0
24x9ZL,,,,,,,,,0
MAdjGM,,,,,,,,,0
24x9Zj,,,,,,,,,0
rlr8kR,,,,,,,,,0
g5N8pl,,,,,,,,,0
rlr8qN,,,,,,,,,0
ylq87g,,,,,,,,,0
GrBO7Z,,,,,,,,,0
NAB2Rj,,,,,,,,,0
RzBqkj,,,,,,,,,0
xdN86r,,,,,,,,,0
9dJArQ,,,,,,,,,0
EPboa4,,,,,,,,,0
WApaQN,,,,,,,,,0
42NlN5,,,,,,,,,0
AlbM50,,,,,,,,,0
QABNap,,,,,,,,,0
dY2Jkd,0,0,0,0,1,0,0,0,1
RzBqr9,,,,,,,,,0
lNl89W,0,1,0,0,0,0,0,0,1
PABZGB,,,,,,,,,0
RzBqjj,1,0,0,0,0,0,0,1,2
LdM4ov,,,,,,,,,0
GrBO5k,,,,,,,,,0
ZdRbWo,,,,,,,,,0
AlbMQD,,,,,,,,,0
42NlqX,,,,,,,,,0
24x9D9,,,,,,,,,0
oAV81V,,,,,,,,,0
QABNE7,,,,,,,,,0
6dQ6QN,,,,,,,,,0
KMBrkV,1,0,0,0,0,0,0,0,1
g5N8NJ,,,,,,,,,0
aBrpab,1,0,0,0,0,0,0,0,1
OABxVR,,,,,,,,,0
aBrpPq,,,,,,,,,0
bl41vZ,1,0,0,0,0,0,0,0,1
oAV8kO,,,,,,,,,0
qbE8NG,,,,,,,,,0
eBxgoe,,,,,,,,,0
aBrpkB,,,,,,,,,0
vNx8g0,,,,,,,,,0
NAB2Ol,,,,,,,,,0
GrBObk,,,,,,,,,0
kYR8x1,0,0,0,0,0,0,0,1,1
g5N8z4,1,0,0,1,0,0,0,0,2
lNl8zv,,,,,,,,,0
jB98z4,,,,,,,,,0
RzBqVj,,,,,,,,,0
BGbJ6Q,,,,,,,,,0
5dqagd,,,,,,,,,0
QABN8Y,1,0,0,0,0,0,0,0,1
24x9o9,,,,,,,,,0
BGbJ9Q,,,,,,,,,0
PABZrV,,,,,,,,,0
lNl84k,,,,,,,,,0
rlr8YR,,,,,,,,,0
zKQ8L0,,,,,,,,,0
NAB2El,,,,,,,,,0
9dJAMV,,,,,,,,,0
YZz79J,,,,,,,,,0
5dqaod,0,0,0,0,0,0,0,1,1
GrBOgp,,,,,,,,,0
dY2Jgo,,,,,,,,,0
AlbMAe,,,,,,,,,0
XeB6d4,,,,,,,,,0
QABNX8,,,,,,,,,0
1r2QBp,,,,,,,,,0
VZ1WY6,,,,,,,,,0
LdM4Vv,,,,,,,,,0
6dQ6MJ,,,,,,,,,0
oAV8vx,,,,,,,,,0
oAV8gP,,,,,,,,,0
EPboJ2,,,,,,,,,0
MAdjVA,,,,,,,,,0
EPboEX,,,,,,,,,0
6dQ64k,,,,,,,,,0
NAB240,,,,,,,,,0
pLPYzB,,,,,,,,,0
OABxEg,,,,,,,,,0
NAB2gB,,,,,,,,,0
vNx8vQ,,,,,,,,,0
LdM4yj,,,,,,,,,0
qbE8k9,,,,,,,,,0
qbE8v9,0,0,0,0,0,0,0,1,1
dY2J8d,,,,,,,,,0
jB98Yx,1,0,0,0,0,1,0,0,2
rlr8gN,,,,,,,,,0
XeB6Ng,,,,,,,,,0
OABx97,,,,,,,,,0
42NlEX,,,,,,,,,0
LdM4al,,,,,,,,,0
ZdRbDB,,,,,,,,,0
6dQ6Vk,,,,,,,,,0
8dpbVx,,,,,,,,,0
6dQ65P,,,,,,,,,0
1r2Q6l,,,,,,,,,0
7d97MR,0,1,0,0,0,0,0,0,1
ylq8GB,,,,,,,,,0
kYR8p1,,,,,,,,,0
8dpbgx,,,,,,,,,0
VZ1Wqg,,,,,,,,,0
WApaBa,,,,,,,,,0
dY2J1q,,,,,,,,,0
vNx8W0,,,,,,,,,0
5dqaOo,1,0,0,0,0,0,0,0,1
QABNWp,,,,,,,,,0
ZdRbQo,,,,,,,,,0
NAB2yB,,,,,,,,,0
oAV81e,,,,,,,,,0
PABZYx,,,,,,,,,0
PABZWb,0,1,0,0,0,0,0,0,1
XeB6v4,1,0,0,0,0,0,0,0,1
9dJAxQ,,,,,,,,,0
DVvRE5,1,0,0,0,0,0,0,0,1
lNl87X,,,,,,,,,0
eBxgye,,,,,,,,,0
aBrpgq,,,,,,,,,0
OABxrR,,,,,,,,,0
WApajv,,,,,,,,,0
1r2QxQ,,,,,,,,,0
AlbM9z,,,,,,,,,0
8dpbWO,,,,,,,,,0
7d97zA,,,,,,,,,0
24x9zV,0,0,0,0,0,0,0,1,1
VZ1W9j,,,,,,,,,0
rlr8YN,,,,,,,,,0
xdN80d,,,,,,,,,0
1r2QgW,,,,,,,,,0
EPbo64,,,,,,,,,0
qbE877,,,,,,,,,0
KMBrGV,0,0,0,0,0,1,0,0,1
6dQ6WY,,,,,,,,,0
EPboA4,,,,,,,,,0
PABZy5,,,,,,,,,0
ZdRbgz,,,,,,,,,0
EPbo6r,,,,,,,,,0
6dQ6zB,0,0,1,0,0,0,0,0,1
LdM4Ey,,,,,,,,,0
ylq8gg,,,,,,,,,0
42NlOY,,,,,,,,,0
MAdjPM,,,,,,,,,0
8dpb5O,,,,,,,,,0
1r2QRl,,,,,,,,,0
jB985Q,,,,,,,,,0
J2kEBo,,,,,,,,,0
eBxgvk,,,,,,,,,0
7d97jZ,,,,,,,,,0
dY2JzK,,,,,,,,,0
PABZe5,1,0,0,0,0,0,0,0,1
J2kEGo,1,0,1,0,0,0,0,1,3
ylq8zx,,,,,,,,,0
WApapR,1,0,0,0,0,0,0,0,1
xdN8z5,,,,,,,,,0
NAB2dj,,,,,,,,,0
ylq81x,,,,,,,,,0
vNx8zD,,,,,,,,,0
oAV8zP,,,,,,,,,0
QABNkG,,,,,,,,,0
8dpbDA,,,,,,,,,0
YZz760,,,,,,,,,0
PABZqd,,,,,,,,,0
oAV8LX,,,,,,,,,0
XeB6Pd,,,,,,,,,0
AlbMRB,,,,,,,,,0
jB98XR,,,,,,,,,0
NAB2Zb,,,,,,,,,0
aBrpMy,,,,,,,,,0
OABxKK,,,,,,,,,0
pLPYlP,,,,,,,,,0
EPbooq,1,0,0,0,0,0,0,0,1
XeB6je,0,0,0,0,0,0,0,1,1
PABZq0,,,,,,,,,0
GrBOE2,1,0,0,0,0,0,0,0,1
pLPYYZ,,,,,,,,,0
GrBOVj,,,,,,,,,0
DVvROb,,,,,,,,,0
rlr8Z5,,,,,,,,,0
KMBr2M,,,,,,,,,0
kYR8BJ,,,,,,,,,0
aBrpJ9,,,,,,,,,0
bl41a0,,,,,,,,,0
RzBqyp,,,,,,,,,0
1r2Q0M,,,,,,,,,0
GrBOO2,,,,,,,,,0
jB98V6,1,0,0,0,0,0,0,0,1
QABNpg,,,,,,,,,0
DVvR6j,,,,,,,,,0
xdN8q9,,,,,,,,,0
xdN8W9,,,,,,,,,0
9dJAzX,,,,,,,,,0
rlr8ep,,,,,,,,,0
WApa4L,,,,,,,,,0
lNl8pV,,,,,,,,,0
9dJAbX,,,,,,,,,0
zKQ8A1,,,,,,,,,0
QABNP1,,,,,,,,,0
pLPYEE,1,0,0,0,0,0,0,0,1
GrBOMQ,,,,,,,,,0
RzBqpQ,,,,,,,,,0
24x9MM,1,0,0,0,0,0,0,0,1
7d9rX0,,,,,,,,,0
YZz72z,,,,,,,,,0
42Nl0b,,,,,,,,,0
lNl8JX,,,,,,,,,0
xdN8kd,,,,,,,,,0
VZ1WWE,,,,,,,,,0
bl4QV6,,,,,,,,,0
LdM4xG,1,0,0,0,0,0,0,0,1
VZ1OLj,,,,,,,,,0
KMBrrk,,,,,,,,,0
5dqaWQ,,,,,,,,,0
NAB22W,,,,,,,,,0
eBxWZx,,,,,,,,,0
OABxOM,,,,,,,,,0
lNl825,,,,,,,,,0
EPboy2,,,,,,,,,0
LdM48z,,,,,,,,,0
KMBKYX,,,,,,,,,0
NAB21W,,,,,,,,,0
42NlMo,1,0,0,0,0,0,0,1,2
BGbJv4,,,,,,,,,0
rlr8No,,,,,,,,,0
24xGEe,0,1,0,0,0,0,0,0,1
lNlkBN,,,,,,,,,0
eBxWae,,,,,,,,,0
WApavR,,,,,,,,,0
1r2o9p,,,,,,,,,0
OABM7R,,,,,,,,,0
aBrqOX,,,,,,,,,0
qbE1GG,,,,,,,,,0
8dp4aP,,,,,,,,,0
0EjR7j,,,,,,,,,0
YZz7EN,,,,,,,,,0
OABxRk,,,,,,,,,0
AlbMgN,,,,,,,,,0
lNlk6k,,,,,,,,,0
OABxWM,,,,,,,,,0
xdN5Yy,,,,,,,,,0
AlbMYB,,,,,,,,,0
ylq5Jg,,,,,,,,,0
VZ1WRj,,,,,,,,,0
jB9Ala,,,,,,,,,0
YZzl4B,,,,,,,,,0
J2kvz4,,,,,,,,,0
oAV8W5,,,,,,,,,0
oAVLGe,,,,,,,,,0
KMBKlA,,,,,,,,,0
6dQEDY,,,,,,,,,0
1r2o7Q,,,,,,,,,0
1r2oVQ,,,,,,,,,0
0EjR8y,,,,,,,,,0
LdMLzp,,,,,,,,,0
LdML7p,,,,,,,,,0
jB9Ab4,,,,,,,,,0
aBrq4B,,,,,,,,,0
DVv6Nq,,,,,,,,,0
DVv6pR,,,,,,,,,0
rlrMON,1,0,0,0,0,0,0,0,1
g5N6Ml,,,,,,,,,0
NAB1oB,,,,,,,,,0
VZ1Ojy,,,,,,,,,0
dY2exq,,,,,,,,,0
RzByo9,,,,,,,,,0
rlrMoN,,,,,,,,,0
XeBP4g,,,,,,,,,0
DVv6qN,,,,,,,,,0
vNx5P0,,,,,,,,,0
6dQEZk,,,,,,,,,0
qbE1d7,1,0,1,0,0,0,1,0,3
bl4QeL,,,,,,,,,0
PABJ55,,,,,,,,,0
aBrq9b,,,,,,,,,0
LdMLPv,,,,,,,,,0
qbE1VY,1,0,0,0,0,0,0,0,1
oAVLEx,,,,,,,,,0
PABJ1V,,,,,,,,,0
0EjR6N,,,,,,,,,0
BGbW75,,,,,,,,,0
8dp4L5,,,,,,,,,0
GrBARZ,,,,,,,,,0
rlrMBR,,,,,,,,,0
J2kEvY,1,0,0,0,0,0,0,0,1
GrBAve,,,,,,,,,0
g5N6qO,0,1,0,0,0,0,0,0,1
J2kvOo,,,,,,,,,0
GrBAlp,,,,,,,,,0
7d9r2P,,,,,,,,,0
1r2odl,,,,,,,,,0
J2kvdR,,,,,,,,,0
jB9APx,,,,,,,,,0
DVv6kZ,,,,,,,,,0
xdN8Ok,,,,,,,,,0
NAB1qO,,,,,,,,,0
GrBA9Z,,,,,,,,,0
bl4Qdg,,,,,,,,,0
5dqPZo,,,,,,,,,0
J2kEyz,,,,,,,,,0
jB98j9,,,,,,,,,0
DVv67R,,,,,,,,,0
QABlV8,,,,,,,,,0
LdMLpj,,,,,,,,,0
42NVrX,,,,,,,,,0
VZ1OpM,,,,,,,,,0
42NlWr,1,0,0,0,0,0,0,1,2
KMBKV8,,,,,,,,,0
aBrq6q,,,,,,,,,0
oAVLeP,,,,,,,,,0
YZzlPW,,,,,,,,,0
zKQ5jM,,,,,,,,,0
XeBPJY,1,0,0,0,0,0,0,1,2
kYRB61,,,,,,,,,0
zKQ5y0,,,,,,,,,0
RzBy5d,,,,,,,,,0
ZdRrNy,,,,,,,,,0
6dQE7B,,,,,,,,,0
0EjRey,,,,,,,,,0
QABlDp,,,,,,,,,0
24xGB9,,,,,,,,,0
EPb7QX,,,,,,,,,0
qbE1AY,,,,,,,,,0
RzByD9,0,0,0,0,0,0,0,1,1
42NVQY,,,,,,,,,0
EPb7XX,,,,,,,,,0
Albe2z,,,,,,,,,0
PABJ9V,,,,,,,,,0
rlrM5R,,,,,,,,,0
kYR8Pj,,,,,,,,,0
J2kvqK,0,0,1,0,0,0,1,0,2
J2kv1K,,,,,,,,,0
PABJpB,,,,,,,,,0
EPb7l4,,,,,,,,,0
XeBP0j,,,,,,,,,0
vNx5Yv,,,,,,,,,0
NAB1WB,,,,,,,,,0
42NV8k,,,,,,,,,0
VZ1OQg,,,,,,,,,0
LdMLWj,,,,,,,,,0
LdMLKv,,,,,,,,,0
zKQ5Ya,,,,,,,,,0
pLPpoJ,1,0,0,0,0,0,0,0,1
lNlkqv,,,,,,,,,0
GrBO2O,,,,,,,,,0
KMBK1A,,,,,,,,,0
dY2e9o,1,0,1,0,0,0,1,1,4
9dJjQp,,,,,,,,,0
QABl58,,,,,,,,,0
BGbWk5,,,,,,,,,0
24xGPj,,,,,,,,,0
0EjRdB,1,1,0,0,0,0,0,0,2
RzByPd,,,,,,,,,0
RzBq9P,,,,,,,,,0
PABJ65,,,,,,,,,0
oAVLRP,,,,,,,,,0
24xGPL,,,,,,,,,0
rlr84L,,,,,,,,,0
VZ1O0v,,,,,,,,,0
8dp4xO,,,,,,,,,0
bl4QWL,,,,,,,,,0
qbE1a9,,,,,,,,,0
VZ1O5J,,,,,,,,,0
rlrMPl,,,,,,,,,0
EPb7XN,,,,,,,,,0
dY2e0o,,,,,,,,,0
lNlkyB,1,0,1,0,1,0,0,0,3
BGbJo7,0,0,0,0,0,0,0,1,1
xdN5ay,1,0,0,1,0,0,1,1,4
GrBAdp,,,,,,,,,0
BGbWxQ,1,0,0,0,0,0,0,0,1
MAdpzp,,,,,,,,,0
RzBy0J,,,,,,,,,0
PABJ1e,0,0,0,0,0,0,0,1,1
XeBPWj,,,,,,,,,0
g5N6Gl,,,,,,,,,0
jB9AZJ,1,0,0,0,0,0,0,0,1
g5N6e4,,,,,,,,,0
0Ejq9Q,,,,,,,,,0
xdN8EG,,,,,,,,,0
zKQ5Da,,,,,,,,,0
xdN5Xv,,,,,,,,,0
24xGAj,,,,,,,,,0
lNl8j5,,,,,,,,,0
YZz7Nv,,,,,,,,,0
VZ1OEj,,,,,,,,,0
oAVLAV,0,1,0,0,0,0,0,0,1
vNx52A,,,,,,,,,0
bl4Qlo,,,,,,,,,0
PABJ0Q,,,,,,,,,0
42NVkO,,,,,,,,,0
9dJjdY,,,,,,,,,0
WApV0J,,,,,,,,,0
1r2oEM,,,,,,,,,0
jB9AME,,,,,,,,,0
GrBAro,,,,,,,,,0
KMBK67,,,,,,,,,0
xdN5QG,,,,,,,,,0
XeBPe4,,,,,,,,,0
8dp4kx,,,,,,,,,0
EPb71N,,,,,,,,,0
qbE1Wd,,,,,,,,,0
eBxWBO,,,,,,,,,0
6dQExe,,,,,,,,,0
24xGrp,,,,,,,,,0
0EjRbQ,1,0,0,0,0,0,0,0,1
5dqP2M,,,,,,,,,0
QABlrg,,,,,,,,,0
xdN5Qo,,,,,,,,,0
MAdpJg,0,0,1,1,0,0,0,0,2
vNx5AQ,,,,,,,,,0
YZzldq,,,,,,,,,0
RzByYp,,,,,,,,,0
zKQ5zq,,,,,,,,,0
5dqPkd,,,,,,,,,0
dY2eZN,,,,,,,,,0
1r2ovO,,,,,,,,,0
PABJB0,,,,,,,,,0
AlbeDW,,,,,,,,,0
GrBA1o,,,,,,,,,0
6dQE15,,,,,,,,,0
LdMLG1,,,,,,,,,0
LdML0G,,,,,,,,,0
zKQ5Kq,,,,,,,,,0
J2kvJY,,,,,,,,,0
rlrMVM,,,,,,,,,0
DVv6eb,,,,,,,,,0
5dqPdd,,,,,,,,,0
RzByLl,,,,,,,,,0
5dqPvP,,,,,,,,,0
YZzlV0,0,0,0,0,0,0,1,0,1
vNx54A,,,,,,,,,0
XeBPG4,,,,,,,,,0
jB9ABE,,,,,,,,,0
PABJ8P,,,,,,,,,0
RzBy4J,,,,,,,,,0
jB9AxR,,,,,,,,,0
dY2eYA,,,,,,,,,0
0EjRJ0,,,,,,,,,0
PABJvP,,,,,,,,,0
DVv60p,,,,,,,,,0
rlrMKv,,,,,,,,,0
9dJjJ4,,,,,,,,,0
oAVL0M,,,,,,,,,0
vNx5Od,,,,,,,,,0
QABlYA,,,,,,,,,0
24xGkp,,,,,,,,,0
7d9roL,,,,,,,,,0
lNlkNW,,,,,,,,,0
g5N64N,,,,,,,,,0
g5N65d,,,,,,,,,0
7d9rdA,,,,,,,,,0
lNlkL5,,,,,,,,,0
rlrMKM,,,,,,,,,0
0EjRoQ,,,,,,,,,0
GrBA1j,,,,,,,,,0
qbE1b7,,,,,,,,,0
oAVLVM,,,,,,,,,0
RzByRl,,,,,,,,,0
g5N6QK,1,0,0,0,0,0,0,0,1
GrBAYz,1,0,1,1,0,0,0,0,3
QABlBk,,,,,,,,,0
vNx5NQ,,,,,,,,,0
6dQEro,,,,,,,,,0
eBxWNo,,,,,,,,,0
NAB1MN,,,,,,,,,0
dY2eDy,,,,,,,,,0
MAdpvE,,,,,,,,,0
MAdp5Y,,,,,,,,,0
9dJjE1,,,,,,,,,0
PABJ20,,,,,,,,,0
8dp4eA,,,,,,,,,0
DVv65b,,,,,,,,,0
qbE1o8,,,,,,,,,0
OABMBA,,,,,,,,,0
oAVLlM,,,,,,,,,0
5dqPEb,,,,,,,,,0
6dQEOO,1,0,0,0,1,0,0,1,3
jB9A99,,,,,,,,,0
7d9r46,,,,,,,,,0
qbE1Yk,,,,,,,,,0
pLPpWZ,,,,,,,,,0
VZ1Olv,,,,,,,,,0
OABMJp,,,,,,,,,0
aBrqry,,,,,,,,,0
7d9r9z,,,,,,,,,0
oAVLl5,,,,,,,,,0
aBrqZW,,,,,,,,,0
lNlk06,1,0,0,0,0,0,0,0,1
ZdRrGv,,,,,,,,,0
xdN5ZG,,,,,,,,,0
lNlkYV,,,,,,,,,0
VZ1OME,,,,,,,,,0
rlrMrL,,,,,,,,,0
42NVAd,,,,,,,,,0
jB9AJ1,0,0,1,0,0,0,0,0,1
rlrMr5,,,,,,,,,0
WApVpQ,1,0,0,0,0,0,0,0,1
ZdRrvA,,,,,,,,,0
8dp4dx,,,,,,,,,0
vNx5JX,0,0,0,0,1,0,0,0,1
zKQ5e1,1,0,0,0,0,1,1,0,3
lNlkKV,,,,,,,,,0
rlrMJX,,,,,,,,,0
8dp4PY,,,,,,,,,0
LdMLaz,,,,,,,,,0
rlrM0L,,,,,,,,,0
PABJBd,,,,,,,,,0
NAB1Rp,,,,,,,,,0
42NV9d,,,,,,,,,0
jB9A76,,,,,,,,,0
OABMLK,1,0,0,0,0,0,0,0,1
GrBABz,,,,,,,,,0
YZzlY6,1,0,0,0,0,0,0,1,2
YZzlo0,,,,,,,,,0
g5N671,,,,,,,,,0
qbE1k5,,,,,,,,,0
7d9r16,,,,,,,,,0
24xGkV,,,,,,,,,0
BGbWA4,,,,,,,,,0
rlrMJp,0,1,0,0,0,0,0,0,1
bl4Qr2,,,,,,,,,0
aBrqDE,0,0,0,0,1,0,0,0,1
YZzlrq,,,,,,,,,0
VZ1O9l,,,,,,,,,0
EPb7Lo,,,,,,,,,0
jB9A09,,,,,,,,,0
GrBAL2,,,,,,,,,0
EPb7Z2,,,,,,,,,0
EPb7vA,,,,,,,,,0
42NVPo,,,,,,,,,0
g5N6JM,1,0,0,0,0,0,0,0,1
9dJj2K,,,,,,,,,0
xdN5Rk,,,,,,,,,0
24xGvA,,,,,,,,,0
AlbeWo,,,,,,,,,0
ZdRrza,1,0,0,0,0,0,0,0,1
qbE1Ek,,,,,,,,,0
1r2oN4,,,,,,,,,0
VZ1ObN,,,,,,,,,0
24xGxA,,,,,,,,,0
pLPpRy,,,,,,,,,0
J2kvk7,,,,,,,,,0
oAVL55,,,,,,,,,0
lNlkWp,1,0,0,0,0,0,0,0,1
QABl8l,,,,,,,,,0
eBxWxo,,,,,,,,,0
eBxW2E,,,,,,,,,0
rlrMd5,,,,,,,,,0
8dp4Ak,,,,,,,,,0
RzByvv,,,,,,,,,0
rlrM2p,,,,,,,,,0
24xG1g,,,,,,,,,0
EPb7BL,,,,,,,,,0
eBxWKJ,,,,,,,,,0
zKQ5J8,,,,,,,,,0
ZdRrZ5,,,,,,,,,0
1r2o2L,,,,,,,,,0
xdN599,,,,,,,,,0
YZzlpz,,,,,,,,,0
bl4Q82,,,,,,,,,0
PABJ80,,,,,,,,,0
24xGOb,,,,,,,,,0
5dqPGP,,,,,,,,,0
bl4Q4E,,,,,,,,,0
KMBKBK,,,,,,,,,0
DVv6Jj,,,,,,,,,0
eBxW7E,,,,,,,,,0
GrBAoz,,,,,,,,,0
EPb70o,,,,,,,,,0
kYRBJd,,,,,,,,,0
J2kv2d,,,,,,,,,0
OABMdk,,,,,,,,,0
LdMLvz,,,,,,,,,0
0EjRv0,,,,,,,,,0
VZ1OZv,,,,,,,,,0
5dqPLM,,,,,,,,,0
LdMLXG,,,,,,,,,0
RzByZP,,,,,,,,,0
42NVvB,,,,,,,,,0
GrBAqO,,,,,,,,,0
BGbWj4,,,,,,,,,0
BGbWB7,,,,,,,,,0
ylq5o6,,,,,,,,,0
J2kvLJ,,,,,,,,,0
42NVjb,,,,,,,,,0
bl4Q2E,,,,,,,,,0
5dqPev,,,,,,,,,0
6dQEvO,,,,,,,,,0
jB9ALR,0,0,1,0,0,0,1,0,2
9dJjpK,0,1,0,0,0,0,0,0,1
LdMLE2,0,1,1,0,1,0,0,0,3
xdN54E,,,,,,,,,0
J2kvV7,,,,,,,,,0
8dp46k,,,,,,,,,0
1r2oD4,,,,,,,,,0
bl4QK0,,,,,,,,,0
DVv6AX,,,,,,,,,0
QABlxk,,,,,,,,,0
aBrqjy,,,,,,,,,0
XeBP1e,,,,,,,,,0
qbE1P2,,,,,,,,,0
9dJjlG,,,,,,,,,0
WApVPJ,,,,,,,,,0
jB9A5Y,,,,,,,,,0
OABMjA,,,,,,,,,0
DVv6V5,,,,,,,,,0
XeBPMd,,,,,,,,,0
6dQEAo,,,,,,,,,0
jB9AG9,,,,,,,,,0
pLPpVV,,,,,,,,,0
rlrMYo,,,,,,,,,0
5dqPpQ,,,,,,,,,0
rlrMbN,,,,,,,,,0
zKQ51g,,,,,,,,,0
7d9rp2,,,,,,,,,0
5dqPMQ,,,,,,,,,0
9dJjrE,,,,,,,,,0
MAdp78,,,,,,,,,0
kYRBpo,,,,,,,,,0
pLPpz1,1,0,0,0,1,0,1,1,4
KMBKgX,,,,,,,,,0
QABlk1,0,0,1,1,0,0,0,0,2
XeBPzz,,,,,,,,,0
8dp4gP,,,,,,,,,0
PABJ41,,,,,,,,,0
QABlO1,,,,,,,,,0
RzByjK,,,,,,,,,0
kYRBrr,,,,,,,,,0
PABJGx,,,,,,,,,0
vNx5gl,,,,,,,,,0
eBxWzx,,,,,,,,,0
WApVZe,,,,,,,,,0
Albeae,,,,,,,,,0
lNlkMX,,,,,,,,,0
OABMVa,,,,,,,,,0
XeBP2z,,,,,,,,,0
eBxWpl,,,,,,,,,0
EPb7gB,,,,,,,,,0
RzBy2K,,,,,,,,,0
1r2oBg,,,,,,,,,0
GrBAjZ,,,,,,,,,0
KMBKaD,,,,,,,,,0
ZdRrQV,1,0,0,0,0,0,0,0,1
1r2oRg,,,,,,,,,0
kYRBkZ,,,,,,,,,0
oAVLzb,,,,,,,,,0
aBrqzZ,,,,,,,,,0
rlrMvX,,,,,,,,,0
EPb76l,,,,,,,,,0
24xGDM,,,,,,,,,0
7d9rPa,,,,,,,,,0
DVv69R,,,,,,,,,0
42NVdA,,,,,,,,,0
g5N6OP,,,,,,,,,0
J2kvZR,,,,,,,,,0
RzBylj,0,0,0,0,0,0,1,0,1
qbE1zO,,,,,,,,,0
jB9AEQ,,,,,,,,,0
xdN5ov,,,,,,,,,0
9dJja5,,,,,,,,,0
EPb7N2,,,,,,,,,0
kYRBQe,,,,,,,,,0
24xGVD,,,,,,,,,0
VZ1O46,,,,,,,,,0
PABJee,,,,,,,,,0
eBxWYQ,0,1,0,0,0,0,0,0,1
qbE1NO,,,,,,,,,0
oAVLaP,,,,,,,,,0
LdMLgl,,,,,,,,,0
ylq5zd,,,,,,,,,0
NAB1EO,,,,,,,,,0
7d9rj0,,,,,,,,,0
ZdRrKB,,,,,,,,,0
xdN56d,,,,,,,,,0
rlrMg2,0,1,0,0,0,0,0,0,1
qbE1pg,,,,,,,,,0
pLPpXJ,,,,,,,,,0
xdN5vk,,,,,,,,,0
vNx5a0,,,,,,,,,0
LdML6J,,,,,,,,,0
bl4QML,,,,,,,,,0
6dQEyJ,,,,,,,,,0
xdN5L5,,,,,,,,,0
OABMra,,,,,,,,,0
jB9AgQ,,,,,,,,,0
EPb7AB,,,,,,,,,0
GrBAQO,,,,,,,,,0
lNlk9v,,,,,,,,,0
eBxWox,,,,,,,,,0
VZ1OyM,,,,,,,,,0
KMBKNV,,,,,,,,,0
OABMyY,,,,,,,,,0
WApVjR,0,0,0,0,0,0,0,1,1
OABMKR,,,,,,,,,0
YZzlyW,,,,,,,,,0
BGbWVK,,,,,,,,,0
XeBPyL,,,,,,,,,0
VZ1OBg,,,,,,,,,0
1r2ox1,1,0,0,0,0,0,0,0,1
LdMLVl,,,,,,,,,0
oAVLQO,,,,,,,,,0
pLPpNJ,,,,,,,,,0
eBxWPk,,,,,,,,,0
VZ1Oxj,,,,,,,,,0
zKQ54R,,,,,,,,,0
Albeyl,,,,,,,,,0
eBxWyl,,,,,,,,,0
rlrM1R,,,,,,,,,0
24xGZD,,,,,,,,,0
VZ1Oyy,,,,,,,,,0
XeBPdg,,,,,,,,,0
rlrMRN,,,,,,,,,0
6dQEGk,,,,,,,,,0
EPb7YB,,,,,,,,,0
7d9rEa,,,,,,,,,0
ylq5Rx,,,,,,,,,0
MAdpgk,,,,,,,,,0
g5N6vJ,,,,,,,,,0
0EjRlB,,,,,,,,,0
9dJjPQ,,,,,,,,,0
AlbeND,,,,,,,,,0
OABMkM,,,,,,,,,0
zKQ5dk,,,,,,,,,0
7d9rgR,,,,,,,,,0
vNx5pl,,,,,,,,,0
EPb7e4,,,,,,,,,0
DVv6PZ,,,,,,,,,0
MAdpPk,,,,,,,,,0
ylq5rg,,,,,,,,,0
24xG7M,,,,,,,,,0
bl4Qz6,,,,,,,,,0
6dQE9Y,,,,,,,,,0
eBxWvQ,,,,,,,,,0
ZdRrXo,,,,,,,,,0
24xGy9,0,0,0,1,0,0,0,0,1
xdN57r,1,0,0,0,0,0,0,1,2
lNlkXk,,,,,,,,,0
9dJjyV,,,,,,,,,0
RzBy19,,,,,,,,,0
J2kvgK,,,,,,,,,0
J2kvbo,,,,,,,,,0
DVv6ZE,,,,,,,,,0
aBrq1B,,,,,,,,,0
XeBPvY,,,,,,,,,0
ZdRrAo,,,,,,,,,0
NAB1O0,,,,,,,,,0
J2kvBr,,,,,,,,,0
ylq5px,,,,,,,,,0
KMBKRg,,,,,,,,,0
OABMyg,,,,,,,,,0
oAVLax,,,,,,,,,0
VZ1OXg,,,,,,,,,0
WApVdv,,,,,,,,,0
aBrqXB,,,,,,,,,0
EPb7rr,,,,,,,,,0
NAB1gO,,,,,,,,,0
XeBPkY,,,,,,,,,0
vNx5Wg,,,,,,,,,0
LdMLOy,,,,,,,,,0
aBrqa2,,,,,,,,,0
WApVXN,,,,,,,,,0
OABMeg,,,,,,,,,0
NAB1xl,,,,,,,,,0
dY2ekV,0,0,0,0,0,0,1,0,1
LdMLBv,,,,,,,,,0
Albe0e,,,,,,,,,0
eBxW8e,0,1,0,0,0,0,0,0,1
8dp4V5,,,,,,,,,0
1r2ozp,,,,,,,,,0
DVv6al,0,1,0,0,0,0,0,0,1
QABl4Y,,,,,,,,,0
DVv6EZ,,,,,,,,,0
J2kvxR,,,,,,,,,0
eBxWGe,,,,,,,,,0
KMBKA8,,,,,,,,,0
DVv6Wl,,,,,,,,,0
QABlyG,,,,,,,,,0
pLPp58,,,,,,,,,0
VZ1Oqj,,,,,,,,,0
XeBPNP,1,0,0,0,0,0,0,0,1
jB9Aq4,,,,,,,,,0
qbE1M9,,,,,,,,,0
5dqPON,,,,,,,,,0
rlrMW2,,,,,,,,,0
dY2ezr,,,,,,,,,0
oAVLgb,,,,,,,,,0
GrBAaZ,,,,,,,,,0
7d9rOZ,,,,,,,,,0
kYRB1e,0,1,0,0,1,0,0,0,2
24xGzj,,,,,,,,,0
XeBPQP,,,,,,,,,0
9dJj4E,,,,,,,,,0
MAdpqA,,,,,,,,,0
AlbeOz,,,,,,,,,0
NAB1Qj,,,,,,,,,0
GrBA5O,,,,,,,,,0
24xGYj,,,,,,,,,0
kYRBXR,,,,,,,,,0
WApV6N,,,,,,,,,0
dY2eXo,,,,,,,,,0
QABlp7,,,,,,,,,0
ylq5GX,,,,,,,,,0
EPb7Al,,,,,,,,,0
42NVEA,0,1,0,0,0,0,0,0,1
aBrqgb,1,0,0,0,0,0,0,0,1
42NVYX,1,0,0,0,0,0,0,0,1
oAVL1x,,,,,,,,,0
KMBKZV,,,,,,,,,0
1r2oyl,,,,,,,,,0
42NVEr,,,,,,,,,0
g5N614,,,,,,,,,0
0EjRyj,0,1,0,0,0,0,0,0,1
6dQEzJ,,,,,,,,,0
jB9Ara,,,,,,,,,0
dY2e4K,,,,,,,,,0
zKQ5vM,,,,,,,,,0
YZzlgW,,,,,,,,,0
pLPpZ1,,,,,,,,,0
J2kvro,,,,,,,,,0
xdN5B5,,,,,,,,,0
rlrMp2,,,,,,,,,0
QABlWG,,,,,,,,,0
vNx5d4,,,,,,,,,0
jB9AzQ,,,,,,,,,0
MAdp2M,,,,,,,,,0
7d9rYZ,,,,,,,,,0
g5N6XO,,,,,,,,,0
PABJr1,1,0,0,0,0,0,0,0,1
RzByg4,,,,,,,,,0
MAdpGl,,,,,,,,,0
g5N6rD,,,,,,,,,0
RzByaj,,,,,,,,,0
PABJLV,,,,,,,,,0
GrBA4k,,,,,,,,,0
zKQ5o0,,,,,,,,,0
dY2eyA,1,0,0,0,0,0,0,0,1
GrBAOp,,,,,,,,,0
qbE1QY,0,0,0,0,0,0,0,1,1
9dJj0p,,,,,,,,,0
EPb77N,0,0,0,1,0,0,0,0,1
YZzlbB,,,,,,,,,0
Albeek,,,,,,,,,0
WApV7a,,,,,,,,,0
kYRBPM,,,,,,,,,0
GrBAAo,,,,,,,,,0
rlrMMl,,,,,,,,,0
VZ1Oag,,,,,,,,,0
5dqPa6,,,,,,,,,0
J2kvj4,,,,,,,,,0
XeBPAj,,,,,,,,,0
24xGdL,,,,,,,,,0
qbE117,,,,,,,,,0
42NVVk,,,,,,,,,0
5dqPYo,,,,,,,,,0
J2kv4d,,,,,,,,,0
EPb7VX,1,0,0,0,0,0,0,0,1
LdMLxj,,,,,,,,,0
1r2o0Q,,,,,,,,,0
bl4QJo,,,,,,,,,0
42NV6b,,,,,,,,,0
aBrqJv,,,,,,,,,0
OABMM7,,,,,,,,,0
42NVMb,,,,,,,,,0
WApVaj,,,,,,,,,0
RzByQ9,,,,,,,,,0
OABMM8,,,,,,,,,0
42NVlk,,,,,,,,,0
XeBP6j,,,,,,,,,0
WApVLJ,0,0,0,0,0,0,0,1,1
eBxWWO,,,,,,,,,0
PABJqb,,,,,,,,,0
6dQEBB,,,,,,,,,0
GrBAEp,,,,,,,,,0
xdN5qo,,,,,,,,,0
g5N6VO,,,,,,,,,0
eBxWXO,,,,,,,,,0
KMBKj7,,,,,,,,,0
5dqP06,,,,,,,,,0
zKQ58a,,,,,,,,,0
EPb7RN,,,,,,,,,0
DVv685,,,,,,,,,0
RzByed,,,,,,,,,0
oAVLjV,,,,,,,,,0
dY2ery,,,,,,,,,0
pLPp2b,,,,,,,,,0
QABlN8,,,,,,,,,0
GrBAZj,,,,,,,,,0
YZzl75,,,,,,,,,0
ylq58B,1,0,0,0,0,0,0,0,1
ylq5AB,,,,,,,,,0
AlbeR0,,,,,,,,,0
dY2eoo,,,,,,,,,0
YZzlAd,,,,,,,,,0
NAB1NB,,,,,,,,,0
aBrqR9,,,,,,,,,0
LdMLr1,,,,,,,,,0
zKQ5k1,,,,,,,,,0
42NVbO,,,,,,,,,0
oAVLJ1,,,,,,,,,0
jB9AN6,,,,,,,,,0
qbE1l7,,,,,,,,,0
42NV0X,,,,,,,,,0
7d9rrA,,,,,,,,,0
5dqPNM,,,,,,,,,0
ZdRrbz,,,,,,,,,0
vNx5RA,,,,,,,,,0
0EjRqN,,,,,,,,,0
vNx59Q,,,,,,,,,0
EPb72o,1,0,0,0,0,0,0,0,1
dY2eJq,,,,,,,,,0
g5N6od,,,,,,,,,0
PABJxb,1,0,1,0,0,0,0,1,3
6dQEEB,,,,,,,,,0
6dQE6P,1,0,0,0,0,0,0,0,1
pLPpYq,,,,,,,,,0
RzByyJ,,,,,,,,,0
XeBP7g,,,,,,,,,0
rlrM8l,1,0,0,0,0,0,0,0,1
RzByqd,,,,,,,,,0
9dJjKY,,,,,,,,,0
RzByNl,0,0,0,0,0,0,0,1,1
VZ1O7J,,,,,,,,,0
vNx5kd,,,,,,,,,0
8dp4DO,,,,,,,,,0
7d9rkA,,,,,,,,,0
GrBAAp,,,,,,,,,0
rlrMQN,,,,,,,,,0
GrBAW2,,,,,,,,,0
6dQEqe,,,,,,,,,0
RzBypp,,,,,,,,,0
zKQ5AR,,,,,,,,,0
eBxWg0,,,,,,,,,0
jB9AAx,,,,,,,,,0
oAVLLV,,,,,,,,,0
YZzl6d,,,,,,,,,0
g5N6EN,1,0,0,0,0,0,0,0,1
xdN5AG,,,,,,,,,0
lNlkp5,,,,,,,,,0
ZdRrBy,,,,,,,,,0
YZzl2q,,,,,,,,,0
rlrM75,,,,,,,,,0
zKQ5Ba,1,0,0,0,0,0,0,1,2
0EjRX0,,,,,,,,,0
VZ1OgE,,,,,,,,,0
9dJjjY,,,,,,,,,0
J2kvE4,,,,,,,,,0
rlrM4M,,,,,,,,,0
1r2oLM,,,,,,,,,0
8dp4Bx,,,,,,,,,0
jB9A4a,,,,,,,,,0
42NVVO,,,,,,,,,0
bl4QRg,,,,,,,,,0
pLPpqq,,,,,,,,,0
AlbeXk,,,,,,,,,0
42NV6O,,,,,,,,,0
GrBAM2,,,,,,,,,0
LdML4j,,,,,,,,,0
42NVeB,,,,,,,,,0
QABllp,,,,,,,,,0
RzByNJ,,,,,,,,,0
oAVLP1,,,,,,,,,0
kYRBj1,,,,,,,,,0
EPb79q,,,,,,,,,0
aBrqMq,,,,,,,,,0
GrBAVZ,,,,,,,,,0
5dqP7d,,,,,,,,,0
kYRBL6,,,,,,,,,0
DVv6oR,0,0,0,0,0,0,0,1,1
GrBAGj,,,,,,,,,0
24xG9L,,,,,,,,,0
lNlkGW,,,,,,,,,0
vNx58v,,,,,,,,,0
g5N6BN,1,0,0,0,0,0,0,0,1
OABMRK,,,,,,,,,0
eBxWVq,,,,,,,,,0
g5N621,,,,,,,,,0
5dqPJM,,,,,,,,,0
7d9ryL,,,,,,,,,0
aBrq7E,,,,,,,,,0
XeBPa4,,,,,,,,,0
kYRBqJ,,,,,,,,,0
24xGGL,,,,,,,,,0
aBrqqq,,,,,,,,,0
VZ1O6v,,,,,,,,,0
jB9AjR,,,,,,,,,0
AlbeM0,1,0,0,1,0,0,0,0,2
NAB1ZQ,,,,,,,,,0
xdN5GG,,,,,,,,,0
oAVLJX,1,0,0,0,0,0,1,0,2
lNlkx5,,,,,,,,,0
ZdRrqa,,,,,,,,,0
OABM28,,,,,,,,,0
xdN5by,,,,,,,,,0
ylq5Lp,,,,,,,,,0
0EjR96,,,,,,,,,0
dY2eMA,,,,,,,,,0
jB9A4x,,,,,,,,,0
42NV5B,,,,,,,,,0
oAVLZP,,,,,,,,,0
EPb77X,,,,,,,,,0
pLPpQV,1,0,0,0,0,0,0,0,1
OABMq7,,,,,,,,,0
PABJJ5,,,,,,,,,0
1r2oQQ,,,,,,,,,0
6dQEoO,,,,,,,,,0
24xG6V,1,0,0,0,0,0,0,0,1
lNlkkB,,,,,,,,,0
oAVL8e,,,,,,,,,0
rlrMz5,,,,,,,,,0
42NV0k,,,,,,,,,0
MAdpZp,,,,,,,,,0
eBxW4E,,,,,,,,,0
rlrM4v,,,,,,,,,0
OABMx7,,,,,,,,,0
OABMZR,,,,,,,,,0
GrBAPo,,,,,,,,,0
PABJxQ,,,,,,,,,0
jB9AKR,,,,,,,,,0
QABl98,,,,,,,,,0
xdN55y,,,,,,,,,0
lNlk8B,,,,,,,,,0
NAB1kW,,,,,,,,,0
PABJQ5,,,,,,,,,0
dY2eOz,,,,,,,,,0
LdML8G,,,,,,,,,0
ylq5O0,,,,,,,,,0
9dJjAp,,,,,,,,,0
NAB1GW,,,,,,,,,0
GrBAGo,,,,,,,,,0
7d9rG9,,,,,,,,,0
24xGWV,,,,,,,,,0
5dqPRP,1,0,0,0,0,0,0,0,1
KMBK9M,,,,,,,,,0
kYRB26,,,,,,,,,0
ZdRrry,,,,,,,,,0
g5N6ld,,,,,,,,,0
DVv6Qj,,,,,,,,,0
aBrqW9,,,,,,,,,0
MAdpxX,,,,,,,,,0
rlrM9l,,,,,,,,,0
7d9r0P,,,,,,,,,0
BGbWRN,,,,,,,,,0
BGbWNA,,,,,,,,,0
xdN5Wo,,,,,,,,,0
9dJjb1,1,0,0,0,1,0,0,0,2
bl4Q1g,,,,,,,,,0
9dJjeG,,,,,,,,,0
J2kvPd,,,,,,,,,0
EPb7oX,,,,,,,,,0
RzByAl,,,,,,,,,0
PABJKd,1,0,0,0,0,0,0,0,1
42NVZb,,,,,,,,,0
QABlZg,,,,,,,,,0
kYRBBM,0,0,0,0,0,0,0,1,1
qbE1r2,1,0,1,0,0,1,1,0,4
vNx55Q,,,,,,,,,0
YZzll5,,,,,,,,,0
QABlQp,,,,,,,,,0
jB9ARE,,,,,,,,,0
EPb7Ro,,,,,,,,,0
9dJjz4,,,,,,,,,0
qbElL5,,,,,,,,,0
RzBy7P,,,,,,,,,0
pLPpjE,1,0,0,0,0,0,0,0,1
jB9AO6,,,,,,,,,0
BGbWMA,,,,,,,,,0
dY2yqN,,,,,,,,,0
ylqaNd,,,,,,,,,0
zKQ5P8,,,,,,,,,0
24xGqb,,,,,,,,,0
MAdpog,,,,,,,,,0
YZzAPv,0,1,0,0,0,0,0,0,1
NAB1Kb,,,,,,,,,0
qbE1xk,,,,,,,,,0
PABqjP,,,,,,,,,0
rlrMx5,,,,,,,,,0
oAVj6M,,,,,,,,,0
rlrZ5X,,,,,,,,,0
OABN4a,,,,,,,,,0
aBrMNW,,,,,,,,,0
ZdRrpv,,,,,,,,,0
VZ16zj,,,,,,,,,0
0EjWQP,,,,,,,,,0
24x6Eg,,,,,,,,,0
zKQ6jg,,,,,,,,,0
24x6XM,,,,,,,,,0
5dqAXv,,,,,,,,,0
bl4Jq7,,,,,,,,,0
OABMpA,,,,,,,,,0
qbElGO,,,,,,,,,0
WAp79L,1,0,1,0,0,0,0,0,2
PABq11,,,,,,,,,0
eBxWdo,,,,,,,,,0
QABlgk,1,0,1,0,0,0,1,0,3
NABZrp,,,,,,,,,0
8dp4vo,,,,,,,,,0
oAVL4M,,,,,,,,,0
8dplLl,,,,,,,,,0
MAdxD8,,,,,,,,,0
VZ16pN,0,1,0,0,0,0,0,0,1
jB9VDY,0,0,0,0,0,0,0,1,1
bl4J97,,,,,,,,,0
zKQ6xZ,,,,,,,,,0
6dQEb5,0,0,0,0,1,0,0,0,1
0EjWrQ,,,,,,,,,0
ZdRBOV,,,,,,,,,0
MAdxeE,,,,,,,,,0
VZ16p6,,,,,,,,,0
lNlEBX,,,,,,,,,0
dY2eLN,1,0,0,0,0,0,0,0,1
rlrZOo,,,,,,,,,0
Albe1W,,,,,,,,,0
1r2o1L,,,,,,,,,0
VZ16G6,,,,,,,,,0
zKQ6YM,,,,,,,,,0
BGbRde,,,,,,,,,0
rlrMNL,,,,,,,,,0
LdMLA2,,,,,,,,,0
42NbKA,,,,,,,,,0
lNlEbV,0,1,0,0,0,0,0,0,1
pLP2rP,0,0,0,0,0,0,0,1,1
DVv6rp,,,,,,,,,0
lNlko6,,,,,,,,,0
eBxW1o,,,,,,,,,0
VZ16El,,,,,,,,,0
BGbWPY,,,,,,,,,0
AlbX7o,,,,,,,,,0
oAVLrM,,,,,,,,,0
1r2aW4,,,,,,,,,0
RzB9Kv,,,,,,,,,0
5dqAzE,,,,,,,,,0
1r2oqO,,,,,,,,,0
42NbKr,,,,,,,,,0
24x6PD,,,,,,,,,0
OABNlM,,,,,,,,,0
8dp47Y,,,,,,,,,0
RzB9WQ,,,,,,,,,0
jB9VZ1,,,,,,,,,0
oAVj2b,,,,,,,,,0
jB9VlQ,,,,,,,,,0
GrBA2z,,,,,,,,,0
9dJKQ5,,,,,,,,,0
aBrMdX,,,,,,,,,0
EPbOWB,,,,,,,,,0
OABNQk,,,,,,,,,0
dY2yEV,,,,,,,,,0
vNx9Yl,,,,,,,,,0
dY2yWD,1,0,0,0,0,0,0,0,1
bl4J50,,,,,,,,,0
WAp7OL,,,,,,,,,0
zKQ6yk,,,,,,,,,0
DVvGKE,,,,,,,,,0
MAdxRk,,,,,,,,,0
YZzlN6,,,,,,,,,0
zKQ6Ng,,,,,,,,,0
pLP2ey,,,,,,,,,0
KMBjeD,,,,,,,,,0
KMBjzD,,,,,,,,,0
5dqAKb,,,,,,,,,0
vNx9eg,0,0,0,0,0,0,0,1,1
aBrM4Z,,,,,,,,,0
EPb74L,,,,,,,,,0
kYRPbd,,,,,,,,,0
PABq91,,,,,,,,,0
RzB9oK,,,,,,,,,0
jB9Vb1,1,0,0,0,0,0,0,0,1
qbE12k,,,,,,,,,0
J2k4dX,,,,,,,,,0
zKQ6DM,,,,,,,,,0
7d9kl6,,,,,,,,,0
8dplQz,,,,,,,,,0
QABQeY,,,,,,,,,0
6dQB8o,,,,,,,,,0
MAdxEk,,,,,,,,,0
6dQB7J,1,0,1,0,0,0,0,0,2
9dJK9E,,,,,,,,,0
XeBb0L,,,,,,,,,0
AlbX2y,,,,,,,,,0
QABQ5G,,,,,,,,,0
GrBPdk,,,,,,,,,0
kYRPEo,,,,,,,,,0
VZ165y,,,,,,,,,0
7d9kWR,,,,,,,,,0
xdNWMd,,,,,,,,,0
24x6jM,1,0,0,0,0,0,0,0,1
DVvGkl,,,,,,,,,0
7d9kx0,,,,,,,,,0
aBrMYb,,,,,,,,,0
XeBboP,,,,,,,,,0
oAVj9N,1,0,0,0,0,0,0,0,1
lNlEeo,0,0,1,0,0,0,0,0,1
LdM2zJ,,,,,,,,,0
YZzARv,0,0,0,0,1,0,0,0,1
bl4Je6,,,,,,,,,0
lNlEOo,,,,,,,,,0
rlrZDX,,,,,,,,,0
g5NoGD,,,,,,,,,0
vNx9Dg,,,,,,,,,0
dY2yar,,,,,,,,,0
PABqj0,0,0,1,0,0,1,1,0,3
42Nb7r,,,,,,,,,0
VZ16zM,,,,,,,,,0
8dplzr,,,,,,,,,0
g5N6RK,1,0,0,0,0,0,0,1,2
EPbO52,1,0,0,0,0,0,0,0,1
g5NoqP,,,,,,,,,0
KMBj1X,,,,,,,,,0
jB9VQJ,,,,,,,,,0
24xGMA,0,0,0,0,0,0,1,0,1
6dQBLN,,,,,,,,,0
xdNWav,,,,,,,,,0
ylqaYX,1,0,0,0,0,0,0,0,1
KMBjVX,,,,,,,,,0
8dplKP,,,,,,,,,0
oAVjb5,0,0,1,0,0,0,0,1,2
rlrZao,,,,,,,,,0
EPbOQr,,,,,,,,,0
OABN1k,1,0,1,0,1,0,0,0,3
WAp75v,,,,,,,,,0
QABQVX,,,,,,,,,0
OABMOp,,,,,,,,,0
VZ1ORl,1,0,0,0,0,0,0,0,1
oAVj65,,,,,,,,,0
YZzlE0,,,,,,,,,0
aBrMQW,,,,,,,,,0
rlrZA2,,,,,,,,,0
ylqa28,,,,,,,,,0
OABNQM,,,,,,,,,0
6dQBjA,,,,,,,,,0
BGbRxR,,,,,,,,,0
xdNWDd,,,,,,,,,0
pLPplE,,,,,,,,,0
eBxXZJ,1,0,0,0,0,0,0,0,1
BGbR7R,,,,,,,,,0
EPbOxB,,,,,,,,,0
qbElA9,,,,,,,,,0
0EjW6B,,,,,,,,,0
xdNWx9,1,0,0,0,0,0,1,0,2
PABJad,,,,,,,,,0
BGbRpe,,,,,,,,,0
WAp7Ee,,,,,,,,,0
DVvGdN,1,0,0,0,0,0,0,0,1
EPbOqA,,,,,,,,,0
42NbXo,,,,,,,,,0
qbElDO,1,0,0,0,1,0,0,0,2
kYRBDj,,,,,,,,,0
lNlkJp,,,,,,,,,0
24x68b,1,0,0,0,0,0,0,0,1
VZ16j6,,,,,,,,,0
1r2aA4,,,,,,,,,0
xdNWa5,,,,,,,,,0
8dplNk,,,,,,,,,0
BGbRXK,0,0,1,0,0,1,0,0,2
J2k4AK,,,,,,,,,0
NABZWj,,,,,,,,,0
1r2a91,,,,,,,,,0
42NbB5,1,0,0,0,0,0,0,0,1
aBrM5Z,,,,,,,,,0
0EjRN0,,,,,,,,,0
oAVjDN,,,,,,,,,0
pLP2dP,,,,,,,,,0
VZ16Qj,,,,,,,,,0
PABJa0,,,,,,,,,0
g5N6yK,,,,,,,,,0
NABZl0,0,0,0,0,0,0,0,1,1
AlbXve,,,,,,,,,0
GrBP6O,,,,,,,,,0
NABZoO,,,,,,,,,0
KMBj5g,,,,,,,,,0
lNlErN,,,,,,,,,0
42NbxA,,,,,,,,,0
OABN7a,0,0,0,0,0,0,1,0,1
DVvGBE,,,,,,,,,0
LdMLRO,1,1,0,0,0,0,0,0,2
6dQBeN,,,,,,,,,0
5dqPWP,,,,,,,,,0
ZdRBEV,,,,,,,,,0
8dploo,,,,,,,,,0
0EjW7A,,,,,,,,,0
0EjWOB,,,,,,,,,0
xdNWJd,,,,,,,,,0
dY2yNV,,,,,,,,,0
0EjR2Q,,,,,,,,,0
qbEla5,,,,,,,,,0
YZzAaW,1,1,1,0,0,0,1,1,5
AlbXlz,,,,,,,,,0
OABNAg,,,,,,,,,0
NABZVl,,,,,,,,,0
0EjWj6,,,,,,,,,0
24x649,1,0,0,0,0,0,0,0,1
dY2yYK,,,,,,,,,0
0EjWLN,,,,,,,,,0
DVvGNZ,,,,,,,,,0
MAdx5M,,,,,,,,,0
zKQ6eR,,,,,,,,,0
NABZ0l,1,0,0,0,0,0,0,0,1
vNx920,0,0,0,0,1,0,0,0,1
RzB9zj,,,,,,,,,0
EPbOJX,,,,,,,,,0
oAVjvM,,,,,,,,,0
9dJK1Q,,,,,,,,,0
EPbOPr,,,,,,,,,0
J2k42R,1,0,0,0,0,0,0,0,1
ylqaq4,,,,,,,,,0
8dplpx,,,,,,,,,0
rlrZLl,,,,,,,,,0
eBxX20,,,,,,,,,0
DVvGDq,,,,,,,,,0
42NboO,,,,,,,,,0
dY2yPo,,,,,,,,,0
GrBPJo,0,0,0,0,1,0,0,0,1
zKQ6W1,,,,,,,,,0
EPbOJN,1,0,0,0,0,0,0,0,1
eBxXL0,,,,,,,,,0
EPbO04,,,,,,,,,0
PABql5,,,,,,,,,0
1r2aEp,,,,,,,,,0
1r2avQ,,,,,,,,,0
aBrMrq,,,,,,,,,0
5dqAEM,0,0,0,0,0,0,1,0,1
rlrZdl,,,,,,,,,0
aBrMGB,,,,,,,,,0
kYRP51,,,,,,,,,0
PABqX5,,,,,,,,,0
ylqaop,,,,,,,,,0
5dqAeP,,,,,,,,,0
aBrMK9,,,,,,,,,0
aBrMEv,,,,,,,,,0
MAdxOM,0,0,1,0,0,0,1,1,3
PABqbd,,,,,,,,,0
ZdRBP0,,,,,,,,,0
g5NoJ1,,,,,,,,,0
VZ16bE,,,,,,,,,0
VZ168g,,,,,,,,,0
xdNWPy,,,,,,,,,0
oAVjyx,,,,,,,,,0
ZdRBYz,,,,,,,,,0
6dQBOB,,,,,,,,,0
QABQr7,,,,,,,,,0
aBrM0v,,,,,,,,,0
bl4J62,,,,,,,,,0
ZdRBRy,,,,,,,,,0
DVvGJq,,,,,,,,,0
42Nb1b,,,,,,,,,0
qbElY2,1,0,0,0,0,0,0,0,1
ZdRBZa,,,,,,,,,0
OABNzg,,,,,,,,,0
xdNW0o,,,,,,,,,0
xdNWPo,,,,,,,,,0
kYRPZR,,,,,,,,,0
J2k4D4,,,,,,,,,0
9dJKo1,,,,,,,,,0
kYRPpd,,,,,,,,,0
BGbRD5,,,,,,,,,0
rlrZlR,,,,,,,,,0
AlbXqk,1,0,0,0,0,0,0,0,1
rlrZKN,,,,,,,,,0
MAdxAA,,,,,,,,,0
AlbXWB,,,,,,,,,0
MAdxYp,,,,,,,,,0
oAVjKX,,,,,,,,,0
rlrZ2M,,,,,,,,,0
YZzAx6,,,,,,,,,0
bl4JY2,0,0,0,0,0,0,1,0,1
OABNdp,,,,,,,,,0
oAVjBP,,,,,,,,,0
WAp70N,,,,,,,,,0
LdM20v,,,,,,,,,0
lNlE46,,,,,,,,,0
DVvGbX,,,,,,,,,0
lNlE0W,,,,,,,,,0
KMBj08,0,0,0,0,0,0,1,0,1
jB9VJ6,0,1,0,0,0,0,0,0,1
YZzAVq,,,,,,,,,0
jB9Vz9,,,,,,,,,0
0EjWPy,,,,,,,,,0
42NbpB,,,,,,,,,0
42NbGd,,,,,,,,,0
1r2aNO,,,,,,,,,0
PABq2b,,,,,,,,,0
NABZBQ,,,,,,,,,0
NABZLB,,,,,,,,,0
lNlENv,,,,,,,,,0
WAp7Pj,,,,,,,,,0
rlrZqL,0,1,0,0,0,0,0,0,1
kYRPxZ,1,1,0,0,0,1,0,0,3
24x6JL,,,,,,,,,0
AlbX9N,,,,,,,,,0
VZ16Zy,,,,,,,,,0
9dJK44,,,,,,,,,0
YZzAzd,,,,,,,,,0
RzB9gQ,,,,,,,,,0
XeBbB4,,,,,,,,,0
24x67A,,,,,,,,,0
zKQ6G8,1,0,0,0,0,0,0,0,1
qbElE7,,,,,,,,,0
PABqGd,,,,,,,,,0
qbElN8,,,,,,,,,0
9dJKWV,,,,,,,,,0
rlrZgp,,,,,,,,,0
ylqa04,,,,,,,,,0
0EjWZ0,,,,,,,,,0
lNlEyv,0,0,1,0,0,0,0,0,1
g5Nok1,1,0,0,0,0,0,1,0,2
1r2a6L,,,,,,,,,0
g5NoNd,,,,,,,,,0
LdM2qy,,,,,,,,,0
DVvGYX,,,,,,,,,0
zKQ6OZ,,,,,,,,,0
bl4JE6,,,,,,,,,0
xdNWLd,,,,,,,,,0
zKQ6gZ,,,,,,,,,0
QABQkk,1,0,0,0,0,0,1,0,2
OABNL7,,,,,,,,,0
24x6ge,,,,,,,,,0
NABZyp,1,0,0,0,0,0,0,0,1
jB9Vk6,,,,,,,,,0
VZ16y6,,,,,,,,,0
pLP24V,,,,,,,,,0
6dQBM5,,,,,,,,,0
24x6lA,,,,,,,,,0
rlrZQo,,,,,,,,,0
42NbNO,,,,,,,,,0
jB9VY1,,,,,,,,,0
RzB9kP,,,,,,,,,0
24x67b,,,,,,,,,0
YZzAZJ,,,,,,,,,0
zKQ6Za,,,,,,,,,0
g5NogM,0,1,0,0,0,0,0,1,2
VZ16MJ,,,,,,,,,0
pLP2Pb,,,,,,,,,0
LdM2NJ,,,,,,,,,0
bl4JOL,,,,,,,,,0
bl4Jy7,,,,,,,,,0
NABZv0,,,,,,,,,0
42NbLk,,,,,,,,,0
9dJKvp,,,,,,,,,0
6dQB4o,,,,,,,,,0
kYRPO6,1,0,0,0,0,0,0,0,1
ZdRBy5,,,,,,,,,0
oAVj01,,,,,,,,,0
AlbX8D,0,1,0,0,0,0,0,0,1
VZ16Mv,,,,,,,,,0
pLP261,,,,,,,,,0
vNx9Vg,,,,,,,,,0
vNx9K8,,,,,,,,,0
qbElBG,,,,,,,,,0
7d9kj6,,,,,,,,,0
KMBjkK,,,,,,,,,0
vNx9z8,,,,,,,,,0
zKQ6Ja,1,0,0,0,0,0,0,0,1
AlbXOy,,,,,,,,,0
PABqr0,,,,,,,,,0
dY2yXr,,,,,,,,,0
jB9VrQ,0,1,0,0,0,0,0,0,1
GrBPq2,,,,,,,,,0
7d9k52,0,0,1,0,0,0,0,0,1
0EjW5A,,,,,,,,,0
KMBjGK,,,,,,,,,0
vNx9gX,0,0,0,0,1,0,0,0,1
bl4J4o,,,,,,,,,0
24x6Rb,,,,,,,,,0
dY2ygD,,,,,,,,,0
ylqar8,,,,,,,,,0
DVvG9l,0,1,0,0,0,0,0,0,1
RzB92v,,,,,,,,,0
jB9V7x,,,,,,,,,0
EPbO6L,,,,,,,,,0
jB9VB4,,,,,,,,,0
xdNWv9,,,,,,,,,0
5dqApP,,,,,,,,,0
LdM2k2,,,,,,,,,0
vNx9Lv,1,0,0,0,0,0,0,0,1
zKQ64k,,,,,,,,,0
5dqAko,1,0,1,0,0,0,0,0,2
pLP2zE,,,,,,,,,0
NABZQp,,,,,,,,,0
lNlE5V,,,,,,,,,0
VZ16Nl,,,,,,,,,0
0EjWyA,,,,,,,,,0
EPbOel,,,,,,,,,0
OABNKa,,,,,,,,,0
8dplAA,,,,,,,,,0
oAVjpN,,,,,,,,,0
1r2agg,,,,,,,,,0
EPbOgA,,,,,,,,,0
lNlEZX,,,,,,,,,0
5dqAgN,,,,,,,,,0
RzB9z9,1,0,0,0,0,0,0,0,1
5dqADQ,,,,,,,,,0
24x6ze,,,,,,,,,0
jB9V21,,,,,,,,,0
0EjWGP,,,,,,,,,0
aBrMxB,,,,,,,,,0
KMBjAg,,,,,,,,,0
AlbXGl,0,1,0,0,0,0,0,0,1
9dJKR1,,,,,,,,,0
LdM2E1,,,,,,,,,0
6dQBzA,,,,,,,,,0
dY2yKz,,,,,,,,,0
MAdxdX,,,,,,,,,0
6dQByN,,,,,,,,,0
dY2y1V,,,,,,,,,0
42NbAb,,,,,,,,,0
rlrZlN,0,0,0,0,1,0,0,0,1
VZ16xN,,,,,,,,,0
OABNdK,,,,,,,,,0
VZ16oa,,,,,,,,,0
zKQ6zR,0,1,0,0,0,0,0,0,1
NABZJQ,,,,,,,,,0
lNlE8N,,,,,,,,,0
PABqqe,,,,,,,,,0
ylqa8X,,,,,,,,,0
KMBj2X,,,,,,,,,0
KMBjbA,,,,,,,,,0
kYRP2R,,,,,,,,,0
jB9VRa,,,,,,,,,0
aBrMLB,0,1,0,0,0,0,0,0,1
YZzAAJ,,,,,,,,,0
VZ16Ra,,,,,,,,,0
DVvGGZ,,,,,,,,,0
GrBPVL,,,,,,,,,0
9dJK05,,,,,,,,,0
24x6G9,,,,,,,,,0
rlrZQ2,,,,,,,,,0
YZzA1B,,,,,,,,,0
xdNW7d,1,0,0,0,0,0,0,0,1
ylqaBg,,,,,,,,,0
jB9V84,,,,,,,,,0
vNx95D,,,,,,,,,0
LdM22p,,,,,,,,,0
NABZ2j,,,,,,,,,0
RzB9yj,,,,,,,,,0
qbElqg,,,,,,,,,0
GrBPPk,,,,,,,,,0
DVvGQq,,,,,,,,,0
EPbOpX,,,,,,,,,0
6dQBgk,,,,,,,,,0
VZ16Wy,,,,,,,,,0
GrBP8o,,,,,,,,,0
MAdxWM,,,,,,,,,0
J2k4Po,,,,,,,,,0
GrBP2o,,,,,,,,,0
1r2a1W,,,,,,,,,0
AlbXXz,,,,,,,,,0
lNlExk,,,,,,,,,0
EPbRko,0,0,0,0,1,0,0,0,1
g5NoBl,,,,,,,,,0
LdM2A1,,,,,,,,,0
24x6QL,,,,,,,,,0
bl4pZ2,,,,,,,,,0
oAVj4V,,,,,,,,,0
QABQ6p,,,,,,,,,0
XeBbbY,0,0,0,0,0,0,0,1,1
KMBjKV,,,,,,,,,0
24x62j,,,,,,,,,0
oAVjrV,1,0,0,0,0,0,0,0,1
aBrMWv,,,,,,,,,0
9dJK8Q,,,,,,,,,0
rlrZZR,,,,,,,,,0
pLP2pB,,,,,,,,,0
24x6qV,,,,,,,,,0
EPbRKq,,,,,,,,,0
KMBEYM,1,0,0,0,0,0,1,0,2
qbElrG,,,,,,,,,0
1r2aol,,,,,,,,,0
RzB9XJ,,,,,,,,,0
rlrZ8R,,,,,,,,,0
5dq7BM,,,,,,,,,0
5dq7KM,,,,,,,,,0
oAVP61,1,0,1,0,0,0,1,1,4
1r2ajQ,,,,,,,,,0
5dq7bP,,,,,,,,,0
DVv8kp,,,,,,,,,0
BGbRPN,,,,,,,,,0
YZzABW,,,,,,,,,0
zKQ6pq,,,,,,,,,0
zKQ9E8,,,,,,,,,0
vNxZPX,,,,,,,,,0
EPbRzo,,,,,,,,,0
9dJkGG,,,,,,,,,0
dY2yyK,0,0,0,0,0,0,1,0,1
42N6r5,,,,,,,,,0
eBxXOl,,,,,,,,,0
7d9krR,,,,,,,,,0
PABxD0,,,,,,,,,0
24x6qp,,,,,,,,,0
ZdR7OA,,,,,,,,,0
pLPEBP,,,,,,,,,0
YZzA85,,,,,,,,,0
AlbgPB,,,,,,,,,0
GrBPEL,,,,,,,,,0
OABNO7,,,,,,,,,0
dY2M0N,,,,,,,,,0
oAVP25,,,,,,,,,0
VZ1eGE,,,,,,,,,0
jB9RlY,,,,,,,,,0
6dQBXB,,,,,,,,,0
rlrZzv,,,,,,,,,0
J2kPqY,,,,,,,,,0
EPbOGB,,,,,,,,,0
eBxJ5E,,,,,,,,,0
ylqQJ6,,,,,,,,,0
QABZ2g,,,,,,,,,0
EPbRPl,0,0,0,0,0,0,0,1,1
bl4JPg,,,,,,,,,0
vNxZGA,,,,,,,,,0
YZz6ZN,,,,,,,,,0
0Ej9d0,,,,,,,,,0
AlbgBo,,,,,,,,,0
0Ej9BQ,,,,,,,,,0
1r2eXO,1,0,0,0,0,0,0,0,1
VZ16WM,,,,,,,,,0
vNx9oQ,,,,,,,,,0
GrBGvj,,,,,,,,,0
g5Nl9M,,,,,,,,,0
qbEl89,0,0,0,0,1,0,0,0,1
9dJkdE,,,,,,,,,0
VZ162v,,,,,,,,,0
bl4pVe,1,0,0,0,0,0,0,0,1
lNlG7v,,,,,,,,,0
aBrM8q,,,,,,,,,0
RzBNoP,,,,,,,,,0
EPbRQ2,,,,,,,,,0
ZdR7dV,,,,,,,,,0
8dpBdl,,,,,,,,,0
xdNqrJ,,,,,,,,,0
GrBGlQ,,,,,,,,,0
ZdRB40,,,,,,,,,0
7d9AW2,,,,,,,,,0
PABqMQ,,,,,,,,,0
jB9RGa,1,0,0,0,0,0,0,0,1
0Ej9V0,,,,,,,,,0
g5Nl5P,,,,,,,,,0
Albgdl,,,,,,,,,0
42N6Ak,,,,,,,,,0
zKQ9ME,1,0,0,0,0,0,0,0,1
DVv85N,,,,,,,,,0
VZ1e8M,1,0,0,0,0,0,0,0,1
aBrLEb,,,,,,,,,0
24x6Wj,0,0,0,0,0,0,1,1,2
pLPEL1,,,,,,,,,0
qbErYG,,,,,,,,,0
6dQlWP,,,,,,,,,0
OAB2Aa,1,0,0,0,0,0,0,0,1
OAB2b7,,,,,,,,,0
vNxZMd,,,,,,,,,0
eBxXVe,,,,,,,,,0
DVvG6Z,,,,,,,,,0
QABQqX,,,,,,,,,0
ZdR7Dy,,,,,,,,,0
GrBGXp,,,,,,,,,0
rlr4PX,,,,,,,,,0
LdMr0l,,,,,,,,,0
eBxJ00,,,,,,,,,0
zKQ90R,,,,,,,,,0
J2kPVo,0,0,0,0,0,1,0,0,1
42N6jr,1,0,0,0,0,0,0,0,1
qbErd5,,,,,,,,,0
8dpBAO,,,,,,,,,0
DVv81l,,,,,,,,,0
PABxBV,,,,,,,,,0
5dq7jb,,,,,,,,,0
1r2ePM,,,,,,,,,0
1r2e7b,,,,,,,,,0
ZdR71z,,,,,,,,,0
LdMrWJ,0,0,0,0,0,0,0,1,1
6dQlOJ,,,,,,,,,0
KMBEyk,,,,,,,,,0
bl4pNL,0,1,0,0,1,0,0,0,2
xdNq0r,,,,,,,,,0
eBxJYO,,,,,,,,,0
VZ162J,0,1,0,0,0,0,0,0,1
rlr4p5,,,,,,,,,0
6dQl1k,,,,,,,,,0
aBrLk9,,,,,,,,,0
jB9R0a,,,,,,,,,0
5dq786,,,,,,,,,0
zKQ92a,,,,,,,,,0
42N6zO,,,,,,,,,0
1r2erg,0,0,1,0,0,0,0,0,1
LdMrq2,,,,,,,,,0
MAd4VX,,,,,,,,,0
42N69k,,,,,,,,,0
PABxYe,,,,,,,,,0
GrBGy2,,,,,,,,,0
EPbRb4,,,,,,,,,0
ZdR7ya,,,,,,,,,0
bl4Jbo,,,,,,,,,0
lNlG96,,,,,,,,,0
ZdR7ga,,,,,,,,,0
xdNWOy,,,,,,,,,0
42N6Ro,,,,,,,,,0
zKQ9BZ,,,,,,,,,0
5dq7GE,,,,,,,,,0
g5NlDN,,,,,,,,,0
42N6Do,0,1,1,0,0,0,0,0,2
WApWXL,,,,,,,,,0
AlbgaB,,,,,,,,,0
xdNqlo,,,,,,,,,0
KMBE2z,,,,,,,,,0
5dq7xv,,,,,,,,,0
QABZZY,,,,,,,,,0
MAdx0p,,,,,,,,,0
WApWgP,,,,,,,,,0
eBxJ8J,,,,,,,,,0
42N6Ob,,,,,,,,,0
WApWkQ,,,,,,,,,0
KMBEEg,,,,,,,,,0
6dQldA,0,0,0,0,0,0,0,1,1
rlr40N,,,,,,,,,0
DVv8QN,,,,,,,,,0
WApW6L,,,,,,,,,0
g5NlBD,,,,,,,,,0
QABZOp,,,,,,,,,0
KMBEgk,,,,,,,,,0
VZ1eAl,,,,,,,,,0
YZz62W,,,,,,,,,0
OAB2Yg,0,0,0,0,0,0,0,1,1
8dpBBl,,,,,,,,,0
VZ1e6j,,,,,,,,,0
WApWWe,,,,,,,,,0
rlr4e2,,,,,,,,,0
6dQlqY,,,,,,,,,0
8dpB2A,,,,,,,,,0
NABj2p,,,,,,,,,0
oAVPaM,,,,,,,,,0
DVv89p,,,,,,,,,0
jB9RLJ,,,,,,,,,0
rlrZXl,,,,,,,,,0
XeBbpg,,,,,,,,,0
ZdR7e0,,,,,,,,,0
WApWQJ,,,,,,,,,0
XeBaWz,,,,,,,,,0
xdNqzG,1,0,0,0,0,0,0,0,1
WApWxv,,,,,,,,,0
AlbgoD,,,,,,,,,0
dY2MBK,,,,,,,,,0
aBrROv,,,,,,,,,0
jB9jDa,,,,,,,,,0
jB9RO4,,,,,,,,,0
EPbRj4,1,1,1,0,1,0,0,0,4
8dpX1O,,,,,,,,,0
OAB6l8,,,,,,,,,0
J2kPNR,,,,,,,,,0
ylqBN4,1,1,0,0,0,0,1,0,3
LdMrQp,1,0,0,0,0,0,0,0,1
42N6WX,,,,,,,,,0
RzBAWd,,,,,,,,,0
oAVq21,,,,,,,,,0
BGbyPK,,,,,,,,,0
OAB648,,,,,,,,,0
KMB9Q8,,,,,,,,,0
rlr4zR,,,,,,,,,0
5dq7WE,,,,,,,,,0
eBxV50,,,,,,,,,0
vNxlyd,,,,,,,,,0
LdMePG,,,,,,,,,0
EPbRyr,,,,,,,,,0
vNxZ70,,,,,,,,,0
9dJ8D1,,,,,,,,,0
WApLzP,,,,,,,,,0
NABaJp,,,,,,,,,0
9dJ8Np,,,,,,,,,0
AlbEzk,,,,,,,,,0
MAdWKM,,,,,,,,,0
EPb2PL,,,,,,,,,0
xdNAp9,,,,,,,,,0
5dqJKo,,,,,,,,,0
rlrejl,,,,,,,,,0
7d9yRP,,,,,,,,,0
rlre6L,0,0,0,0,1,0,0,0,1
DVvjzj,,,,,,,,,0
dY2Oqo,,,,,,,,,0
AlbE6y,,,,,,,,,0
pLPQP1,,,,,,,,,0
J2kQlJ,,,,,,,,,0
EPb20A,,,,,,,,,0
BGbrD1,,,,,,,,,0
RzBABK,,,,,,,,,0
oAVqB5,,,,,,,,,0
ylqB9p,,,,,,,,,0
xdNAQE,,,,,,,,,0
1r2LM4,,,,,,,,,0
rlredX,,,,,,,,,0
vNxlql,,,,,,,,,0
XeBplg,,,,,,,,,0
EPb2do,,,,,,,,,0
24xW0D,1,0,0,0,0,0,0,0,1
oAVqvP,,,,,,,,,0
J2kQMR,0,0,0,0,1,0,0,0,1
lNlxDk,,,,,,,,,0
ylqBx6,1,0,0,0,0,0,0,0,1
GrBZqL,,,,,,,,,0
lNlxzk,,,,,,,,,0
ZdRMve,,,,,,,,,0
jB9jga,,,,,,,,,0
aBrRzB,,,,,,,,,0
oAVq0b,1,0,1,1,0,0,0,0,3
XeBpQg,,,,,,,,,0
pLPQ48,,,,,,,,,0
8dpXyx,,,,,,,,,0
oAVqaV,,,,,,,,,0
6dQgAY,,,,,,,,,0
xdNAoy,,,,,,,,,0
ylqBoX,,,,,,,,,0
eBxV8q,0,0,0,0,0,0,0,1,1
oAVqa1,,,,,,,,,0
24xpyV,,,,,,,,,0
0EjKGN,,,,,,,,,0
1r2LyW,,,,,,,,,0
NABavG,,,,,,,,,0
oAVq6P,0,0,1,0,0,0,0,1,2
YZz1bq,,,,,,,,,0
EPb2gX,,,,,,,,,0
PAB78B,,,,,,,,,0
8dpX8r,,,,,,,,,0
WApLda,,,,,,,,,0
0EjKy6,,,,,,,,,0
YZz1A0,,,,,,,,,0
g5NEKJ,,,,,,,,,0
xdNA59,,,,,,,,,0
dY2Ooz,,,,,,,,,0
NABaRj,,,,,,,,,0
QABbZl,,,,,,,,,0
5dqJoM,,,,,,,,,0
rlreXp,,,,,,,,,0
8dpXYA,,,,,,,,,0
KMB9AM,,,,,,,,,0
WApLLL,,,,,,,,,0
AlbEVy,,,,,,,,,0
vNxl7g,1,0,0,0,0,0,0,1,2
GrBZNe,,,,,,,,,0
YZz18v,,,,,,,,,0
AlbkLk,,,,,,,,,0
7d9yy6,0,0,0,0,0,0,0,1,1
ylqB1g,,,,,,,,,0
PAB7M1,,,,,,,,,0
zKQVxM,,,,,,,,,0
lNlx8p,,,,,,,,,0
5dqNjo,,,,,,,,,0
GrBMKZ,,,,,,,,,0
jB9j11,,,,,,,,,0
5dqJYM,,,,,,,,,0
kYR2Dr,,,,,,,,,0
zKQV7a,,,,,,,,,0
8dp9Nz,,,,,,,,,0
vNxlRX,,,,,,,,,0
9dJe7p,,,,,,,,,0
VZ1Kkj,,,,,,,,,0
WAp48j,,,,,,,,,0
MAdWMA,,,,,,,,,0
xdNGXv,,,,,,,,,0
PABo6b,,,,,,,,,0
OAB6OM,,,,,,,,,0
6dQqO5,,,,,,,,,0
kYR2Ld,,,,,,,,,0
0Ej4MZ,,,,,,,,,0
BGbvpQ,,,,,,,,,0
8dp9L5,,,,,,,,,0
8dp9po,,,,,,,,,0
EPbpKr,,,,,,,,,0
MAd0AX,,,,,,,,,0
DVvLzq,,,,,,,,,0
XeBjEd,,,,,,,,,0
OABRPK,1,0,0,0,0,0,0,0,1
qbEyL9,,,,,,,,,0
AlbkDW,,,,,,,,,0
bl4axo,,,,,,,,,0
DVvLV5,,,,,,,,,0
8dp9jk,,,,,,,,,0
24x2LA,,,,,,,,,0
GrBM1j,,,,,,,,,0
1r2L1g,,,,,,,,,0
9dJelG,,,,,,,,,0
xdNG0E,,,,,,,,,0
24x2vA,0,0,0,0,0,0,0,1,1
LdM8M2,0,0,0,0,1,0,0,0,1
MAd0Ml,,,,,,,,,0
jB9KW6,,,,,,,,,0
NABz8N,,,,,,,,,0
bl4aL2,1,1,0,0,0,0,0,0,2
J2ky8z,,,,,,,,,0
ZdRxV0,1,0,0,0,0,0,1,0,2
PABo0Q,,,,,,,,,0
g5NBYM,,,,,,,,,0
0Ej4lB,0,0,0,0,0,0,1,0,1
QABGxl,,,,,,,,,0
24x2DM,,,,,,,,,0
MAd0qA,1,0,0,0,0,0,0,1,2
ZdRxgB,,,,,,,,,0
lNlp2B,,,,,,,,,0
42NZeo,,,,,,,,,0
RzBOa9,,,,,,,,,0
GrBMjZ,,,,,,,,,0
YZz2Ad,,,,,,,,,0
dY274o,,,,,,,,,0
PABoP1,,,,,,,,,0
GrBMEp,,,,,,,,,0
24x2qb,0,1,0,0,0,0,0,0,1
NABz2Q,,,,,,,,,0
g5NB6d,,,,,,,,,0
aBrWJv,,,,,,,,,0
42NZA5,,,,,,,,,0
RzBOyJ,,,,,,,,,0
lNlp8B,,,,,,,,,0
EPbp2o,,,,,,,,,0
VZ1rGy,,,,,,,,,0
kYRqad,,,,,,,,,0
0Ej4X0,,,,,,,,,0
eBxbko,,,,,,,,,0
lNlQrN,0,1,0,0,0,0,0,0,1
bl4P96,,,,,,,,,0
MAd0WY,,,,,,,,,0
9dJe8G,1,0,0,0,0,0,0,0,1
vNxkjX,,,,,,,,,0
VZ1rXg,,,,,,,,,0
zKQVV8,,,,,,,,,0
QABGgl,0,1,0,0,0,0,0,0,1
EPb9ll,,,,,,,,,0
24x26V,,,,,,,,,0
AlbZBe,,,,,,,,,0
ylqLXd,,,,,,,,,0
qbEyyd,,,,,,,,,0
KMBbM8,,,,,,,,,0
9dJVXE,,,,,,,,,0
zKQl7M,,,,,,,,,0
pLParP,,,,,,,,,0
VZ1g0g,,,,,,,,,0
GrBW9e,,,,,,,,,0
aBrWpq,0,0,0,0,1,0,0,0,1
8dpOeO,0,1,0,0,0,0,0,0,1
5dqRxZ,,,,,,,,,0
jB9Ne1,,,,,,,,,0
KMBbo8,,,,,,,,,0
DVvQKl,0,0,0,0,1,0,0,0,1
dY2rYo,,,,,,,,,0
24x2Jb,,,,,,,,,0
KMBbkK,1,0,0,0,0,0,0,0,1
ylqL9x,0,0,0,0,0,0,0,1,1
BGbNGQ,,,,,,,,,0
g5N2AO,,,,,,,,,0
eBx4zJ,,,,,,,,,0
eBx4lx,0,1,0,0,0,0,0,0,1
VZ1gxN,,,,,,,,,0
EPb9Y2,,,,,,,,,0
XeBX9e,,,,,,,,,0
oAVWQN,,,,,,,,,0
6dQoVo,,,,,,,,,0
vNxkK8,,,,,,,,,0
NABzGb,,,,,,,,,0
EPb9El,,,,,,,,,0
pLPgv1,,,,,,,,,0
24x2lM,,,,,,,,,0
OABRKR,,,,,,,,,0
24xpWb,,,,,,,,,0
lNlxeW,,,,,,,,,0
OAB6ER,,,,,,,,,0
DVvQbX,,,,,,,,,0
jB9jR9,,,,,,,,,0
KMBbAX,,,,,,,,,0
rlr7bo,0,0,0,0,1,0,0,0,1
RzBppJ,,,,,,,,,0
J2k7jK,,,,,,,,,0
ZdR0bB,,,,,,,,,0
bl4P1Z,,,,,,,,,0
bl4Pag,,,,,,,,,0
1r28gg,,,,,,,,,0
BGbNr5,,,,,,,,,0
42NeXb,,,,,,,,,0
GrBWAZ,,,,,,,,,0
xdNKWr,,,,,,,,,0
9dJVkQ,1,0,0,0,0,0,0,0,1
OABvZY,,,,,,,,,0
42NeJo,,,,,,,,,0
ylqV46,,,,,,,,,0
pLP8oy,,,,,,,,,0
5dqW9v,,,,,,,,,0
NABG0O,,,,,,,,,0
ylqVl8,,,,,,,,,0
0EjNE9,,,,,,,,,0
kYRMEZ,,,,,,,,,0
8dp7Zk,,,,,,,,,0
WApxEL,,,,,,,,,0
EPbyLB,,,,,,,,,0
GrB8Qo,0,0,0,0,0,0,0,1,1
xdNOZv,,,,,,,,,0
24x02L,,,,,,,,,0
WApxeN,,,,,,,,,0
J2k5Vo,,,,,,,,,0
VZ129g,,,,,,,,,0
NABGBl,0,0,1,0,0,0,0,1,2
VZ12oJ,,,,,,,,,0
J2k5Md,,,,,,,,,0
EPbyvX,,,,,,,,,0
VZ12yl,,,,,,,,,0
oAVXgX,,,,,,,,,0
qbE0ek,,,,,,,,,0
g5NKXM,,,,,,,,,0
EPbyOl,,,,,,,,,0
24xQRp,,,,,,,,,0
dY2BOd,,,,,,,,,0
PABVoe,,,,,,,,,0
xdNO19,1,1,0,0,0,0,0,0,2
zKQPLq,,,,,,,,,0
vNxoVX,1,1,0,0,0,0,0,0,2
24xQGe,1,0,0,0,0,0,0,0,1
eBxkrJ,,,,,,,,,0
rlrzbp,,,,,,,,,0
xdNOWd,,,,,,,,,0
qbE09g,,,,,,,,,0
VZ12rM,,,,,,,,,0
pLPlyV,,,,,,,,,0
GrB8jz,,,,,,,,,0
pLPlbq,,,,,,,,,0
24xM8L,,,,,,,,,0
QABP67,,,,,,,,,0
6dQaoJ,,,,,,,,,0
PABVZx,,,,,,,,,0
RzB7Pp,0,1,0,0,0,0,0,0,1
QAB6Mg,,,,,,,,,0
OABWXK,0,0,0,0,0,0,0,1,1
ylqWYp,,,,,,,,,0
VZ1kGv,,,,,,,,,0
bl40qo,,,,,,,,,0
NABelG,,,,,,,,,0
5dqy9M,,,,,,,,,0
kYRVEJ,,,,,,,,,0
Alb1GN,,,,,,,,,0
rlrxo5,,,,,,,,,0
OABW5A,,,,,,,,,0
zKQPpR,,,,,,,,,0
WApvYR,,,,,,,,,0
xdNOlo,,,,,,,,,0
NABe7W,,,,,,,,,0
aBr8zB,,,,,,,,,0
MAd98k,,,,,,,,,0
xdNel5,,,,,,,,,0
xdNe6r,,,,,,,,,0
42NgdO,,,,,,,,,0
5dqyVo,,,,,,,,,0
QAB6JY,,,,,,,,,0
DVvl9b,,,,,,,,,0
DVvlbq,,,,,,,,,0
qbE2M2,,,,,,,,,0
5dqyoM,0,0,0,1,0,0,1,0,2
24xMzp,,,,,,,,,0
42NgEk,,,,,,,,,0
XeBKAd,,,,,,,,,0
RzB7Qp,0,1,0,0,0,0,0,1,2
GrB2GQ,,,,,,,,,0
MAd9WE,,,,,,,,,0
oAV4YX,,,,,,,,,0
g5NRxN,,,,,,,,,0
42NgM5,,,,,,,,,0
lNlPqW,,,,,,,,,0
aBr8JE,,,,,,,,,0
42Ne8r,,,,,,,,,0
LdMQxO,,,,,,,,,0
XeBK0d,,,,,,,,,0
8dp00l,,,,,,,,,0
ZdRpqV,,,,,,,,,0
24xM5V,,,,,,,,,0
24xqAj,1,0,0,0,0,0,0,0,1
OABWqp,,,,,,,,,0
9dJzzE,,,,,,,,,0
7d9809,0,0,1,0,0,0,0,0,1
dY258K,0,1,0,0,0,0,0,0,1
YZzEjJ,,,,,,,,,0
PABMpV,,,,,,,,,0
xdNkX5,0,1,0,0,0,0,0,0,1
LdMA7v,,,,,,,,,0
1r2Zb4,,,,,,,,,0
XeBKZP,,,,,,,,,0
jB9dPx,1,0,1,0,0,0,0,0,2
42NWaY,,,,,,,,,0
KMBq7X,,,,,,,,,0
oAVry1,,,,,,,,,0
QABgJk,,,,,,,,,0
DVvl6p,,,,,,,,,0
8dpveY,,,,,,,,,0
DVvrvp,1,1,0,0,0,0,0,1,3
ylqKZX,,,,,,,,,0
EPbjYr,0,0,0,0,0,0,1,0,1
VZ1RYl,,,,,,,,,0
rlrNpR,,,,,,,,,0
vNx710,,,,,,,,,0
DVvrMl,,,,,,,,,0
bl4B20,,,,,,,,,0
WApGZk,1,0,0,0,0,0,1,0,2
7d9BgZ,1,0,0,0,0,0,0,0,1
PABaYx,,,,,,,,,0
GrBNyk,,,,,,,,,0
vNx7pD,,,,,,,,,0
24xqzL,,,,,,,,,0
XeBVpd,,,,,,,,,0
J2kayY,,,,,,,,,0
jB9O5J,,,,,,,,,0
aBrbpq,,,,,,,,,0
XeBVZV,,,,,,,,,0
rlrx85,,,,,,,,,0
eBxdOE,1,0,1,0,0,0,1,0,3
BGbO2e,0,0,1,0,0,0,0,0,1
NABKaW,,,,,,,,,0
g5NyOD,,,,,,,,,0
ylqKLW,,,,,,,,,0
ylqK54,,,,,,,,,0
ZdR4pA,,,,,,,,,0
jB9dOY,,,,,,,,,0
1r2ZLO,,,,,,,,,0
qbYZaO,,,,,,,,,0
AlboEW,0,0,0,0,0,0,0,1,1
BGL4dR,,,,,,,,,0
jB0DlJ,,,,,,,,,0
eBNZDx,,,,,,,,,0
J2VKAR,,,,,,,,,0
jB0DQ4,1,0,0,0,0,0,0,0,1
0Ebr79,,,,,,,,,0
qbYZR9,,,,,,,,,0
yl0ZDB,,,,,,,,,0
xd0xPo,,,,,,,,,0
XeRlWY,1,0,0,1,0,0,0,0,2
eBNZA0,,,,,,,,,0
6d1J4N,,,,,,,,,0
J2VKgX,,,,,,,,,0
aBjN4X,,,,,,,,,0
VZ9EVv,1,0,0,0,0,0,0,0,1
yl0Zep,,,,,,,,,0
7dJlza,,,,,,,,,0
XeRlQe,1,0,0,0,0,0,0,0,1
WAe90j,1,0,0,0,0,0,0,0,1
dYZqdK,1,0,0,0,0,0,0,0,1
Al6PLz,,,,,,,,,0
eBNZzJ,,,,,,,,,0
J2VKGX,,,,,,,,,0
PABaAP,,,,,,,,,0
YZoDgv,,,,,,,,,0
24b8Y9,,,,,,,,,0
ZdG5yV,,,,,,,,,0
RzZK14,,,,,,,,,0
LdE14p,,,,,,,,,0
QAx2qG,,,,,,,,,0
bl2Vy6,,,,,,,,,0
Grovo2,,,,,,,,,0
0Ebry9,,,,,,,,,0
PA2jNB,,,,,,,,,0
VZ9Eyj,,,,,,,,,0
lN0DEk,,,,,,,,,0
WAe9GJ,,,,,,,,,0
eBNZdq,,,,,,,,,0
pL0xab,,,,,,,,,0
BGL4r5,1,0,0,0,0,0,0,1,2
KMPQ9A,1,0,0,0,0,0,0,0,1
1rbP1M,1,0,0,0,0,0,0,1,2
6d18jo,,,,,,,,,0
EPBkqq,,,,,,,,,0
MArKXl,,,,,,,,,0
24bEBg,,,,,,,,,0
yl0PXW,,,,,,,,,0
zK0xYg,,,,,,,,,0
RzZG44,,,,,,,,,0
42142r,,,,,,,,,0
BGLzXe,,,,,,,,,0
MAreLA,,,,,,,,,0
OAjDGM,,,,,,,,,0
rl0jGl,0,0,0,0,0,0,0,1,1
jB0aW4,,,,,,,,,0
xd0Xy5,,,,,,,,,0
dYZWjK,,,,,,,,,0
pLPjdJ,,,,,,,,,0
EPBkPl,1,1,0,0,0,0,0,0,2
0EbQbN,,,,,,,,,0
yl0PeB,,,,,,,,,0
Grox5j,,,,,,,,,0
8dJ1rA,1,0,0,0,0,0,0,0,1
4214qo,,,,,,,,,0
aBjQgW,,,,,,,,,0
aBjQyy,0,0,0,1,0,0,1,0,2
jB0ap9,,,,,,,,,0
7dJRez,,,,,,,,,0
BGLz71,,,,,,,,,0
NA4p5W,0,1,0,0,0,0,0,0,1
6d18eo,,,,,,,,,0
lNlQkv,1,0,0,0,0,0,0,0,1
8dJoAY,,,,,,,,,0
6d18yo,,,,,,,,,0
OAjD6g,1,0,0,1,0,0,1,0,3
dYZWer,,,,,,,,,0
YZo58J,,,,,,,,,0
8dJ175,1,0,0,0,0,0,0,0,1
XeRxKg,,,,,,,,,0
oA09eX,,,,,,,,,0
rl0jRp,,,,,,,,,0
MAr1DY,,,,,,,,,0
rl0DO5,,,,,,,,,0
bl2Z70,,,,,,,,,0
QAxoJY,,,,,,,,,0
421a7B,,,,,,,,,0
vN0XBX,,,,,,,,,0
yl0XYW,,,,,,,,,0
NA4q0p,,,,,,,,,0
7dJXK9,,,,,,,,,0
WAeJek,,,,,,,,,0
Al6rdo,,,,,,,,,0
rl0DvN,,,,,,,,,0
yl0Xdg,,,,,,,,,0
KMPpk8,,,,,,,,,0
rl0DJN,,,,,,,,,0
6d1DWJ,,,,,,,,,0
zK0EJk,,,,,,,,,0
8dJNGr,,,,,,,,,0
XeR5zg,,,,,,,,,0
bl25aZ,,,,,,,,,0
VZ9pXE,,,,,,,,,0
DVXqPb,,,,,,,,,0
xd0Vgo,,,,,,,,,0
9d6NaY,,,,,,,,,0
g5QbLJ,,,,,,,,,0
OAjQg8,,,,,,,,,0
PA2RWQ,,,,,,,,,0
PA2RLd,,,,,,,,,0
qbY58k,0,0,0,0,0,0,0,1,1
J2V17r,,,,,,,,,0
LdEDeJ,,,,,,,,,0
g5QbEJ,,,,,,,,,0
xd0VLG,,,,,,,,,0
RzZWAQ,,,,,,,,,0
kY0bMr,,,,,,,,,0
YZojoW,0,0,1,0,0,0,0,0,1
6d1L8J,,,,,,,,,0
0EbV9P,,,,,,,,,0
oA09Xb,,,,,,,,,0
MArXNp,,,,,,,,,0
bl2ZB1,,,,,,,,,0
jB0ZZa,,,,,,,,,0
dYZENo,,,,,,,,,0
7dJqKP,,,,,,,,,0
aBj94v,,,,,,,,,0
pL0ryq,,,,,,,,,0
qbYLA2,,,,,,,,,0
24bX4p,,,,,,,,,0
oA0E9P,,,,,,,,,0
PA2pOb,,,,,,,,,0
eBNMEE,,,,,,,,,0
XeRLLg,,,,,,,,,0
yl0Mjd,1,0,0,0,0,0,0,0,1
NA4rNQ,,,,,,,,,0
1rbXOl,,,,,,,,,0
Al6zN0,,,,,,,,,0
24bXgj,,,,,,,,,0
EPBK7o,,,,,,,,,0
YZoPDW,,,,,,,,,0
lN0BYo,,,,,,,,,0
yl0Mgx,,,,,,,,,0
dYZEVo,,,,,,,,,0
EPBKpL,,,,,,,,,0
jB0Z4E,,,,,,,,,0
Al6zgW,,,,,,,,,0
9d6BKG,0,0,0,0,1,0,0,0,1
vN0rj4,,,,,,,,,0
LdEZRv,,,,,,,,,0
RzZxOP,1,0,0,0,0,0,0,0,1
dYZELD,1,0,0,0,0,0,0,0,1
oA0D9b,,,,,,,,,0
DVXKql,,,,,,,,,0
MArXjX,,,,,,,,,0
7dJbL0,,,,,,,,,0
OAjlzR,,,,,,,,,0
0Eb7MN,,,,,,,,,0
qbYaBY,,,,,,,,,0
aBjeBv,,,,,,,,,0
RzZd4d,,,,,,,,,0
yl0Nx4,,,,,,,,,0
VZ9j8J,1,1,0,0,1,0,0,0,3
XeRrBO,,,,,,,,,0
ZdG8b0,,,,,,,,,0
XeRrOd,,,,,,,,,0
6d1eA5,,,,,,,,,0
24bBlb,0,0,0,0,1,0,0,0,1
kY09zd,,,,,,,,,0
9d6XPV,,,,,,,,,0
6d1epo,1,1,0,0,0,0,0,0,2
zK0NRM,,,,,,,,,0
bl29y1,0,1,0,0,0,0,0,0,1
lN0qY6,,,,,,,,,0
RzZd2Q,,,,,,,,,0
eBND8k,,,,,,,,,0
lN0BDN,,,,,,,,,0
24bXyj,,,,,,,,,0
RzZdlK,,,,,,,,,0
YZoR15,,,,,,,,,0
g5QeBd,,,,,,,,,0
kY09M6,,,,,,,,,0
XeRJxV,,,,,,,,,0
EPBddA,,,,,,,,,0
kY0eNZ,,,,,,,,,0
VZ9QGl,1,0,0,0,0,0,0,0,1
vN0eAl,,,,,,,,,0
EPBdQl,,,,,,,,,0
1rbd4b,,,,,,,,,0
DVXkeZ,,,,,,,,,0
RzZM8d,,,,,,,,,0
QAxe0G,,,,,,,,,0
RzZMvJ,0,1,0,0,0,0,0,0,1
8dJapO,,,,,,,,,0
dYZaZq,,,,,,,,,0
pL0y5E,,,,,,,,,0
8dJa6x,,,,,,,,,0
7dJLP9,,,,,,,,,0
DVXkPX,,,,,,,,,0
ZdGEWv,0,0,0,1,0,0,0,0,1
6d1jYN,,,,,,,,,0
EPBde2,,,,,,,,,0
WAeEMN,,,,,,,,,0
PA21Nx,0,0,1,0,0,0,0,0,1
jB06VJ,,,,,,,,,0
OAj46g,1,0,0,0,0,0,0,0,1
VZ9Qvv,,,,,,,,,0
KMP57A,,,,,,,,,0
oA0RGM,,,,,,,,,0
42178d,,,,,,,,,0
bl2j0g,,,,,,,,,0
PA29Rb,,,,,,,,,0
KMPxY7,,,,,,,,,0
9d6ZDK,,,,,,,,,0
aBj4EZ,,,,,,,,,0
zK0M20,0,1,0,0,0,0,0,0,1
MAra58,0,0,0,0,0,0,0,0,0
jB0ovx,1,0,0,0,0,0,1,1,3
dYZ08o,,,,,,,,,0
PA29Pb,,,,,,,,,0
xd0Dlr,,,,,,,,,0
J2VlWo,,,,,,,,,0
dYZ0pA,,,,,,,,,0
aBj40Z,,,,,,,,,0
7dJKYz,,,,,,,,,0
MAraqY,,,,,,,,,0
WAeRaL,1,0,0,0,0,0,0,0,1
XeRoaz,,,,,,,,,0
VZ9Pya,,,,,,,,,0
24bAoL,1,0,0,0,0,0,0,0,1
6d1KqA,,,,,,,,,0
EPBlyl,,,,,,,,,0
WAeRxk,,,,,,,,,0
5dl90b,,,,,,,,,0
OAjXOY,,,,,,,,,0
RzZojd,,,,,,,,,0
24bA0e,,,,,,,,,0
421KXY,,,,,,,,,0
EPBxlN,,,,,,,,,0
oA026x,,,,,,,,,0
8dJZzO,,,,,,,,,0
OAj7zK,0,0,0,0,0,1,0,0,1
8dJZN5,,,,,,,,,0
YZo4r0,1,0,0,0,0,0,0,0,1
EPBxxN,,,,,,,,,0
6d1Zx5,0,0,1,0,0,0,0,0,1
lN060X,0,0,0,0,1,0,0,0,1
421K15,,,,,,,,,0
WAeRVL,,,,,,,,,0
zK07oa,,,,,,,,,0
vN0Pp0,,,,,,,,,0
oA02LX,,,,,,,,,0
7dJN5Z,0,1,0,0,0,0,0,0,1
VZ9z7v,,,,,,,,,0
J2VOgo,,,,,,,,,0
eBNRqx,,,,,,,,,0
9d67bK,1,0,0,0,0,0,0,1,2
421r7Y,,,,,,,,,0
WAezOe,,,,,,,,,0
YZoajN,,,,,,,,,0
EPBWPX,,,,,,,,,0
24bX0b,,,,,,,,,0
LdEPgv,1,0,0,0,0,0,0,1,2
BGL7D7,,,,,,,,,0
QAxRll,,,,,,,,,0
LdEpLj,,,,,,,,,0
eBNRJO,,,,,,,,,0
rl0Pev,,,,,,,,,0
eBNRVO,,,,,,,,,0
6d1NEP,,,,,,,,,0
pL0OXB,,,,,,,,,0
VZ95pl,,,,,,,,,0
rl0ABp,1,0,0,0,0,0,0,0,1
oA0MD5,,,,,,,,,0
421x2Y,,,,,,,,,0
PA25pP,,,,,,,,,0
bl2xOZ,,,,,,,,,0
VZ9Jzy,,,,,,,,,0
Al6Lvy,0,1,0,0,0,0,0,0,1
aBjYvE,,,,,,,,,0
VZ95xl,,,,,,,,,0
GrodaO,,,,,,,,,0
EPBQjN,,,,,,,,,0
7dJ26P,,,,,,,,,0
PA26z0,,,,,,,,,0
PA2690,,,,,,,,,0
OAj56R,,,,,,,,,0
jB0yy1,1,0,0,0,0,0,0,0,1
LdEbJl,,,,,,,,,0
7dJW4R,,,,,,,,,0
OAjzjg,,,,,,,,,0
dYZ62d,,,,,,,,,0
KMP6W8,,,,,,,,,0
GrozzO,0,0,0,0,1,0,0,0,1
RzZ0Y4,1,0,0,0,0,0,0,0,1
8dJQar,,,,,,,,,0
KMPl5D,1,0,0,0,0,0,1,1,3
qbYDVO,,,,,,,,,0
PA2D2d,,,,,,,,,0
DVXNMq,,,,,,,,,0
WAeN6Q,,,,,,,,,0
8dJKgY,,,,,,,,,0
DVXNop,,,,,,,,,0
YZoQK6,,,,,,,,,0
ZdGNey,,,,,,,,,0
zK0qVk,,,,,,,,,0
Al6dOW,,,,,,,,,0
RzZ01P,,,,,,,,,0
VZ90e6,,,,,,,,,0
zK0qR8,,,,,,,,,0
J2V26Y,,,,,,,,,0
RzZzMJ,1,0,0,1,0,1,1,1,5
XeReMe,,,,,,,,,0
bl2lkE,1,1,0,0,0,0,1,0,3
Gror7k,,,,,,,,,0
oA0AgP,0,0,0,1,0,0,0,0,1
RzZzg9,,,,,,,,,0
QAxAqg,,,,,,,,,0
Al6lgN,,,,,,,,,0
RzZ4x4,1,0,0,0,0,0,0,0,1
bl2klo,,,,,,,,,0
KMPMg8,1,0,0,0,0,0,1,0,2
PA2Eq5,,,,,,,,,0
24brbV,,,,,,,,,0
vN020Q,,,,,,,,,0
yl0D7W,1,0,0,0,0,0,0,0,1
xd0Z4G,,,,,,,,,0
pL0VEB,,,,,,,,,0
PA2E9V,,,,,,,,,0
lN0LKk,,,,,,,,,0
bl2LeE,,,,,,,,,0
rl0L9M,,,,,,,,,0
zK0rDa,,,,,,,,,0
RzZYXK,,,,,,,,,0
oA0dW5,,,,,,,,,0
OAjJ0K,,,,,,,,,0
yl0EqW,,,,,,,,,0
dYZDzr,1,0,0,0,1,0,0,0,2
rl0dJp,,,,,,,,,0
zK0rl8,,,,,,,,,0
24bxPD,,,,,,,,,0
QAxB11,,,,,,,,,0
7dJ9VA,,,,,,,,,0
kY005o,,,,,,,,,0
8dJJGz,,,,,,,,,0
zK00O8,,,,,,,,,0
6d1rZe,,,,,,,,,0
1rbD1L,,,,,,,,,0
RzZv5d,1,0,0,0,0,0,0,0,1
rl0J0M,,,,,,,,,0
RzZVaP,,,,,,,,,0
NA4d6b,,,,,,,,,0
1rb6OQ,,,,,,,,,0
PA2krV,,,,,,,,,0
BGL0v1,,,,,,,,,0
RzZjd9,,,,,,,,,0
PA2rZb,,,,,,,,,0
0EbG0A,,,,,,,,,0
0EblMP,,,,,,,,,0
QAxXXp,,,,,,,,,0
VZ9yLy,,,,,,,,,0
dYZVYz,,,,,,,,,0
421dxO,,,,,,,,,0
g5QpyD,0,0,0,0,1,0,0,0,1
ZdGyJa,,,,,,,,,0
6d159J,1,0,0,0,0,0,0,0,1
9d6yGX,,,,,,,,,0
EPBEDN,,,,,,,,,0
OAj9JK,,,,,,,,,0
VZ9APy,,,,,,,,,0
zK02pE,,,,,,,,,0
pL09rJ,,,,,,,,,0
vN01zX,,,,,,,,,0
dYZ1Ly,,,,,,,,,0
yl0p26,,,,,,,,,0
xd0LMk,0,0,0,0,0,0,1,0,1
0EbyNZ,,,,,,,,,0
EPBrrA,,,,,,,,,0
KMPNqA,,,,,,,,,0
dYZ4Lq,,,,,,,,,0
aBjPVB,,,,,,,,,0
PA2LNd,,,,,,,,,0
WAeXWR,,,,,,,,,0
Al6NMo,,,,,,,,,0
RzZQG9,,,,,,,,,0
pL0X88,,,,,,,,,0
YZoXgd,,,,,,,,,0
Al6Ypk,,,,,,,,,0
xd07Jo,,,,,,,,,0
bl2XQ0,,,,,,,,,0
XeRdOY,,,,,,,,,0
421Y15,,,,,,,,,0
yl0pvg,,,,,,,,,0
kY04pR,,,,,,,,,0
WAe6Bj,,,,,,,,,0
EPBGrX,1,0,1,1,0,0,1,1,5
GroVAj,,,,,,,,,0
RzZQyl,1,0,0,0,0,0,0,0,1
YZob20,,,,,,,,,0
VZ9aKE,,,,,,,,,0
4210X5,,,,,,,,,0
BGLoze,,,,,,,,,0
kY04Md,,,,,,,,,0
yl0bW6,,,,,,,,,0
bl2RdL,0,0,1,1,0,0,1,0,3
jB0r8R,,,,,,,,,0
EPBVKl,,,,,,,,,0
aBjJeX,,,,,,,,,0
MArZAp,,,,,,,,,0
NA4vpQ,,,,,,,,,0
Al6YG0,,,,,,,,,0
xd0byG,,,,,,,,,0
ZdGkZA,,,,,,,,,0
xd0bvk,,,,,,,,,0
421Yyk,,,,,,,,,0
vN069v,,,,,,,,,0
QAx9Ol,0,0,0,0,0,0,1,0,1
zK0B5a,,,,,,,,,0
7dJ0a6,,,,,,,,,0
bl2RPe,,,,,,,,,0
LdExxv,,,,,,,,,0
xd0bKG,,,,,,,,,0
ZdGb5v,,,,,,,,,0
aBjpNy,,,,,,,,,0
7dJ7L2,,,,,,,,,0
ZdGb8A,,,,,,,,,0
WAeaYN,,,,,,,,,0
421lqd,,,,,,,,,0
KMPrWM,,,,,,,,,0
NA42jj,,,,,,,,,0
5dlaPZ,,,,,,,,,0
1rbQLl,,,,,,,,,0
VZ9WWj,1,0,0,0,0,0,0,1,2
J2VE7o,,,,,,,,,0
pL0prV,1,0,0,0,0,0,0,0,1
8dJ4kr,,,,,,,,,0
8dJbO5,,,,,,,,,0
BGLWAQ,,,,,,,,,0
MArpbE,,,,,,,,,0
EPB7JB,,,,,,,,,0
bl2QVo,,,,,,,,,0
1rbogO,,,,,,,,,0
ZdGrXv,,,,,,,,,0
5dlP0b,,,,,,,,,0
yl0574,,,,,,,,,0
7dJYrL,,,,,,,,,0
pL0p0B,,,,,,,,,0
NA41kO,,,,,,,,,0
RzZ9Md,1,0,0,0,0,0,0,0,1
EPBVEB,,,,,,,,,0
LdE2P1,,,,,,,,,0
1rbav4,,,,,,,,,0
YZoAkW,,,,,,,,,0
zK06rZ,,,,,,,,,0
qbYlJg,0,1,0,0,0,0,0,0,1
24b6lD,,,,,,,,,0
YZolB0,,,,,,,,,0
WAe71v,,,,,,,,,0
5dlAod,,,,,,,,,0
J2V4BR,,,,,,,,,0
6d1Bx5,,,,,,,,,0
aBjMgv,,,,,,,,,0
LdE2B1,,,,,,,,,0
GroPMQ,,,,,,,,,0
8dJlOk,,,,,,,,,0
421be5,0,0,0,0,1,0,0,0,1
yl0aKd,,,,,,,,,0
NA4Zep,,,,,,,,,0
LdE2AJ,,,,,,,,,0
ZdG7oB,,,,,,,,,0
OAj2QY,0,1,0,0,0,0,0,0,1
QAxZKY,,,,,,,,,0
VZ9eEj,,,,,,,,,0
QAxZoX,1,0,0,0,0,0,0,0,1
24bWa9,,,,,,,,,0
RzZNGK,,,,,,,,,0
kY0o0j,,,,,,,,,0
EPBO42,,,,,,,,,0
LdErgl,,,,,,,,,0
NA4j2B,,,,,,,,,0
dYZM4K,,,,,,,,,0
4216Gr,0,1,0,0,0,0,0,0,1
OAj2P8,,,,,,,,,0
g5Ql6l,,,,,,,,,0
1rbQAL,,,,,,,,,0
PA2xLe,,,,,,,,,0
zK09P8,,,,,,,,,0
MArW1E,,,,,,,,,0
J2VQK7,,,,,,,,,0
KMPEj7,,,,,,,,,0
421MJ5,,,,,,,,,0
zK09M0,,,,,,,,,0
kY0oQe,,,,,,,,,0
J2VQqz,,,,,,,,,0
OAj6lM,,,,,,,,,0
YZo1QW,,,,,,,,,0
MArWYp,,,,,,,,,0
ZdGM2V,,,,,,,,,0
pL0QyP,,,,,,,,,0
ZdGMlo,,,,,,,,,0
g5QEA4,,,,,,,,,0
kY02eZ,,,,,,,,,0
bl2oOL,,,,,,,,,0
xd0APy,,,,,,,,,0
EPB28o,,,,,,,,,0
24bpOV,,,,,,,,,0
EPB2bN,,,,,,,,,0
LdEeGp,,,,,,,,,0
MArWLM,1,0,1,1,0,0,0,1,4
yl0QNX,,,,,,,,,0
GroOb2,,,,,,,,,0
rl0ek5,,,,,,,,,0
bl2oKe,,,,,,,,,0
NA4a8G,0,0,1,0,0,0,0,0,1
7dJy1L,,,,,,,,,0
oA0qlV,,,,,,,,,0
xd05Ad,,,,,,,,,0
pL0EGV,,,,,,,,,0
PA27Bb,,,,,,,,,0
RzZNVQ,,,,,,,,,0
9d6k64,,,,,,,,,0
QAxbe1,,,,,,,,,0
xd0qov,,,,,,,,,0
24bDag,,,,,,,,,0
aBjRaE,,,,,,,,,0
rl0eqL,,,,,,,,,0
PA27P0,,,,,,,,,0
xd0ABE,,,,,,,,,0
8dJXEo,,,,,,,,,0
ZdGML5,,,,,,,,,0
5dlJgQ,,,,,,,,,0
LdEejy,0,1,0,0,0,0,0,0,1
EPB2YA,,,,,,,,,0
6d1gzN,,,,,,,,,0
KMP9bA,,,,,,,,,0
J2VQ54,,,,,,,,,0
lN0x46,,,,,,,,,0
5dlJ7E,,,,,,,,,0
BGLrPN,,,,,,,,,0
8dJ9NA,,,,,,,,,0
8dJ9Kr,,,,,,,,,0
vN0Re8,,,,,,,,,0
421ZLr,,,,,,,,,0
YZo1L5,,,,,,,,,0
LdE80y,,,,,,,,,0
qbYyOg,,,,,,,,,0
zK0VKg,,,,,,,,,0
rl0XVo,,,,,,,,,0
PA2o5x,,,,,,,,,0
qbYyb5,,,,,,,,,0
5dlNZb,,,,,,,,,0
eBNbAx,,,,,,,,,0
OAjR0a,,,,,,,,,0
kY0LOR,,,,,,,,,0
KMPXLX,,,,,,,,,0
kY0LAr,,,,,,,,,0
jB0KLJ,1,0,0,0,0,0,0,0,1
Al6kbz,,,,,,,,,0
WAe4Mv,,,,,,,,,0
9d6eEV,,,,,,,,,0
MAr0VX,,,,,,,,,0
6d1qWP,,,,,,,,,0
BGLvAQ,,,,,,,,,0
eBNbyq,,,,,,,,,0
YZo2x5,,,,,,,,,0
ZdGxvo,,,,,,,,,0
aBjWKB,,,,,,,,,0
24b2lj,0,0,1,0,0,0,0,0,1
zK0Vo8,,,,,,,,,0
8dJ9RO,,,,,,,,,0
WAe4BP,,,,,,,,,0
MAr0PY,,,,,,,,,0
lN0pzW,,,,,,,,,0
NA4zdQ,,,,,,,,,0
GroMYZ,1,0,0,0,0,0,0,0,1
jB0KJx,,,,,,,,,0
EPBpMN,,,,,,,,,0
24b2Vp,,,,,,,,,0
1rbjEg,,,,,,,,,0
g5QB6J,,,,,,,,,0
6d1q4e,1,0,0,1,0,0,1,1,4
9d6eg4,,,,,,,,,0
jB0Kq9,,,,,,,,,0
DVXL6E,,,,,,,,,0
dYZ7yV,,,,,,,,,0
zK0VO1,,,,,,,,,0
g5QBpN,,,,,,,,,0
9d6ey1,,,,,,,,,0
RzZOqv,,,,,,,,,0
vN0R6X,,,,,,,,,0
oA0JJb,,,,,,,,,0
EPBpo2,,,,,,,,,0
bl2aG2,,,,,,,,,0
QAxGkp,,,,,,,,,0
VZ9rRg,,,,,,,,,0
ZdGxB5,,,,,,,,,0
xd0G5k,,,,,,,,,0
J2Vy5K,,,,,,,,,0
J2VyvX,,,,,,,,,0
7dJQ9R,,,,,,,,,0
0EbXQy,,,,,,,,,0
7dJQOz,,,,,,,,,0
8dJ9Xl,,,,,,,,,0
rl0XKo,,,,,,,,,0
WAe4vv,,,,,,,,,0
OAjRqk,,,,,,,,,0
g5QBoJ,,,,,,,,,0
zK0lMq,,,,,,,,,0
RzZO7j,,,,,,,,,0
NA4kXG,,,,,,,,,0
8dJ9vP,,,,,,,,,0
GroW6p,,,,,,,,,0
YZo2Av,,,,,,,,,0
1rbjQ4,,,,,,,,,0
421Z6r,,,,,,,,,0
PA2oG5,,,,,,,,,0
OAjv1R,,,,,,,,,0
lN0Q65,,,,,,,,,0
DVXQzb,,,,,,,,,0
DVXLgN,1,0,0,0,0,0,0,0,1
Al6kVz,,,,,,,,,0
EPB9LA,,,,,,,,,0
rl07A5,,,,,,,,,0
5dlRvv,1,0,0,0,0,0,0,0,1
5dlRb6,,,,,,,,,0
aBjWWX,,,,,,,,,0
RzZp4P,,,,,,,,,0
PA2KBx,0,1,0,0,0,0,0,0,1
DVXQyq,,,,,,,,,0
xd0KBy,,,,,,,,,0
rl07PM,,,,,,,,,0
rl07dX,,,,,,,,,0
5dlRpZ,,,,,,,,,0
5dlReZ,,,,,,,,,0
xd0G4r,,,,,,,,,0
9d6VR5,,,,,,,,,0
eBN46E,,,,,,,,,0
pL0a41,,,,,,,,,0
rl07vR,,,,,,,,,0
PA2K5d,,,,,,,,,0
LdElkp,1,0,1,0,0,1,1,1,5
xd0KYG,,,,,,,,,0
zK0lA1,,,,,,,,,0
VZ9gJa,,,,,,,,,0
pL0a6b,,,,,,,,,0
DVXQWR,,,,,,,,,0
LdEljG,,,,,,,,,0
xd0KbG,,,,,,,,,0
DVXQrl,,,,,,,,,0
vN0ojg,,,,,,,,,0
9d6Vk4,,,,,,,,,0
pL0apZ,,,,,,,,,0
rl077p,1,0,0,0,0,0,0,1,2
WAeyxR,,,,,,,,,0
BGLM4e,,,,,,,,,0
GroWMQ,,,,,,,,,0
aBjVYE,1,0,0,0,0,0,0,1,2
KMPbbz,,,,,,,,,0
dYZr5V,,,,,,,,,0
421e7X,1,0,0,0,0,0,0,0,1
yl0L7g,,,,,,,,,0
1rbq9p,,,,,,,,,0
eBNkMk,1,0,0,0,0,0,0,0,1
YZo82z,,,,,,,,,0
YZoN0J,,,,,,,,,0
0EbX29,,,,,,,,,0
24bQXD,,,,,,,,,0
bl2bV6,1,0,0,0,0,0,0,0,1
7dJ62P,,,,,,,,,0
RzZE4J,,,,,,,,,0
DVXgkZ,,,,,,,,,0
PA2VO5,,,,,,,,,0
24bQeL,,,,,,,,,0
YZo8eB,,,,,,,,,0
6d1adB,,,,,,,,,0
J2V52d,1,0,0,0,0,0,0,1,2
XeRXyj,1,0,0,0,0,0,0,0,1
421eNB,,,,,,,,,0
VZ92Pg,,,,,,,,,0
yl0Vvp,,,,,,,,,0
J2V5bo,,,,,,,,,0
QAxPXX,,,,,,,,,0
dYZBzr,,,,,,,,,0
aBj7lZ,,,,,,,,,0
dYZBeq,,,,,,,,,0
PA2VP1,,,,,,,,,0
qbY0XG,,,,,,,,,0
7dJ6OZ,0,0,0,0,0,0,1,0,1
rl0zbN,,,,,,,,,0
jB01jR,,,,,,,,,0
8dJ7Bx,,,,,,,,,0
bl2bP2,,,,,,,,,0
zK0PpE,,,,,,,,,0
YZoL0N,,,,,,,,,0
xd0erk,,,,,,,,,0
WAev9L,,,,,,,,,0
OAjWlM,,,,,,,,,0
yl0W28,,,,,,,,,0
421gB5,,,,,,,,,0
XeRKeY,,,,,,,,,0
6d1XeN,,,,,,,,,0
NA4epN,,,,,,,,,0
jB0OZ1,,,,,,,,,0
RzZ70j,,,,,,,,,0
dYZ5bD,1,0,0,0,0,0,0,0,1
LdERNp,,,,,,,,,0
aBj8rq,,,,,,,,,0
vN0QGX,,,,,,,,,0
PA2VKd,,,,,,,,,0
421g1O,,,,,,,,,0
VZ9k9a,,,,,,,,,0
6d1XRP,,,,,,,,,0
ZdGpev,,,,,,,,,0
g5QRJ1,0,0,1,1,0,0,1,0,3
0EbpD0,,,,,,,,,0
421ga5,,,,,,,,,0
0EbpkQ,,,,,,,,,0
EPB4JX,,,,,,,,,0
KMPqxg,,,,,,,,,0
VZ92pM,,,,,,,,,0
QAx6zA,,,,,,,,,0
ZdGpJo,,,,,,,,,0
24bMRg,,,,,,,,,0
EPB4Pr,,,,,,,,,0
yl0Wkd,,,,,,,,,0
dYZ5VV,,,,,,,,,0
7dJ852,,,,,,,,,0
VZ9ky6,0,0,0,0,0,0,0,1,1
zK0a8M,,,,,,,,,0
0EbpWj,,,,,,,,,0
yl0W8X,,,,,,,,,0
PA2aJe,,,,,,,,,0
5dly0Z,1,0,0,0,0,0,0,0,1
VZ9kRv,1,0,0,0,0,0,0,0,1
ZdGpqy,,,,,,,,,0
rl0zKv,0,0,1,0,0,0,0,0,1
24bM69,,,,,,,,,0
24bMXM,,,,,,,,,0
ZdGpAe,0,1,0,0,0,0,0,0,1
24bMBM,,,,,,,,,0
24bMKD,,,,,,,,,0
eBNdrx,,,,,,,,,0
5dlyld,,,,,,,,,0
6d1XAe,,,,,,,,,0
rl0XqM,1,0,0,0,1,0,0,0,2
Al6V2y,,,,,,,,,0
0EbpQP,,,,,,,,,0
ZdG06a,1,0,0,0,0,0,0,0,1
EPB2aL,,,,,,,,,0
bl2BVe,,,,,,,,,0
XeRVlO,,,,,,,,,0
OAjpDK,,,,,,,,,0
KMP7lD,,,,,,,,,0
RzZXGp,,,,,,,,,0
dYZLxV,,,,,,,,,0
NA4KXN,,,,,,,,,0
5dl6vZ,,,,,,,,,0
kY0DK1,,,,,,,,,0
LdEAbJ,,,,,,,,,0
jB0dQ1,,,,,,,,,0
24bqre,1,0,0,0,0,0,0,0,1
LdEAEv,,,,,,,,,0
jB0d5a,,,,,,,,,0
EPBjLB,1,0,0,0,0,0,0,1,2
xd0kZv,0,1,0,0,0,0,0,0,1
421WvY,,,,,,,,,0
J2VaJR,,,,,,,,,0
xd0kly,,,,,,,,,0
aBjb9E,,,,,,,,,0
24bqRp,,,,,,,,,0
RzZXbd,,,,,,,,,0
dYZLJV,,,,,,,,,0
ZdG4ya,,,,,,,,,0
RzZX9K,,,,,,,,,0
24bqlL,,,,,,,,,0
BGLOW1,,,,,,,,,0
421W6r,,,,,,,,,0
OA81Q7,,,,,,,,,0
kY0D2o,,,,,,,,,0
qbYx9g,,,,,,,,,0
WAl9Oj,,,,,,,,,0
XeOlxj,,,,,,,,,0
pL0jMZ,,,,,,,,,0
Rz8KDl,,,,,,,,,0
AlWPBB,,,,,,,,,0
blNVVL,,,,,,,,,0
xd9xaJ,,,,,,,,,0
5dEKdb,,,,,,,,,0
MA8KaY,,,,,,,,,0
WAeGGN,,,,,,,,,0
9d2GlK,,,,,,,,,0
24O8PA,,,,,,,,,0
zKWXbR,,,,,,,,,0
jBGDW1,,,,,,,,,0
VZoE4y,,,,,,,,,0
XeRVRg,1,0,0,0,0,0,0,0,1
yleZ08,,,,,,,,,0
VZoEby,,,,,,,,,0
g5WjNP,,,,,,,,,0
Rz8KZK,,,,,,,,,0
Ld51Vj,,,,,,,,,0
QA82OG,,,,,,,,,0
vNqjz0,,,,,,,,,0
vNqj6d,0,1,0,0,0,0,0,0,1
J28KbJ,,,,,,,,,0
kYOaKo,,,,,,,,,0
blNVJE,,,,,,,,,0
1rGP7O,,,,,,,,,0
OA81vM,,,,,,,,,0
OA81RM,,,,,,,,,0
YZVD76,,,,,,,,,0
OA81MA,,,,,,,,,0
PA8jVx,,,,,,,,,0
zKWXB8,1,0,1,1,0,0,1,0,4
MA8K0E,,,,,,,,,0
qbjZNG,,,,,,,,,0
42PXe5,,,,,,,,,0
8djo9k,,,,,,,,,0
xd9x9d,,,,,,,,,0
zKWXVZ,,,,,,,,,0
6dr82B,,,,,,,,,0
OA8Dag,1,0,1,1,0,0,0,1,4
5dEBbE,,,,,,,,,0
QA8KBk,,,,,,,,,0
oAlbEx,,,,,,,,,0
42PXVo,,,,,,,,,0
eB9qre,,,,,,,,,0
eB9qxo,1,0,0,0,0,0,0,0,1
dYQWYA,1,0,0,0,0,0,1,1,3
g5WD9l,,,,,,,,,0
Ld51Zj,0,0,0,0,0,0,0,0,0
NA8pBb,,,,,,,,,0
42P41o,,,,,,,,,0
AlW7Qe,,,,,,,,,0
OA8DVY,,,,,,,,,0
PA8dEQ,1,0,0,1,0,0,0,1,3
VZoLb6,,,,,,,,,0
aBZQA2,,,,,,,,,0
OA8Dka,,,,,,,,,0
g5WDkJ,,,,,,,,,0
oAlb5N,,,,,,,,,0
8dj16r,,,,,,,,,0
QA8KkY,,,,,,,,,0
rl2jYo,,,,,,,,,0
EP8kYr,,,,,,,,,0
ylePpg,,,,,,,,,0
GrYx7e,,,,,,,,,0
8dj1jk,,,,,,,,,0
6dr8pN,,,,,,,,,0
PA8dLV,,,,,,,,,0
DV04PZ,,,,,,,,,0
9d2qaV,1,0,0,0,0,0,1,0,2
PA8jy5,,,,,,,,,0
XeOxkY,,,,,,,,,0
AlW7kW,,,,,,,,,0
g5WDB1,,,,,,,,,0
VZoLrE,,,,,,,,,0
QA8Kgl,,,,,,,,,0
YZVjaW,,,,,,,,,0
24OEMb,,,,,,,,,0
Rz8GXv,,,,,,,,,0
vNqjL4,,,,,,,,,0
zKWxaE,,,,,,,,,0
aBZQ8y,,,,,,,,,0
NA8q7O,,,,,,,,,0
eB955Q,,,,,,,,,0
dYQb6K,,,,,,,,,0
aBZNLW,,,,,,,,,0
jBGe9E,,,,,,,,,0
rl2y5l,0,0,0,1,1,0,0,0,2
KM8plV,,,,,,,,,0
ZdP9R0,,,,,,,,,0
rl2DLl,1,0,0,0,0,0,0,0,1
aBZOZ9,,,,,,,,,0
pL4eJZ,,,,,,,,,0
42Pazo,,,,,,,,,0
9d2N4K,1,0,0,0,0,0,0,0,1
XeO52V,,,,,,,,,0
EP8qA2,,,,,,,,,0
EP8zro,,,,,,,,,0
AlWPgo,,,,,,,,,0
AlWrjN,,,,,,,,,0
aBZOvy,0,0,0,0,0,0,0,0,0
xd9xzr,,,,,,,,,0
VZopvE,,,,,,,,,0
eB9ZWo,1,0,1,0,0,0,1,1,4
24Ojye,,,,,,,,,0
8djNDz,1,0,0,0,0,0,0,0,1
eB95oJ,,,,,,,,,0
J281Po,0,0,0,0,0,0,1,1,2
Rz8Wyj,,,,,,,,,0
PA8RQB,,,,,,,,,0
blN5jL,,,,,,,,,0
5dEXJ6,,,,,,,,,0
xd9x8J,1,0,1,0,0,0,1,1,4
vNqX5D,,,,,,,,,0
XeO56Y,,,,,,,,,0
xd9Vbv,,,,,,,,,0
pL4eYB,,,,,,,,,0
NA8qGQ,,,,,,,,,0
0EoV9y,,,,,,,,,0
J281Nd,,,,,,,,,0
DV0q8R,0,0,1,0,0,0,0,1,2
QA8oy1,,,,,,,,,0
6drDoB,,,,,,,,,0
VZopRa,,,,,,,,,0
aBZ95W,,,,,,,,,0
9d2GA1,,,,,,,,,0
GrY6x2,,,,,,,,,0
g5WaaK,,,,,,,,,0
BG8EjA,,,,,,,,,0
aBZ9GX,,,,,,,,,0
aBZOMB,,,,,,,,,0
AlWzdy,,,,,,,,,0
jBGZ74,,,,,,,,,0
rl2Djp,,,,,,,,,0
zKWjyE,,,,,,,,,0
9d2BvV,,,,,,,,,0
KM8za7,,,,,,,,,0
GrY6re,,,,,,,,,0
OA8aLg,,,,,,,,,0
NA8rA0,,,,,,,,,0
5dEbDb,,,,,,,,,0
jBGZBQ,1,0,0,0,0,0,1,1,3
GrY6JZ,,,,,,,,,0
yleXOB,,,,,,,,,0
OA8akK,,,,,,,,,0
jBGZvR,,,,,,,,,0
GrY6Xp,,,,,,,,,0
zKWjd1,,,,,,,,,0
Ld59k1,,,,,,,,,0
MA81dX,,,,,,,,,0
J28qao,,,,,,,,,0
5dEbNZ,,,,,,,,,0
VZoGry,,,,,,,,,0
6drDqP,,,,,,,,,0
1rGXe1,1,0,0,0,0,0,0,0,1
PA8pVV,,,,,,,,,0
AlWKzk,,,,,,,,,0
lNVBok,,,,,,,,,0
PA8pVe,0,0,0,0,0,0,0,1,1
zKWNxa,,,,,,,,,0
0Eo7O0,,,,,,,,,0
9d2XD4,0,0,0,0,0,0,0,1,1
VZojZl,,,,,,,,,0
NA8DVN,,,,,,,,,0
7d4bx9,,,,,,,,,0
qbjab8,,,,,,,,,0
jBGby9,,,,,,,,,0
zKWNKE,,,,,,,,,0
Ld5zz1,,,,,,,,,0
XeOrQg,,,,,,,,,0
dYQN8K,,,,,,,,,0
rl2Bgl,,,,,,,,,0
5dE4eE,0,0,0,0,0,0,0,1,1
QA8Mk7,,,,,,,,,0
g5WD6d,,,,,,,,,0
jBGaVR,,,,,,,,,0
Rz8dZK,1,0,0,0,0,0,0,0,1
42PBdO,,,,,,,,,0
GrYxZ2,,,,,,,,,0
GrYKgp,,,,,,,,,0
NA8Ddl,,,,,,,,,0
DV0Kbq,,,,,,,,,0
oAlDkx,,,,,,,,,0
kYOb9r,,,,,,,,,0
OA8lg7,,,,,,,,,0
VZoGJ6,,,,,,,,,0
VZojqJ,,,,,,,,,0
42PQRd,,,,,,,,,0
qbja4Y,0,0,1,0,0,0,0,0,1
Rz8KWd,,,,,,,,,0
VZoL46,,,,,,,,,0
WAl9ee,,,,,,,,,0
PA8Dq0,,,,,,,,,0
YZVR8v,,,,,,,,,0
5dE4Ab,,,,,,,,,0
oAlD8M,,,,,,,,,0
1rGk8b,,,,,,,,,0
rl2BZL,,,,,,,,,0
vNqer0,,,,,,,,,0
PA815b,,,,,,,,,0
WAlEEN,,,,,,,,,0
kYOe7j,,,,,,,,,0
pL4y0y,,,,,,,,,0
NA8lDl,0,0,0,0,0,0,0,1,1
qbjDWk,,,,,,,,,0
XeOJMV,,,,,,,,,0
1rGdKM,,,,,,,,,0
WAlrbP,,,,,,,,,0
7d4L12,,,,,,,,,0
J28p8z,,,,,,,,,0
pL4y4y,,,,,,,,,0
oAle1P,1,0,0,0,0,0,0,0,1
DV0kER,,,,,,,,,0
AlW2vk,,,,,,,,,0
MA8N0g,,,,,,,,,0
EP8dVX,,,,,,,,,0
oAleL1,0,0,0,0,1,0,0,0,1
9d2ZNX,,,,,,,,,0
NA8l2Q,,,,,,,,,0
8djaYO,,,,,,,,,0
6drjXo,,,,,,,,,0
PA81MP,,,,,,,,,0
EP8d7o,,,,,,,,,0
1rGdqL,,,,,,,,,0
xd9Dxk,,,,,,,,,0
BG8pae,,,,,,,,,0
pL4y8E,,,,,,,,,0
24OABe,,,,,,,,,0
rl2Bzo,1,0,0,1,0,0,0,0,2
ZdPO2B,,,,,,,,,0
kYOGdZ,,,,,,,,,0
zKWy91,,,,,,,,,0
eB9rLO,,,,,,,,,0
9d2Z6G,,,,,,,,,0
pL4or1,,,,,,,,,0
dYQ0DA,,,,,,,,,0
1rG4xb,,,,,,,,,0
5dE9EP,0,0,0,0,0,0,0,0,0
9d2ZjQ,,,,,,,,,0
24OALV,,,,,,,,,0
pL4o2J,,,,,,,,,0
8djLyl,,,,,,,,,0
0Eo859,,,,,,,,,0
9d2Zp1,,,,,,,,,0
oAlRqe,0,0,1,0,0,0,1,0,2
6drK0J,,,,,,,,,0
lNVO4V,,,,,,,,,0
AlWp9o,0,0,0,0,0,0,0,1,1
EP8lO4,,,,,,,,,0
g5Wqll,,,,,,,,,0
8djL45,,,,,,,,,0
VZoPrv,,,,,,,,,0
rl2oD5,,,,,,,,,0
XeO40z,,,,,,,,,0
oAl26X,,,,,,,,,0
DV07Bp,,,,,,,,,0
NA87DN,,,,,,,,,0
MA8Ezl,,,,,,,,,0
5dE9DN,,,,,,,,,0
jBGlx4,,,,,,,,,0
blNWNg,,,,,,,,,0
GrYRLk,,,,,,,,,0
GrYR0k,,,,,,,,,0
MA8EAk,,,,,,,,,0
OA8787,,,,,,,,,0
24OKL9,,,,,,,,,0
pL4D9E,,,,,,,,,0
VZozlM,0,0,1,0,0,0,0,1,2
vNqPqv,0,0,0,1,0,0,0,0,1
kYONrJ,,,,,,,,,0
aBZ2lE,,,,,,,,,0
BG8xbQ,,,,,,,,,0
AlWB5N,,,,,,,,,0
DV076l,,,,,,,,,0
Rz8D9K,1,0,0,0,0,0,0,1,2
jBGl1a,,,,,,,,,0
AlWB1D,,,,,,,,,0
24OK29,,,,,,,,,0
24OPPA,,,,,,,,,0
g5WGdN,,,,,,,,,0
7d4xXA,,,,,,,,,0
ZdPaNA,,,,,,,,,0
ZdPadA,,,,,,,,,0
eB9R6J,,,,,,,,,0
VZoJ4g,,,,,,,,,0
ZdPaGe,,,,,,,,,0
zKWYR1,,,,,,,,,0
1rGV6p,,,,,,,,,0
BG87r1,,,,,,,,,0
PA8OJ0,,,,,,,,,0
QA8V6X,,,,,,,,,0
WAlzbQ,,,,,,,,,0
vNqyev,,,,,,,,,0
aBZY5v,,,,,,,,,0
8djQeY,,,,,,,,,0
9d2D11,,,,,,,,,0
PA8595,,,,,,,,,0
XeOWRe,,,,,,,,,0
qbjAN9,,,,,,,,,0
42PxP5,,,,,,,,,0
oAlMgx,,,,,,,,,0
lNVdxp,,,,,,,,,0
6dr2Be,,,,,,,,,0
42PxMB,,,,,,,,,0
0Eo6NQ,,,,,,,,,0
zKWDg0,,,,,,,,,0
6dr2lO,,,,,,,,,0
EP8WgN,,,,,,,,,0
Ld5WAz,,,,,,,,,0
MA8bXl,,,,,,,,,0
jBGQK9,,,,,,,,,0
7d4Ng6,0,0,0,0,0,0,0,1,1
NA86q0,,,,,,,,,0
Rz80oj,,,,,,,,,0
GrYz6e,,,,,,,,,0
rl2AgR,,,,,,,,,0
NA86AB,,,,,,,,,0
24Oeej,,,,,,,,,0
DV0Nvb,,,,,,,,,0
zKWD61,,,,,,,,,0
Ld5b5O,,,,,,,,,0
24OerL,,,,,,,,,0
QA8DA8,,,,,,,,,0
Rz80VP,1,0,0,0,0,0,0,0,1
AlWd4N,,,,,,,,,0
8djKEr,,,,,,,,,0
24OeoM,1,0,0,0,1,0,0,0,2
yle6oW,,,,,,,,,0
NA8oKO,,,,,,,,,0
5dEzOQ,,,,,,,,,0
0Eox59,,,,,,,,,0
Rz80kv,,,,,,,,,0
7d4WYR,0,1,0,0,0,0,0,0,1
oAlyxN,0,1,0,0,0,0,0,0,1
OA8zZg,1,0,1,1,0,0,0,0,3
1rGlOb,1,0,0,0,0,0,0,0,1
OA8zpp,,,,,,,,,0
GrYz2j,,,,,,,,,0
PA8Add,,,,,,,,,0
dYQ6Jo,,,,,,,,,0
aBZBNE,,,,,,,,,0
jBGB6Y,,,,,,,,,0
ylelXW,,,,,,,,,0
AlWdeD,,,,,,,,,0
VZoZYg,,,,,,,,,0
ylelvg,,,,,,,,,0
VZoZvv,,,,,,,,,0
qbjbj7,0,0,0,0,0,0,0,1,1
Rz8zrp,,,,,,,,,0
oAlALb,,,,,,,,,0
ylelyX,,,,,,,,,0
42P20r,,,,,,,,,0
1rGVNl,,,,,,,,,0
ylelbd,1,0,0,0,0,0,0,0,1
YZVORq,,,,,,,,,0
24OkKb,,,,,,,,,0
ZdPV6A,0,0,0,0,0,0,0,1,1
jBGM04,,,,,,,,,0
0EoMMA,,,,,,,,,0
dYQAjr,,,,,,,,,0
YZVOYN,,,,,,,,,0
rl2Kql,,,,,,,,,0
DV010Z,,,,,,,,,0
KM8oBX,1,0,0,0,0,0,0,0,1
g5WA1N,,,,,,,,,0
8djkWx,,,,,,,,,0
GrY142,,,,,,,,,0
Ld5GRl,,,,,,,,,0
PA8Exx,,,,,,,,,0
7d4ZRR,,,,,,,,,0
xd9ZYo,,,,,,,,,0
GrY1GO,,,,,,,,,0
0EoPBN,,,,,,,,,0
eB9EEo,,,,,,,,,0
24OrLb,1,0,0,0,0,0,0,0,1
YZVdVv,,,,,,,,,0
PA80Pe,,,,,,,,,0
J280BR,,,,,,,,,0
oAlO1e,,,,,,,,,0
zKWe98,,,,,,,,,0
xd9Z7o,,,,,,,,,0
yleDb4,,,,,,,,,0
7d4NML,,,,,,,,,0
24Or0b,,,,,,,,,0
QA80QA,,,,,,,,,0
KM80XK,,,,,,,,,0
8djGNl,,,,,,,,,0
oAlOxx,,,,,,,,,0
oAloDO,1,0,0,0,0,0,0,0,1
OA80vA,,,,,,,,,0
Rz8L7Q,,,,,,,,,0
0EoLb0,,,,,,,,,0
GrYLqQ,,,,,,,,,0
KM8Lgg,,,,,,,,,0
zKWJ7k,,,,,,,,,0
dYQjYd,,,,,,,,,0
AlWDde,,,,,,,,,0
WAlYYN,1,0,1,0,0,0,0,0,2
5dEvMP,,,,,,,,,0
YZVYvz,,,,,,,,,0
dYQjpN,,,,,,,,,0
EP8Dr2,,,,,,,,,0
NA8Y1O,0,0,0,0,0,0,0,1,1
OA8Yxa,,,,,,,,,0
42PveX,0,1,0,0,0,0,0,0,1
eB92Gx,,,,,,,,,0
GrYDNp,,,,,,,,,0
oAldrV,,,,,,,,,0
NA8Yvp,,,,,,,,,0
kYOWV1,,,,,,,,,0
qbjKvY,1,0,0,0,0,0,0,0,1
DV0JEj,,,,,,,,,0
pL472P,,,,,,,,,0
yleEB8,,,,,,,,,0
42PoWY,1,0,0,0,0,0,0,0,1
0Eo8pZ,,,,,,,,,0
NA805j,,,,,,,,,0
jBG96E,,,,,,,,,0
zKWQja,,,,,,,,,0
42PN8B,,,,,,,,,0
42PN2B,,,,,,,,,0
GrYBJQ,,,,,,,,,0
WAlpBj,,,,,,,,,0
VZo1bM,1,0,0,0,0,0,0,0,1
EP8bar,,,,,,,,,0
8djpW5,,,,,,,,,0
kYORko,1,0,0,0,0,0,0,0,1
VZo1BJ,1,0,0,0,0,0,0,0,1
J28kGo,,,,,,,,,0
vNqxbv,,,,,,,,,0
vNqxp0,,,,,,,,,0
AlWbko,,,,,,,,,0
0EojW0,,,,,,,,,0
VZo1el,,,,,,,,,0
lNVlPX,,,,,,,,,0
Ld5MLO,1,0,0,0,0,0,0,0,1
aBZjQZ,,,,,,,,,0
XeOBKz,,,,,,,,,0
xd90dy,,,,,,,,,0
jBG0la,,,,,,,,,0
vNq0Xl,,,,,,,,,0
XeORJY,,,,,,,,,0
6dr1OO,,,,,,,,,0
GrYoqQ,,,,,,,,,0
VZo946,,,,,,,,,0
1rGbOg,,,,,,,,,0
AlW6Nz,,,,,,,,,0
eB9Nlk,,,,,,,,,0
Rz8Z7p,,,,,,,,,0
PA82QV,,,,,,,,,0
VZo91E,,,,,,,,,0
J288qz,,,,,,,,,0
Rz88xv,1,0,1,1,0,0,1,1,5
24OOAe,,,,,,,,,0
6drrRk,,,,,,,,,0
xd99Ny,,,,,,,,,0
J288B7,,,,,,,,,0
DV00VZ,,,,,,,,,0
MA88WM,,,,,,,,,0
vNqq14,,,,,,,,,0
xd99Gr,1,0,0,0,0,0,0,0,1
7d4JOR,,,,,,,,,0
5dE89b,,,,,,,,,0
VZovVj,1,0,0,0,0,0,0,0,1
oAlKke,,,,,,,,,0
42PAoA,,,,,,,,,0
YZVpBz,,,,,,,,,0
WAlD0e,,,,,,,,,0
aBZAYE,,,,,,,,,0
5dEeb6,,,,,,,,,0
aBZK8b,,,,,,,,,0
7d4aDz,,,,,,,,,0
xd9R4v,1,0,1,0,0,0,0,1,3
zKWGyq,,,,,,,,,0
aBZAD2,,,,,,,,,0
BG8jLe,,,,,,,,,0
6drWyB,1,0,0,0,0,0,0,1,2
NA8Mj0,,,,,,,,,0
GrYq4p,,,,,,,,,0
aBZAWW,,,,,,,,,0
jBGkaJ,0,1,0,0,1,0,0,0,2
8djRol,,,,,,,,,0
g5WkQK,,,,,,,,,0
vNqdzg,1,0,0,0,1,0,0,0,2
PA8GWe,,,,,,,,,0
zKWLyk,,,,,,,,,0
eB9v7O,,,,,,,,,0
YZVkOB,,,,,,,,,0
blNvR1,,,,,,,,,0
lNVvz6,,,,,,,,,0
QA8kPp,,,,,,,,,0
0EoaXN,1,0,0,0,0,0,0,0,1
9d24ZK,,,,,,,,,0
24O70L,,,,,,,,,0
lNVv5V,,,,,,,,,0
BG8eRe,,,,,,,,,0
Ld5oZj,,,,,,,,,0
KM8R9z,,,,,,,,,0
ylegqW,1,0,1,0,0,0,0,0,2
jBGgEQ,0,0,0,0,0,0,0,1,1
7d4jzR,,,,,,,,,0
NA8gMW,,,,,,,,,0
0EolEy,,,,,,,,,0
vNqpVl,,,,,,,,,0
rl2pWX,,,,,,,,,0
24OZrj,0,1,0,0,0,0,0,0,1
24OZ99,,,,,,,,,0
GrYyvj,,,,,,,,,0
aBZo4W,,,,,,,,,0
GrYyv2,,,,,,,,,0
oAlpr1,,,,,,,,,0
blNyVg,0,0,0,0,0,0,0,1,1
kYOQN1,,,,,,,,,0
DV0Py5,,,,,,,,,0
KM8Nkg,1,0,0,0,0,0,0,0,1
MA82rp,,,,,,,,,0
KM8718,,,,,,,,,0
DVABNq,0,1,0,0,1,0,0,0,2
PAvpP1,,,,,,,,,0
aBK9lZ,,,,,,,,,0
7d1qYZ,,,,,,,,,0
aBK5GX,,,,,,,,,0
241AGA,,,,,,,,,0
oAK2l5,,,,,,,,,0
eBKaMk,,,,,,,,,0
g5Y9XO,,,,,,,,,0
AlAB5z,,,,,,,,,0
oAKGpN,,,,,,,,,0
zK2YQq,,,,,,,,,0
dYKdod,,,,,,,,,0
7d1xrR,,,,,,,,,0
aBKYRX,,,,,,,,,0
oAKMjb,,,,,,,,,0
kYKybM,,,,,,,,,0
WADNek,,,,,,,,,0
NAM6Yp,,,,,,,,,0
jB5yQ9,,,,,,,,,0
yljly0,,,,,,,,,0
oAKBJe,,,,,,,,,0
eBKAGk,,,,,,,,,0
KMv6KK,,,,,,,,,0
vNE2Zl,,,,,,,,,0
KMvLNM,,,,,,,,,0
lNKWjB,,,,,,,,,0
PAvXE5,,,,,,,,,0
9dpvKG,,,,,,,,,0
0E1vgN,0,1,0,0,0,0,0,0,1
OAdJzR,1,0,0,0,0,0,0,0,1
pLRWYb,,,,,,,,,0
5d8GLd,,,,,,,,,0
1rDJYl,,,,,,,,,0
241vE9,,,,,,,,,0
rlGraX,,,,,,,,,0
KMvJZX,,,,,,,,,0
BGADYN,,,,,,,,,0
g5YNYd,,,,,,,,,0
YZpzy0,,,,,,,,,0
OAdBMa,,,,,,,,,0
dYK2oV,,,,,,,,,0
vNE0Dd,,,,,,,,,0
J2XkXd,,,,,,,,,0
vNE0Y8,,,,,,,,,0
DVAXPb,,,,,,,,,0
EPv8WN,,,,,,,,,0
YZpVlq,,,,,,,,,0
jB5MEY,,,,,,,,,0
42AA2k,,,,,,,,,0
DVAAYl,1,0,1,0,0,0,0,0,2
g5YW51,,,,,,,,,0
WADM8v,1,1,0,0,1,0,0,0,3
NAMbXp,,,,,,,,,0
1rDDZO,,,,,,,,,0
qboJdg,,,,,,,,,0
0E11K6,0,0,0,0,0,0,0,1,1
pLRJ9y,,,,,,,,,0
QAvzjk,,,,,,,,,0
EPvZjN,,,,,,,,,0
xd4RKr,,,,,,,,,0
42Ap4O,,,,,,,,,0
0E1D5Z,,,,,,,,,0
g5YkOd,,,,,,,,,0
ZdvD8z,,,,,,,,,0
lNKMov,,,,,,,,,0
rlGJKR,,,,,,,,,0
RzvkQl,,,,,,,,,0
241oZD,,,,,,,,,0
aBKzLq,0,0,0,0,0,0,0,1,1
Xe1QPj,,,,,,,,,0
GrX79O,,,,,,,,,0
DVAW05,,,,,,,,,0
MAvG7g,,,,,,,,,0
QAv458,,,,,,,,,0
KMvO2z,,,,,,,,,0
8dAEWk,,,,,,,,,0
VZvdYN,,,,,,,,,0
BGADV5,,,,,,,,,0
yljg5d,,,,,,,,,0
pLR9Z1,1,0,0,0,0,0,0,0,1
pLR1jb,,,,,,,,,0
g5YxdK,,,,,,,,,0
7d1ge9,,,,,,,,,0
oAKaVP,,,,,,,,,0
ZdvLxe,,,,,,,,,0
lNK9jV,,,,,,,,,0
PAvLGe,,,,,,,,,0
Xe1dzY,,,,,,,,,0
6dAGGe,,,,,,,,,0
7d1YLZ,,,,,,,,,0
vNEaD0,,,,,,,,,0
pLRNKb,,,,,,,,,0
zK2AN0,,,,,,,,,0
LdvjJ2,,,,,,,,,0
DVAoQj,,,,,,,,,0
xd4bKy,,,,,,,,,0
blKRbo,,,,,,,,,0
xd48r9,0,0,1,1,0,0,1,0,3
9dp0bY,,,,,,,,,0
Rzvqrp,,,,,,,,,0
GrXOqp,1,1,0,0,1,0,0,0,3
0E1qKB,,,,,,,,,0
GrXOXp,,,,,,,,,0
7d1rKL,,,,,,,,,0
Zdvr9y,,,,,,,,,0
vNE5Og,,,,,,,,,0
8dA45x,1,0,0,0,0,0,0,0,1
Xe1PKP,,,,,,,,,0
g5Y6KP,,,,,,,,,0
pLR20y,,,,,,,,,0
RzvqeQ,,,,,,,,,0
8dABok,,,,,,,,,0
8dAB1r,,,,,,,,,0
OAd2ZY,,,,,,,,,0
kYK2lj,,,,,,,,,0
RzvADQ,,,,,,,,,0
9dp82p,1,0,0,0,0,0,0,0,1
NAMaMQ,,,,,,,,,0
pLRElV,1,0,0,0,0,0,0,0,1
241pJj,,,,,,,,,0
jB5KdJ,,,,,,,,,0
eBKxvq,,,,,,,,,0
dYKPVN,,,,,,,,,0
GrYYvz,1,0,0,0,0,0,1,0,2
jB5Ne4,,,,,,,,,0
5d8Rbo,,,,,,,,,0
7d1GbZ,,,,,,,,,0
OAdOL8,,,,,,,,,0
blK0G0,,,,,,,,,0
xd4kxy,,,,,,,,,0
g5YRyl,0,1,0,0,0,0,0,0,1
Xe1KVj,,,,,,,,,0
VZvREv,,,,,,,,,0
zK2p0M,,,,,,,,,0
J2XaDr,,,,,,,,,0
pLRj4B,,,,,,,,,0
yljKbW,1,0,0,0,0,1,0,0,2
VZvRWl,,,,,,,,,0
blY5eZ,,,,,,,,,0
Al47oW,,,,,,,,,0
lNYaNN,,,,,,,,,0
WAKOvP,,,,,,,,,0
8d6Nxl,,,,,,,,,0
jBJeBJ,,,,,,,,,0
QAz1z7,,,,,,,,,0
lNYBPN,,,,,,,,,0
PAbpo1,,,,,,,,,0
1rNdW1,,,,,,,,,0
oA5EQ1,,,,,,,,,0
KMW55V,,,,,,,,,0
Zd1Eao,0,0,0,1,0,0,0,1,2
VZbQlv,,,,,,,,,0
rlJOM2,,,,,,,,,0
8d6ZNA,,,,,,,,,0
NAbX0l,,,,,,,,,0
DVxplq,,,,,,,,,0
Xe84rd,,,,,,,,,0
blYW2Z,,,,,,,,,0
NAb78l,0,1,0,0,0,0,0,0,1
oA5285,,,,,,,,,0
eB0aEx,1,1,0,0,1,0,0,1,4
vNJP54,,,,,,,,,0
RzbPjj,,,,,,,,,0
oA5GOM,,,,,,,,,0
Al4vRB,,,,,,,,,0
9dRQYG,,,,,,,,,0
24lNeL,0,0,0,1,0,1,0,0,2
9dRDjY,,,,,,,,,0
NAb6Pb,,,,,,,,,0
dY86Dq,,,,,,,,,0
vNJA6l,,,,,,,,,0
OAbzv7,,,,,,,,,0
eB0BZq,,,,,,,,,0
BGjXPN,1,0,0,0,0,0,0,0,1
9dRdbV,,,,,,,,,0
DVx1aR,,,,,,,,,0
J2eDgY,,,,,,,,,0
GrqJeo,,,,,,,,,0
Xe8YXY,,,,,,,,,0
VZbMby,,,,,,,,,0
RzbJ9v,,,,,,,,,0
VZb1Wv,,,,,,,,,0
qbJoAk,,,,,,,,,0
xdR4ro,,,,,,,,,0
PAbvbe,,,,,,,,,0
rlJGpv,,,,,,,,,0
VZbv6N,0,1,0,0,0,0,1,1,3
24l1RL,,,,,,,,,0
OAbV78,,,,,,,,,0
xdRgQy,,,,,,,,,0
5de0vv,,,,,,,,,0
g5JybJ,,,,,,,,,0
42p4kd,,,,,,,,,0
42paed,,,,,,,,,0
eB0ezx,1,0,0,1,0,0,1,0,3
Ld69rj,,,,,,,,,0
aBaYav,,,,,,,,,0
DVZNMN,,,,,,,,,0
eBYArx,,,,,,,,,0
AljJve,,,,,,,,,0
J2WRlr,1,0,0,0,0,0,1,0,2
7dpxRz,,,,,,,,,0
PAGExV,,,,,,,,,0
PAG05P,1,1,0,0,0,0,0,0,2
8dRe5Y,,,,,,,,,0
RzVLkd,,,,,,,,,0
Xe2EGV,,,,,,,,,0
42pjyB,1,0,0,0,0,0,0,0,1
1rpMZg,,,,,,,,,0
GrQL1z,,,,,,,,,0
qbkKrG,,,,,,,,,0
rlkdNv,,,,,,,,,0
OAoB5M,,,,,,,,,0
bl62ee,0,0,0,0,0,0,0,1,1
GrQYrj,,,,,,,,,0
bl6Nr2,0,0,0,0,0,0,0,1,1
YZxV75,0,0,0,0,0,0,0,1,1
8dRAxz,,,,,,,,,0
BG2jrR,,,,,,,,,0
BG2j71,,,,,,,,,0
lNMvqk,,,,,,,,,0
5dpOVM,,,,,,,,,0
jBkEvR,,,,,,,,,0
ZdZWkv,,,,,,,,,0
dYkpxA,,,,,,,,,0
0EDlP0,,,,,,,,,0
42pdPB,,,,,,,,,0
zK1oKM,,,,,,,,,0
24Dylp,,,,,,,,,0
QAOaNl,,,,,,,,,0
KMaZGk,,,,,,,,,0
24DYOb,,,,,,,,,0
24DYpV,,,,,,,,,0
KMa2YK,,,,,,,,,0
dYkJoN,,,,,,,,,0
Ld6L9j,,,,,,,,,0
blYxP2,0,0,0,0,0,0,0,0,0
KMaj18,,,,,,,,,0
24DOYj,,,,,,,,,0
dYkydo,,,,,,,,,0
Ld68Ay,,,,,,,,,0
RzVOOv,,,,,,,,,0
yldOGB,,,,,,,,,0
oAkX95,,,,,,,,,0
Ld6lQ2,,,,,,,,,0
oAkXAP,,,,,,,,,0
aBa8l9,0,0,0,0,1,0,0,0,1
qbkxdk,,,,,,,,,0
lNMoMv,,,,,,,,,0
J2Wa7X,,,,,,,,,0
J2M1ko,,,,,,,,,0
7dMLqa,1,0,0,0,0,0,0,1,2
42zJob,1,0,0,0,0,0,0,0,1
MAMNrY,,,,,,,,,0
eBvrAl,,,,,,,,,0
BG0pZK,,,,,,,,,0
VZDzDg,,,,,,,,,0
ZdDdjy,,,,,,,,,0
pLvp8J,,,,,,,,,0
J2M4vz,,,,,,,,,0
lNvxGB,,,,,,,,,0
jBv18R,,,,,,,,,0
42zgZb,,,,,,,,,0
BG0OK1,,,,,,,,,0
24o8aA,,,,,,,,,0
kYzalJ,,,,,,,,,0
42OQ7r,,,,,,,,,0
NAPD6p,,,,,,,,,0
zKdykZ,,,,,,,,,0
RzjoPd,1,0,0,0,0,0,0,0,1
jBzo99,1,0,0,0,0,0,0,0,1
Grb9O2,,,,,,,,,0
g5z9gM,,,,,,,,,0
OAE5V7,,,,,,,,,0
5dVzNP,,,,,,,,,0
DVaVJ5,,,,,,,,,0
7dEobZ,,,,,,,,,0
9d4vR4,,,,,,,,,0
vNzL7d,,,,,,,,,0
GrbJYp,,,,,,,,,0
Al96kN,,,,,,,,,0
MAV78l,,,,,,,,,0
Al9jbl,,,,,,,,,0
24oDgL,,,,,,,,,0
blzzoL,,,,,,,,,0
VZNxYM,0,0,0,0,0,0,1,0,1
DVaWjl,0,0,0,0,0,0,0,1,1
KMGOe7,,,,,,,,,0
blzgY1,,,,,,,,,0
KMGOjK,,,,,,,,,0
LdOgG1,,,,,,,,,0
yl1GZ8,,,,,,,,,0
Zdegkz,,,,,,,,,0
BGe5v5,,,,,,,,,0
eBz8bE,1,0,1,0,0,0,0,0,2
xdz8yk,,,,,,,,,0
oAzL9x,,,,,,,,,0
0EkEeB,,,,,,,,,0
QA4GOY,,,,,,,,,0
9d4eBQ,0,0,0,0,1,0,0,0,1
rlYNrp,,,,,,,,,0
rlqy52,,,,,,,,,0
qbN5N7,,,,,,,,,0
AlQKkB,,,,,,,,,0
8dEazr,,,,,,,,,0
DVWzjb,0,0,0,0,0,0,0,1,1
oAxM95,,,,,,,,,0
lN4RDV,,,,,,,,,0
jBEq21,,,,,,,,,0
QAEpMA,,,,,,,,,0
xd67ZE,,,,,,,,,0
WAZarR,,,,,,,,,0
OAVNZK,,,,,,,,,0
jBEVgx,,,,,,,,,0
aBlMgq,,,,,,,,,0
oAxPWX,1,0,0,0,0,0,0,0,1
qbN99Y,0,0,0,1,0,0,1,0,2
Ldo8Pz,,,,,,,,,0
0EAKN6,,,,,,,,,0
J2BN4o,,,,,,,,,0
9dxN61,,,,,,,,,0
xdgr4o,,,,,,,,,0
LdVpav,,,,,,,,,0
BG67VA,,,,,,,,,0
Xe90az,,,,,,,,,0
1rO7Wp,,,,,,,,,0
dYzkGz,,,,,,,,,0
kYgAej,,,,,,,,,0
1rOvvQ,,,,,,,,,0
1rOvMQ,,,,,,,,,0
Rz2JQv,,,,,,,,,0
ZdWzBV,,,,,,,,,0
24VxvM,1,0,1,0,0,1,0,0,3
pL54N8,1,0,0,0,0,0,0,0,1
QAjOAg,,,,,,,,,0
42EpEY,,,,,,,,,0
PA44VP,,,,,,,,,0
vNgpPD,,,,,,,,,0
g5ggRM,,,,,,,,,0
rlgbDN,,,,,,,,,0
0EGYe9,1,0,0,0,0,0,0,0,1
