id,tastesgood,caffeine,ritual,laxative,other,selection_ct
gMR29l,,,,,,0
BkPN0e,,,,,,0
W5G8jj,,,,,,0
4xWgGr,,,,,,0
QD27Q8,,,,,,0
V0LPeM,,,,,,0
V0Gaxg,,,,,,0
AdzRL0,,,,,,0
LbWda2,,,,,,0
EXQLWN,,,,,,0
2eNLJg,,,,,,0
xpa2K9,,,,,,0
V00RoJ,,,,,,0
7WWB4A,,,,,,0
pKL8aB,,,,,,0
Zd694B,,,,,,0
QAeYZY,,,,,,0
QA5JYA,,,,,,0
Rz5BPj,,,,,,0
jyDqva,,,,,,0
eB7QoJ,,,,,,0
24xzlg,,,,,,0
DVvoqX,,,,,,0
1r2YJQ,,,,,,0
24xYOV,,,,,,0
AlbYao,,,,,,0
J2krYz,,,,,,0
WAp6ak,,,,,,0
aBr18q,,,,,,0
42NYWO,,,,,,0
6dQ08e,,,,,,0
J2kj9J,,,,,,0
8dpDNA,,,,,,0
EPbVlL,,,,,,0
ylqbBg,1,0,0,0,0,1
vNx6A4,,,,,,0
KMB2og,,,,,,0
qbEQPO,,,,,,0
9dJ0O5,,,,,,0
BGboZR,,,,,,0
oAVNdO,,,,,,0
YZzBdN,1,1,0,0,0,2
VZ17Z6,1,0,0,0,0,1
RzBeZj,1,1,1,0,0,3
0Ej0GZ,,,,,,0
eBxO4l,,,,,,0
WApbkQ,1,0,1,0,0,2
0Ej0WA,1,1,0,0,0,2
9dJYlQ,1,1,0,0,0,2
BGbJzQ,,,,,,0
OABqpR,,,,,,0
bl41Zg,1,1,0,0,0,2
GrBVrk,,,,,,0
WApbYk,1,0,1,0,0,2
eBxG20,1,1,1,0,0,3
24x9NA,,,,,,0
NAB2qB,1,0,1,0,0,2
RzBqoJ,1,1,1,0,0,3
jB98xY,,,,,,0
LdMxB2,,,,,,0
GrBOrz,,,,,,0
5dqajd,1,1,1,0,0,3
VZ1W0E,1,1,1,0,0,3
NABN5G,1,0,1,0,0,2
6dQY8o,1,0,1,0,0,2
WAp6va,1,1,1,0,0,3
EPbVGA,,,,,,0
OABqQp,1,1,1,0,0,3
DVvOop,,,,,,0
KMBrLz,,,,,,0
jB9r21,0,0,1,0,0,1
pLPYLE,1,1,0,0,0,2
oAV8yX,,,,,,0
aBrp0W,,,,,,0
g5NPxK,1,0,0,0,0,1
bl41kE,1,1,1,1,0,4
GrBO1z,1,1,1,0,0,3
xdN8Q9,1,0,0,0,0,1
vNx8Xv,1,1,0,0,0,2
dY2JPN,1,0,1,1,0,3
MAdjLE,1,0,0,0,0,1
6dQ6xo,1,0,0,0,0,1
7d97lZ,1,1,0,0,0,2
0EjqPQ,1,1,1,0,0,3
BGbJD4,1,1,1,1,0,4
9dJYbp,1,1,0,0,0,2
xdNbJ9,1,0,0,0,0,1
EPbVLl,,,,,,0
pLPNQJ,1,1,1,1,0,4
AlbMLW,1,0,1,0,0,2
EPboPq,1,1,0,0,0,2
ylq8yW,1,1,1,1,0,4
J2kEDz,1,0,1,1,0,3
24x9Lg,1,1,0,0,0,2
0EjYb6,1,1,1,0,0,3
ZdRb6a,1,1,1,0,0,3
WApbdP,1,1,1,0,0,3
24xY69,1,0,1,0,0,2
RzBqWd,1,0,1,0,0,2
RzBqLv,1,0,0,0,0,1
oAV8d5,1,1,1,0,0,3
oAV8OM,1,0,1,0,0,2
AlbYyW,1,1,0,0,0,2
KMB4kk,1,1,0,0,0,2
42N0Kd,1,1,1,0,0,3
0Ej0VZ,1,1,0,0,0,2
rlrQQo,1,1,1,0,0,3
vNx84X,1,0,0,0,0,1
OABxLk,1,0,0,0,0,1
MAd2V0,1,0,0,0,0,1
8dpbGk,1,1,1,0,0,3
zKQ8ja,1,0,1,0,0,2
YZzBLJ,0,1,0,0,0,1
QABNdl,1,1,0,0,0,2
8dpbko,1,0,1,0,0,2
XeB6Ee,1,1,1,1,0,4
KMBroK,1,0,0,0,0,1
24x9rg,1,1,1,0,0,3
dY2JjD,0,0,1,0,0,1
LdMjyz,1,0,0,0,0,1
9dJYM1,1,0,1,0,0,2
kYR4rj,1,0,1,0,0,2
pLPN7q,1,0,0,0,0,1
6dQ0eO,1,0,0,0,0,1
42NlLd,1,1,1,1,0,4
LdMxaj,1,0,1,0,0,2
BGbJZ4,1,1,1,1,0,4
J2kER7,1,1,1,0,0,3
eBxgQO,0,0,0,0,1,1
J2kELz,1,0,0,0,0,1
LdMjqJ,1,1,1,0,0,3
oAVNeM,1,1,0,0,0,2
oAVZ95,1,0,1,0,0,2
eBxGvE,1,1,0,0,0,2
g5NPYO,1,1,1,1,0,4
xdNbxo,1,1,0,0,0,2
zKQ8ZZ,1,1,1,0,0,3
rlrQxl,1,1,1,1,0,4
VZ1W8N,1,1,1,1,0,4
WAp6PN,1,1,1,0,0,3
DVvo9l,1,1,1,1,0,4
ylqAdB,1,1,0,0,0,2
rlrQP2,,,,,,0
EPbo0L,1,1,1,1,1,5
ylqAY6,1,0,0,0,0,1
AlbR7B,1,0,0,0,0,1
EPbVxA,1,0,0,0,0,1
BGboo4,1,1,0,0,0,2
dY2GGD,1,1,0,0,0,2
oAV8o5,1,0,1,0,0,2
WApa9N,0,0,0,1,0,1
BGbJE5,0,1,0,0,0,1
0EjzA9,1,1,1,0,0,3
vNx6YX,1,1,0,0,0,2
WApaAQ,1,0,1,0,0,2
J2krZX,1,1,0,0,0,2
oAVN6V,1,1,0,0,0,2
VZ1WVN,1,1,0,0,0,2
42Nlko,1,1,1,0,0,3
RzBq4P,1,0,0,0,0,1
1r2QM4,1,0,0,0,0,1
LdM4d2,1,1,0,0,0,2
42N0dB,1,1,0,0,0,2
jB98M9,1,0,0,0,0,1
1r205O,1,0,1,0,0,2
5dq0yE,1,0,1,0,0,2
YZzb4N,1,0,0,0,0,1
QABq7Y,1,0,1,0,0,2
PABQDd,1,0,1,0,0,2
9dJY7E,1,1,1,0,0,3
24xYgM,1,1,1,0,0,3
KMB25K,1,0,0,0,0,1
RzBqzP,,,,,,0
GrBEvo,1,0,1,0,0,2
rlrQrv,1,1,0,0,0,2
LdMxpz,1,1,1,0,0,3
ZdRblA,1,0,1,0,0,2
bl4My7,1,1,1,1,0,4
XeB72d,1,1,0,0,0,2
zKQBXq,1,1,1,0,0,3
rlr9Yv,1,1,0,0,0,2
dY2GNy,1,1,1,1,0,4
zKQA18,1,1,1,0,0,3
ZdRAAV,1,0,1,0,0,2
VZ17Ev,1,1,1,0,0,3
NAB2Ab,1,0,1,0,0,2
rlr9yM,1,1,1,0,0,3
5dqYbv,1,1,0,0,0,2
AlbRKW,1,1,1,0,0,3
ylqb6X,1,0,0,0,0,1
dY2o6d,,,,,,0
dY2oKz,1,0,0,0,0,1
oAVN61,1,1,1,0,0,3
rlr9yv,1,0,1,0,0,2
kYR4Nr,1,1,1,1,0,4
zKQ4kq,1,1,0,0,0,2
RzBeoP,1,0,0,0,0,1
24xYJL,1,0,1,0,0,2
ZdRAWA,1,1,1,0,0,3
rlr9OL,1,0,1,0,0,2
PABQdQ,1,1,0,0,0,2
1r20NQ,1,0,1,0,0,2
qbEqj2,1,1,1,0,0,3
g5NV9P,1,1,0,0,0,2
42NY8Y,1,1,0,0,0,2
GrBVJp,1,1,1,0,0,3
7d90RL,1,0,0,0,0,1
lNl8WV,1,1,0,0,0,2
vNxaEA,1,1,0,0,0,2
0EjY5P,1,0,1,0,0,2
eBxO5q,1,0,0,0,0,1
blx47Z,,,,,,0
lNlXyB,1,1,1,0,1,4
1r2Yx4,1,1,1,0,0,3
1r20WM,1,1,1,0,0,3
J2krad,1,1,1,1,0,4
DVvo05,1,0,1,0,0,2
VZ1aJj,1,1,1,0,0,3
42N0ab,,,,,,0
aBrJxZ,1,0,1,0,0,2
9dJ0qG,1,1,1,0,0,3
PABN1x,1,0,1,0,0,2
8dpDDk,1,1,1,0,0,3
qA2y0O,,,,,,0
V0ELg6,,,,,,0
zKQ8Qg,,,,,,0
VZ1WYN,1,1,1,0,0,3
jB98W1,,,,,,0
24x9Rj,,,,,,0
rlr82o,,,,,,0
QABNj7,,,,,,0
vNx8El,,,,,,0
jB98WY,1,0,1,0,0,2
LdM4Op,,,,,,0
qbE8gG,,,,,,0
bl41zZ,,,,,,0
xdN8yk,1,1,1,0,0,3
rlr8LX,1,0,0,0,0,1
jB98ga,,,,,,0
pLPY01,,,,,,0
GrBODO,1,0,0,0,0,1
7d97a0,1,0,1,0,0,2
WApale,1,1,0,0,0,2
0EjqlN,,,,,,0
oAV8dN,1,0,0,0,0,1
0Ejqaj,,,,,,0
5dqaeZ,1,1,0,0,0,2
g5N8v4,1,0,1,0,0,2
oAV8lb,1,0,0,0,0,1
AlbMyz,,,,,,0
jB9871,1,1,0,0,0,2
9dJA2E,1,1,0,0,0,2
PABZBx,1,0,1,1,0,3
DVvRWR,1,0,1,0,0,2
dY2JDV,1,1,0,0,0,2
bl41Y1,1,0,1,0,0,2
rlr8vR,1,1,0,0,0,2
xdN89d,1,1,1,0,0,3
kYR8Jo,1,1,1,0,0,3
YZz7xW,1,0,1,1,0,3
RzBq29,,,,,,0
24x9DD,,,,,,0
rlr8k2,1,0,0,0,0,1
7d97ER,1,0,1,0,0,2
GrBOBO,1,1,1,0,0,3
42NlPr,1,0,0,0,0,1
XeB6OP,1,1,1,0,0,3
VZ1W4y,1,0,1,0,0,2
kYR8ve,1,1,1,0,0,3
YZz7oN,1,0,1,0,0,2
OABxYM,1,1,1,0,0,3
xdN8lv,1,1,1,0,0,3
eBxgYk,1,1,0,0,0,2
RzBqj9,1,1,0,0,0,2
1r2QGg,1,0,0,0,0,1
pLPYZJ,,,,,,0
MAdj6k,1,0,1,0,0,2
OABxER,1,1,1,0,0,3
BGbJ0K,1,1,0,1,0,3
qbE8jO,1,0,0,0,0,1
kYR8ze,1,0,0,0,0,1
GrBODQ,1,1,1,0,0,3
vNx8KD,1,0,1,0,0,2
oAV8VN,1,0,1,0,0,2
VZ1Wxg,1,1,1,0,0,3
24x9Oe,1,1,1,0,0,3
KMBrO8,1,0,0,0,0,1
WApa1v,1,1,0,0,0,2
bl41gL,0,1,0,0,0,1
EPbovB,0,1,0,0,0,1
ylq8e8,1,1,1,0,0,3
24x9ZL,1,0,1,0,0,2
MAdjGM,1,0,1,0,0,2
24x9Zj,1,0,1,0,0,2
rlr8kR,1,1,1,1,0,4
g5N8pl,1,1,0,1,0,3
rlr8qN,1,0,0,0,0,1
ylq87g,1,0,0,0,0,1
GrBO7Z,1,1,1,1,0,4
NAB2Rj,1,0,1,0,0,2
RzBqkj,1,0,0,0,0,1
xdN86r,1,1,1,0,0,3
9dJArQ,0,1,0,0,0,1
EPboa4,1,0,0,0,0,1
WApaQN,1,1,1,1,0,4
42NlN5,1,0,1,0,0,2
AlbM50,1,1,0,1,0,3
QABNap,1,1,1,0,0,3
dY2Jkd,1,0,0,0,0,1
RzBqr9,1,0,0,0,0,1
lNl89W,1,1,1,1,0,4
PABZGB,0,1,1,1,0,3
RzBqjj,1,0,1,0,0,2
LdM4ov,1,0,1,0,0,2
GrBO5k,1,0,1,0,0,2
ZdRbWo,1,1,1,1,0,4
AlbMQD,1,0,1,0,0,2
42NlqX,1,0,1,0,0,2
24x9D9,1,0,1,0,0,2
oAV81V,1,1,0,0,0,2
QABNE7,1,1,1,0,0,3
6dQ6QN,1,1,0,0,0,2
KMBrkV,1,0,0,0,0,1
g5N8NJ,1,1,1,1,0,4
aBrpab,1,1,0,1,0,3
OABxVR,,,,,,0
aBrpPq,,,,,,0
bl41vZ,1,1,0,0,0,2
oAV8kO,,,,,,0
qbE8NG,1,1,0,0,0,2
eBxgoe,1,0,1,1,0,3
aBrpkB,1,1,1,0,0,3
vNx8g0,1,1,1,1,0,4
NAB2Ol,1,1,0,0,0,2
GrBObk,1,1,1,0,0,3
kYR8x1,1,1,1,0,0,3
g5N8z4,1,1,0,0,0,2
lNl8zv,1,1,1,0,0,3
jB98z4,1,0,1,0,0,2
RzBqVj,1,0,0,0,0,1
BGbJ6Q,1,0,1,0,0,2
5dqagd,,,,,,0
QABN8Y,1,0,0,0,0,1
24x9o9,1,0,1,0,0,2
BGbJ9Q,1,1,0,0,0,2
PABZrV,1,0,0,0,0,1
lNl84k,1,0,1,0,0,2
rlr8YR,1,1,1,0,0,3
zKQ8L0,1,1,1,1,0,4
NAB2El,1,1,1,0,0,3
9dJAMV,1,0,1,0,0,2
YZz79J,1,1,0,0,0,2
5dqaod,1,1,1,1,0,4
GrBOgp,1,0,1,0,0,2
dY2Jgo,1,1,0,0,0,2
AlbMAe,1,0,0,0,0,1
XeB6d4,1,1,0,0,0,2
QABNX8,1,0,0,0,0,1
1r2QBp,1,0,1,0,0,2
VZ1WY6,1,0,1,0,0,2
LdM4Vv,1,0,0,0,0,1
6dQ6MJ,1,1,1,0,0,3
oAV8vx,1,1,1,0,0,3
oAV8gP,1,1,0,0,0,2
EPboJ2,1,0,1,1,1,4
MAdjVA,1,1,0,0,0,2
EPboEX,1,1,0,0,0,2
6dQ64k,1,1,0,0,0,2
NAB240,1,0,0,0,0,1
pLPYzB,1,0,0,0,0,1
OABxEg,1,0,0,0,0,1
NAB2gB,1,0,1,0,0,2
vNx8vQ,1,1,1,0,0,3
LdM4yj,,,,,,0
qbE8k9,1,1,0,0,0,2
qbE8v9,1,0,0,1,0,2
dY2J8d,1,0,0,0,0,1
jB98Yx,0,1,0,0,0,1
rlr8gN,1,0,1,1,0,3
XeB6Ng,1,0,1,0,0,2
OABx97,1,1,0,0,0,2
42NlEX,1,0,1,0,0,2
LdM4al,1,0,0,0,0,1
ZdRbDB,1,0,0,0,0,1
6dQ6Vk,1,0,0,0,0,1
8dpbVx,1,1,0,0,0,2
6dQ65P,1,1,1,0,0,3
1r2Q6l,1,1,1,0,0,3
7d97MR,1,1,0,0,0,2
ylq8GB,1,0,1,1,0,3
kYR8p1,1,0,1,0,0,2
8dpbgx,1,1,1,1,0,4
VZ1Wqg,1,1,1,0,0,3
WApaBa,1,1,1,0,1,4
dY2J1q,1,0,1,0,0,2
vNx8W0,1,0,0,0,0,1
5dqaOo,1,1,0,0,0,2
QABNWp,1,0,1,0,0,2
ZdRbQo,1,0,1,0,0,2
NAB2yB,1,0,0,0,0,1
oAV81e,0,0,1,0,0,1
PABZYx,1,1,0,0,0,2
PABZWb,1,1,1,0,0,3
XeB6v4,1,0,1,0,0,2
9dJAxQ,1,1,0,0,0,2
DVvRE5,1,0,1,0,0,2
lNl87X,1,1,1,1,0,4
eBxgye,1,1,1,0,0,3
aBrpgq,1,1,0,0,0,2
OABxrR,1,1,1,0,0,3
WApajv,,,,,,0
1r2QxQ,1,0,0,0,0,1
AlbM9z,1,1,1,0,0,3
8dpbWO,1,0,1,1,0,3
7d97zA,1,0,0,0,0,1
24x9zV,1,1,0,0,0,2
VZ1W9j,,,,,,0
rlr8YN,1,1,1,0,0,3
xdN80d,1,1,0,0,0,2
1r2QgW,1,0,0,0,0,1
EPbo64,1,1,1,0,0,3
qbE877,1,0,1,0,0,2
KMBrGV,1,1,0,0,0,2
6dQ6WY,1,0,1,0,0,2
EPboA4,0,0,1,0,0,1
PABZy5,1,0,1,0,0,2
ZdRbgz,1,1,0,0,0,2
EPbo6r,1,0,0,0,0,1
6dQ6zB,1,1,1,0,0,3
LdM4Ey,1,0,1,0,0,2
ylq8gg,1,1,1,0,0,3
42NlOY,1,0,1,0,0,2
MAdjPM,1,0,1,0,0,2
8dpb5O,1,1,1,0,0,3
1r2QRl,1,1,0,1,0,3
jB985Q,1,1,0,0,0,2
J2kEBo,0,1,0,0,0,1
eBxgvk,1,0,1,0,0,2
7d97jZ,1,0,0,0,0,1
dY2JzK,1,1,1,1,0,4
PABZe5,1,1,0,0,0,2
J2kEGo,1,1,0,0,0,2
ylq8zx,1,1,1,0,0,3
WApapR,,,,,,0
xdN8z5,1,0,0,0,1,2
NAB2dj,1,0,0,0,0,1
ylq81x,1,0,0,0,0,1
vNx8zD,1,0,1,0,1,3
oAV8zP,1,1,1,0,0,3
QABNkG,1,1,0,0,0,2
8dpbDA,,,,,,0
YZz760,,,,,,0
PABZqd,1,1,0,0,0,2
oAV8LX,1,1,1,1,0,4
XeB6Pd,1,1,1,0,0,3
AlbMRB,1,1,0,0,0,2
jB98XR,1,1,0,0,0,2
NAB2Zb,0,0,1,0,0,1
aBrpMy,1,1,1,0,0,3
OABxKK,1,1,0,0,0,2
pLPYlP,,,,,,0
EPbooq,1,0,0,0,0,1
XeB6je,,,,,,0
PABZq0,1,1,0,0,0,2
GrBOE2,1,1,0,0,0,2
pLPYYZ,1,1,1,0,0,3
GrBOVj,1,1,1,0,0,3
DVvROb,,,,,,0
rlr8Z5,1,1,0,0,0,2
KMBr2M,1,1,0,0,0,2
kYR8BJ,1,0,1,0,0,2
aBrpJ9,1,0,1,0,0,2
bl41a0,1,1,1,0,0,3
RzBqyp,1,0,1,0,0,2
1r2Q0M,1,1,0,1,0,3
GrBOO2,1,0,0,0,0,1
jB98V6,1,1,1,0,0,3
QABNpg,1,1,1,0,0,3
DVvR6j,1,0,1,0,0,2
xdN8q9,1,1,0,0,0,2
xdN8W9,1,0,0,0,0,1
9dJAzX,,,,,,0
rlr8ep,1,0,0,0,0,1
WApa4L,1,0,1,0,0,2
lNl8pV,1,1,1,0,0,3
9dJAbX,1,1,1,1,0,4
zKQ8A1,1,1,1,0,0,3
QABNP1,1,0,0,0,0,1
pLPYEE,1,0,0,0,0,1
GrBOMQ,1,1,1,1,0,4
RzBqpQ,1,0,0,0,0,1
24x9MM,1,0,0,0,0,1
7d9rX0,1,0,1,0,0,2
YZz72z,1,0,0,0,0,1
42Nl0b,1,1,1,1,0,4
lNl8JX,0,0,1,0,0,1
xdN8kd,1,0,0,0,0,1
VZ1WWE,1,1,0,0,0,2
bl4QV6,0,1,0,0,0,1
LdM4xG,0,1,1,1,0,3
VZ1OLj,1,1,0,0,0,2
KMBrrk,1,0,1,0,0,2
5dqaWQ,1,1,1,1,0,4
NAB22W,1,0,1,0,0,2
eBxWZx,1,0,1,0,0,2
OABxOM,1,0,0,0,0,1
lNl825,1,1,0,0,0,2
EPboy2,1,0,1,0,0,2
LdM48z,1,1,1,0,0,3
KMBKYX,1,1,0,0,0,2
NAB21W,1,1,1,0,0,3
42NlMo,1,0,1,0,0,2
BGbJv4,1,0,0,0,0,1
rlr8No,1,0,0,1,0,2
24xGEe,1,1,1,0,0,3
lNlkBN,1,0,0,0,0,1
eBxWae,1,1,1,0,0,3
WApavR,1,1,1,0,0,3
1r2o9p,1,1,1,0,0,3
OABM7R,1,0,1,0,0,2
aBrqOX,1,1,0,1,0,3
qbE1GG,1,1,1,0,0,3
8dp4aP,1,1,1,0,0,3
0EjR7j,1,1,0,0,0,2
YZz7EN,1,1,0,0,0,2
OABxRk,1,1,1,0,0,3
AlbMgN,1,0,1,0,0,2
lNlk6k,,,,,,0
OABxWM,1,1,0,0,0,2
xdN5Yy,1,1,1,0,0,3
AlbMYB,1,1,0,1,0,3
ylq5Jg,1,0,0,0,0,1
VZ1WRj,1,0,0,0,0,1
jB9Ala,1,1,0,0,0,2
YZzl4B,1,1,0,0,0,2
J2kvz4,1,0,1,0,0,2
oAV8W5,1,0,0,0,0,1
oAVLGe,1,1,1,0,0,3
KMBKlA,1,0,0,0,0,1
6dQEDY,0,0,1,0,0,1
1r2o7Q,1,0,0,0,0,1
1r2oVQ,1,1,1,0,0,3
0EjR8y,1,1,1,0,0,3
LdMLzp,1,0,1,0,0,2
LdML7p,1,0,1,0,0,2
jB9Ab4,1,1,0,0,0,2
aBrq4B,1,0,0,0,0,1
DVv6Nq,1,0,0,0,0,1
DVv6pR,1,1,0,0,0,2
rlrMON,1,0,0,0,0,1
g5N6Ml,1,0,1,0,0,2
NAB1oB,1,0,0,0,0,1
VZ1Ojy,1,1,1,0,0,3
dY2exq,1,1,0,0,0,2
RzByo9,1,0,1,0,0,2
rlrMoN,,,,,,0
XeBP4g,1,1,1,1,0,4
DVv6qN,,,,,,0
vNx5P0,1,0,1,0,0,2
6dQEZk,1,0,0,0,1,2
qbE1d7,,,,,,0
bl4QeL,1,0,1,0,0,2
PABJ55,1,0,0,0,0,1
aBrq9b,1,0,0,0,0,1
LdMLPv,1,1,0,0,0,2
qbE1VY,1,1,1,0,0,3
oAVLEx,1,0,0,1,0,2
PABJ1V,1,1,0,0,0,2
0EjR6N,1,1,1,0,0,3
BGbW75,1,0,0,0,0,1
8dp4L5,1,1,0,1,0,3
GrBARZ,1,0,1,0,0,2
rlrMBR,1,0,0,1,0,2
J2kEvY,,,,,,0
GrBAve,1,0,1,0,0,2
g5N6qO,1,1,0,0,0,2
J2kvOo,1,0,0,0,0,1
GrBAlp,1,1,1,0,0,3
7d9r2P,1,1,0,0,0,2
1r2odl,1,0,0,0,0,1
J2kvdR,1,1,1,0,0,3
jB9APx,1,1,1,0,0,3
DVv6kZ,1,0,0,0,0,1
xdN8Ok,0,0,1,0,0,1
NAB1qO,1,1,1,0,0,3
GrBA9Z,1,0,0,0,0,1
bl4Qdg,1,1,0,0,0,2
5dqPZo,1,1,0,0,0,2
J2kEyz,1,1,1,0,0,3
jB98j9,1,0,1,0,0,2
DVv67R,1,0,0,1,0,2
QABlV8,1,1,1,1,0,4
LdMLpj,1,0,1,0,0,2
42NVrX,1,1,0,0,0,2
VZ1OpM,1,1,1,0,0,3
42NlWr,1,1,0,0,0,2
KMBKV8,1,0,1,0,0,2
aBrq6q,1,1,1,0,0,3
oAVLeP,,,,,,0
YZzlPW,1,0,1,0,0,2
zKQ5jM,1,1,1,1,1,5
XeBPJY,1,1,1,0,0,3
kYRB61,1,1,1,0,0,3
zKQ5y0,1,0,0,0,0,1
RzBy5d,1,1,1,0,0,3
ZdRrNy,1,1,0,0,0,2
6dQE7B,1,1,1,0,0,3
0EjRey,1,1,1,0,0,3
QABlDp,1,1,1,0,0,3
24xGB9,1,1,0,0,0,2
EPb7QX,1,0,1,0,0,2
qbE1AY,1,1,1,0,0,3
RzByD9,1,1,0,0,0,2
42NVQY,1,0,0,1,0,2
EPb7XX,1,0,0,0,0,1
Albe2z,1,1,1,0,0,3
PABJ9V,1,1,0,0,0,2
rlrM5R,1,0,1,0,0,2
kYR8Pj,1,0,1,0,0,2
J2kvqK,1,1,0,0,0,2
J2kv1K,1,1,1,1,0,4
PABJpB,1,0,0,0,0,1
EPb7l4,1,0,1,0,0,2
XeBP0j,1,0,0,0,0,1
vNx5Yv,1,1,1,0,0,3
NAB1WB,1,1,1,0,0,3
42NV8k,1,1,1,0,0,3
VZ1OQg,1,0,1,0,1,3
LdMLWj,1,0,1,0,0,2
LdMLKv,1,1,0,1,0,3
zKQ5Ya,0,0,0,1,0,1
pLPpoJ,1,1,0,0,0,2
lNlkqv,1,0,0,0,1,2
GrBO2O,1,1,0,0,0,2
KMBK1A,0,1,1,0,0,2
dY2e9o,1,0,1,0,0,2
9dJjQp,1,1,1,0,0,3
QABl58,1,1,1,0,0,3
BGbWk5,1,0,1,0,0,2
24xGPj,1,0,0,0,0,1
0EjRdB,1,1,0,0,0,2
RzByPd,1,1,1,0,0,3
RzBq9P,1,0,0,0,0,1
PABJ65,1,1,0,0,0,2
oAVLRP,1,0,1,0,0,2
24xGPL,0,1,0,0,0,1
rlr84L,1,0,1,0,0,2
VZ1O0v,1,0,1,0,0,2
8dp4xO,1,1,0,0,0,2
bl4QWL,1,0,1,0,1,3
qbE1a9,1,1,1,0,0,3
VZ1O5J,1,1,0,0,0,2
rlrMPl,0,1,0,1,0,2
EPb7XN,1,0,0,0,0,1
dY2e0o,1,0,1,0,0,2
lNlkyB,1,0,1,0,0,2
BGbJo7,1,0,0,0,1,2
xdN5ay,1,1,1,0,0,3
GrBAdp,1,0,0,0,0,1
BGbWxQ,1,1,1,0,0,3
MAdpzp,1,1,1,1,0,4
RzBy0J,1,0,0,0,0,1
PABJ1e,1,1,0,0,0,2
XeBPWj,1,1,0,0,0,2
g5N6Gl,1,0,0,0,1,2
jB9AZJ,1,1,1,0,0,3
g5N6e4,1,1,1,0,0,3
0Ejq9Q,1,0,1,0,0,2
xdN8EG,1,0,0,0,0,1
zKQ5Da,1,1,1,1,0,4
xdN5Xv,1,0,1,0,0,2
24xGAj,1,0,1,0,0,2
lNl8j5,1,1,1,0,0,3
YZz7Nv,1,1,0,1,0,3
VZ1OEj,1,1,0,0,0,2
oAVLAV,,,,,,0
vNx52A,,,,,,0
bl4Qlo,1,0,0,0,0,1
PABJ0Q,,,,,,0
42NVkO,0,1,0,0,0,1
9dJjdY,1,1,0,0,0,2
WApV0J,1,0,0,0,0,1
1r2oEM,1,1,1,1,0,4
jB9AME,1,0,0,0,0,1
GrBAro,1,0,0,0,0,1
KMBK67,1,0,1,1,0,3
xdN5QG,1,0,0,0,0,1
XeBPe4,1,0,0,1,0,2
8dp4kx,1,0,1,0,0,2
EPb71N,1,1,1,0,0,3
qbE1Wd,,,,,,0
eBxWBO,1,0,1,0,0,2
6dQExe,1,1,0,0,0,2
24xGrp,1,0,0,0,0,1
0EjRbQ,,,,,,0
5dqP2M,1,1,1,0,0,3
QABlrg,1,0,1,1,0,3
xdN5Qo,1,1,1,0,0,3
MAdpJg,,,,,,0
vNx5AQ,0,1,0,0,0,1
YZzldq,1,1,0,0,0,2
RzByYp,,,,,,0
zKQ5zq,1,0,1,0,0,2
5dqPkd,1,0,0,0,0,1
dY2eZN,,,,,,0
1r2ovO,1,1,1,0,0,3
PABJB0,1,0,1,0,0,2
AlbeDW,1,1,0,0,0,2
GrBA1o,1,1,0,0,0,2
6dQE15,1,1,1,0,0,3
LdMLG1,1,1,1,1,0,4
LdML0G,1,1,0,0,0,2
zKQ5Kq,1,1,0,0,0,2
J2kvJY,1,1,0,0,0,2
rlrMVM,1,1,1,1,0,4
DVv6eb,1,0,0,0,0,1
5dqPdd,1,1,1,0,0,3
RzByLl,1,0,0,0,0,1
5dqPvP,1,0,1,0,0,2
YZzlV0,1,0,0,0,0,1
vNx54A,1,0,0,0,0,1
XeBPG4,,,,,,0
jB9ABE,1,0,1,1,0,3
PABJ8P,,,,,,0
RzBy4J,1,0,0,0,0,1
jB9AxR,1,0,0,0,0,1
dY2eYA,1,1,0,0,0,2
0EjRJ0,1,0,0,0,0,1
PABJvP,1,1,1,1,0,4
DVv60p,1,0,1,0,0,2
rlrMKv,1,1,1,0,0,3
9dJjJ4,1,0,0,0,0,1
oAVL0M,1,1,0,0,0,2
vNx5Od,1,1,0,0,0,2
QABlYA,1,0,1,0,0,2
24xGkp,1,0,1,0,0,2
7d9roL,1,1,1,0,0,3
lNlkNW,1,0,0,0,0,1
g5N64N,1,0,1,0,0,2
g5N65d,1,0,1,0,0,2
7d9rdA,1,1,1,0,0,3
lNlkL5,1,0,1,0,0,2
rlrMKM,,,,,,0
0EjRoQ,1,1,1,0,0,3
GrBA1j,1,0,0,0,0,1
qbE1b7,1,1,1,0,0,3
oAVLVM,1,1,1,0,0,3
RzByRl,1,0,0,0,0,1
g5N6QK,1,1,1,0,0,3
GrBAYz,,,,,,0
QABlBk,1,1,0,0,0,2
vNx5NQ,1,1,1,1,0,4
6dQEro,1,1,1,1,0,4
eBxWNo,1,0,0,0,0,1
NAB1MN,1,1,1,1,0,4
dY2eDy,1,1,0,0,0,2
MAdpvE,1,0,0,0,0,1
MAdp5Y,1,1,1,0,0,3
9dJjE1,1,0,0,0,0,1
PABJ20,1,1,1,0,0,3
8dp4eA,1,0,0,0,0,1
DVv65b,1,1,0,0,0,2
qbE1o8,1,0,1,0,0,2
OABMBA,1,1,1,0,0,3
oAVLlM,1,1,1,0,0,3
5dqPEb,1,0,0,0,0,1
6dQEOO,1,1,1,0,0,3
jB9A99,1,1,1,0,0,3
7d9r46,1,0,1,0,0,2
qbE1Yk,1,1,1,0,0,3
pLPpWZ,1,0,0,0,0,1
VZ1Olv,1,0,1,0,0,2
OABMJp,1,1,1,0,0,3
aBrqry,1,1,0,0,0,2
7d9r9z,1,0,1,0,0,2
oAVLl5,1,1,1,1,0,4
aBrqZW,1,1,1,1,0,4
lNlk06,1,1,1,1,0,4
ZdRrGv,1,0,0,0,0,1
xdN5ZG,1,1,1,0,0,3
lNlkYV,1,0,1,0,0,2
VZ1OME,1,0,0,0,0,1
rlrMrL,1,0,1,0,1,3
42NVAd,1,0,0,0,0,1
jB9AJ1,1,1,1,0,0,3
rlrMr5,1,1,1,1,0,4
WApVpQ,1,1,1,0,0,3
ZdRrvA,1,1,1,1,0,4
8dp4dx,0,0,1,0,0,1
vNx5JX,1,0,0,0,0,1
zKQ5e1,0,1,0,1,0,2
lNlkKV,1,1,0,0,0,2
rlrMJX,1,0,1,0,0,2
8dp4PY,0,1,0,1,0,2
LdMLaz,1,0,1,0,0,2
rlrM0L,1,1,1,0,0,3
PABJBd,,,,,,0
NAB1Rp,1,1,1,0,0,3
42NV9d,1,1,0,0,0,2
jB9A76,1,1,0,0,0,2
OABMLK,1,0,0,0,0,1
GrBABz,1,1,1,0,0,3
YZzlY6,1,0,0,0,0,1
YZzlo0,1,1,0,0,0,2
g5N671,1,0,1,0,1,3
qbE1k5,1,1,0,0,0,2
7d9r16,1,0,0,0,0,1
24xGkV,1,1,1,1,0,4
BGbWA4,1,1,0,1,0,3
rlrMJp,1,0,0,0,0,1
bl4Qr2,1,1,1,0,0,3
aBrqDE,1,0,0,0,0,1
YZzlrq,1,1,1,1,0,4
VZ1O9l,1,0,1,0,0,2
EPb7Lo,1,1,1,0,0,3
jB9A09,1,1,1,0,0,3
GrBAL2,1,1,0,0,0,2
EPb7Z2,1,1,0,0,0,2
EPb7vA,0,1,0,0,0,1
42NVPo,1,1,1,0,0,3
g5N6JM,1,1,0,0,0,2
9dJj2K,1,1,0,0,0,2
xdN5Rk,1,0,0,0,0,1
24xGvA,1,1,1,1,1,5
AlbeWo,1,0,1,1,0,3
ZdRrza,1,0,0,1,0,2
qbE1Ek,1,0,1,0,0,2
1r2oN4,1,0,0,0,0,1
VZ1ObN,1,1,0,1,0,3
24xGxA,1,0,1,0,0,2
pLPpRy,1,1,1,1,0,4
J2kvk7,1,1,1,0,0,3
oAVL55,1,1,1,1,0,4
lNlkWp,1,1,0,0,0,2
QABl8l,1,1,1,0,0,3
eBxWxo,0,0,0,0,1,1
eBxW2E,1,0,0,0,0,1
rlrMd5,1,1,0,0,0,2
8dp4Ak,1,1,0,0,0,2
RzByvv,1,1,1,1,0,4
rlrM2p,0,0,1,0,0,1
24xG1g,1,0,0,0,0,1
EPb7BL,1,1,0,1,0,3
eBxWKJ,1,1,0,0,0,2
zKQ5J8,1,1,0,0,0,2
ZdRrZ5,1,1,1,1,0,4
1r2o2L,1,0,0,0,0,1
xdN599,1,0,1,0,0,2
YZzlpz,1,1,1,0,0,3
bl4Q82,1,0,0,0,0,1
PABJ80,1,1,0,0,0,2
24xGOb,1,1,0,0,0,2
5dqPGP,1,1,1,0,0,3
bl4Q4E,1,1,1,0,0,3
KMBKBK,1,0,1,0,0,2
DVv6Jj,1,1,1,1,0,4
eBxW7E,1,1,1,0,0,3
GrBAoz,1,0,0,0,0,1
EPb70o,1,0,1,0,0,2
kYRBJd,1,0,1,0,0,2
J2kv2d,1,1,1,1,0,4
OABMdk,1,1,0,0,0,2
LdMLvz,1,0,0,0,1,2
0EjRv0,1,1,1,0,0,3
VZ1OZv,1,0,0,0,0,1
5dqPLM,1,0,0,0,0,1
LdMLXG,1,0,0,0,0,1
RzByZP,1,1,1,1,0,4
42NVvB,1,1,0,1,0,3
GrBAqO,1,0,0,0,0,1
BGbWj4,1,0,0,1,1,3
BGbWB7,1,1,0,0,0,2
ylq5o6,1,1,1,0,0,3
J2kvLJ,1,0,1,0,0,2
42NVjb,0,0,1,0,0,1
bl4Q2E,1,1,1,0,0,3
5dqPev,1,0,0,0,0,1
6dQEvO,1,0,0,0,0,1
jB9ALR,1,1,1,0,0,3
9dJjpK,1,0,0,0,0,1
LdMLE2,1,1,0,0,0,2
xdN54E,1,0,1,0,0,2
J2kvV7,1,0,1,0,0,2
8dp46k,1,1,1,0,0,3
1r2oD4,1,1,1,0,0,3
bl4QK0,1,1,0,1,1,4
DVv6AX,1,0,1,0,0,2
QABlxk,1,0,0,0,0,1
aBrqjy,1,0,1,0,0,2
XeBP1e,1,1,1,1,1,5
qbE1P2,1,1,0,0,0,2
9dJjlG,0,1,1,0,0,2
WApVPJ,1,1,1,1,0,4
jB9A5Y,1,1,1,0,0,3
OABMjA,1,1,1,0,0,3
DVv6V5,1,0,1,0,0,2
XeBPMd,1,0,1,1,0,3
6dQEAo,1,0,1,0,0,2
jB9AG9,1,1,1,0,0,3
pLPpVV,1,0,0,0,0,1
rlrMYo,,,,,,0
5dqPpQ,1,0,1,0,0,2
rlrMbN,,,,,,0
zKQ51g,1,1,1,1,0,4
7d9rp2,1,1,0,0,0,2
5dqPMQ,1,1,0,0,0,2
9dJjrE,1,0,1,0,0,2
MAdp78,1,0,0,0,0,1
kYRBpo,,,,,,0
pLPpz1,1,1,1,1,0,4
KMBKgX,1,0,1,0,0,2
QABlk1,,,,,,0
XeBPzz,,,,,,0
8dp4gP,,,,,,0
PABJ41,1,1,0,0,0,2
QABlO1,1,0,0,0,0,1
RzByjK,1,0,0,0,0,1
kYRBrr,1,1,0,0,0,2
PABJGx,1,1,1,0,0,3
vNx5gl,1,0,0,0,0,1
eBxWzx,1,0,1,0,0,2
WApVZe,1,1,0,0,0,2
Albeae,1,1,0,1,0,3
lNlkMX,1,0,0,0,0,1
OABMVa,1,0,0,0,0,1
XeBP2z,1,1,0,1,0,3
eBxWpl,1,1,0,0,0,2
EPb7gB,1,1,0,0,0,2
RzBy2K,1,1,1,0,0,3
1r2oBg,,,,,,0
GrBAjZ,1,0,0,0,0,1
KMBKaD,1,1,1,0,0,3
ZdRrQV,1,1,0,0,0,2
1r2oRg,1,0,1,0,0,2
kYRBkZ,1,1,0,1,0,3
oAVLzb,1,0,0,0,0,1
aBrqzZ,1,0,0,0,0,1
rlrMvX,1,1,1,0,0,3
EPb76l,1,0,0,0,0,1
24xGDM,1,0,1,0,0,2
7d9rPa,1,1,1,1,0,4
DVv69R,1,1,1,1,0,4
42NVdA,1,1,1,1,0,4
g5N6OP,1,0,1,0,0,2
J2kvZR,1,0,0,0,0,1
RzBylj,1,0,0,0,0,1
qbE1zO,1,1,1,0,0,3
jB9AEQ,1,0,0,0,0,1
xdN5ov,1,0,0,0,0,1
9dJja5,1,0,1,0,0,2
EPb7N2,0,0,0,0,0,0
kYRBQe,1,0,1,0,0,2
24xGVD,1,1,1,0,0,3
VZ1O46,1,1,1,0,0,3
PABJee,1,0,0,0,0,1
eBxWYQ,1,1,0,1,0,3
qbE1NO,1,1,1,0,0,3
oAVLaP,1,1,1,1,0,4
LdMLgl,1,1,0,0,0,2
ylq5zd,1,0,1,0,0,2
NAB1EO,1,1,1,0,0,3
7d9rj0,1,1,0,0,0,2
ZdRrKB,1,1,0,0,0,2
xdN56d,1,0,1,0,0,2
rlrMg2,1,1,1,0,0,3
qbE1pg,0,1,0,1,0,2
pLPpXJ,1,1,1,0,0,3
xdN5vk,1,1,1,0,0,3
vNx5a0,1,1,1,0,0,3
LdML6J,1,0,1,0,0,2
bl4QML,,,,,,0
6dQEyJ,1,1,1,0,0,3
xdN5L5,1,1,0,0,0,2
OABMra,0,1,0,0,0,1
jB9AgQ,1,0,1,0,0,2
EPb7AB,1,1,0,0,0,2
GrBAQO,1,1,0,0,0,2
lNlk9v,1,1,1,0,0,3
eBxWox,1,0,1,0,1,3
VZ1OyM,1,1,1,1,0,4
KMBKNV,1,0,1,0,0,2
OABMyY,1,1,1,0,0,3
WApVjR,1,0,1,0,0,2
OABMKR,1,1,0,0,0,2
YZzlyW,,,,,,0
BGbWVK,1,1,1,0,0,3
XeBPyL,1,0,1,0,0,2
VZ1OBg,1,0,1,0,0,2
1r2ox1,1,1,0,0,0,2
LdMLVl,1,0,1,0,0,2
oAVLQO,1,1,0,0,0,2
pLPpNJ,1,0,0,0,0,1
eBxWPk,1,1,1,0,0,3
VZ1Oxj,0,0,0,0,1,1
zKQ54R,1,1,1,1,0,4
Albeyl,1,0,0,0,0,1
eBxWyl,1,1,0,0,0,2
rlrM1R,1,0,0,0,0,1
24xGZD,1,0,1,0,0,2
VZ1Oyy,1,0,0,0,0,1
XeBPdg,1,1,1,0,0,3
rlrMRN,1,0,0,0,0,1
6dQEGk,1,1,1,0,0,3
EPb7YB,1,1,1,0,0,3
7d9rEa,1,0,0,0,0,1
ylq5Rx,1,1,1,0,0,3
MAdpgk,0,1,0,0,0,1
g5N6vJ,1,0,1,0,0,2
0EjRlB,1,1,1,0,0,3
9dJjPQ,1,1,1,1,0,4
AlbeND,1,0,1,0,0,2
OABMkM,1,0,1,0,0,2
zKQ5dk,1,0,0,0,0,1
7d9rgR,1,0,1,0,0,2
vNx5pl,1,1,0,0,0,2
EPb7e4,1,0,0,0,0,1
DVv6PZ,1,1,0,0,0,2
MAdpPk,1,1,1,0,0,3
ylq5rg,1,0,0,0,0,1
24xG7M,0,1,0,0,0,1
bl4Qz6,1,0,0,0,0,1
6dQE9Y,1,1,1,0,0,3
eBxWvQ,1,1,1,1,0,4
ZdRrXo,1,0,1,0,0,2
24xGy9,1,0,0,0,0,1
xdN57r,1,0,0,0,0,1
lNlkXk,1,0,1,0,0,2
9dJjyV,1,0,1,0,0,2
RzBy19,1,0,1,0,0,2
J2kvgK,1,0,1,0,1,3
J2kvbo,1,1,1,0,0,3
DVv6ZE,1,1,0,0,0,2
aBrq1B,,,,,,0
XeBPvY,1,1,1,0,0,3
ZdRrAo,1,1,0,0,0,2
NAB1O0,1,1,1,0,0,3
J2kvBr,1,0,1,0,0,2
ylq5px,0,1,1,0,0,2
KMBKRg,1,0,1,0,0,2
OABMyg,1,0,1,1,0,3
oAVLax,1,1,1,1,0,4
VZ1OXg,1,0,0,0,0,1
WApVdv,1,1,0,0,0,2
aBrqXB,0,0,1,0,0,1
EPb7rr,1,1,1,0,0,3
NAB1gO,1,1,0,0,1,3
XeBPkY,1,0,1,0,0,2
vNx5Wg,1,0,0,0,0,1
LdMLOy,1,1,1,1,0,4
aBrqa2,1,0,1,0,0,2
WApVXN,1,1,0,1,0,3
OABMeg,1,0,0,0,0,1
NAB1xl,1,1,1,0,0,3
dY2ekV,1,0,0,0,0,1
LdMLBv,1,1,0,0,0,2
Albe0e,1,1,0,0,0,2
eBxW8e,1,1,1,0,0,3
8dp4V5,1,1,1,0,0,3
1r2ozp,1,0,0,0,0,1
DVv6al,1,0,0,0,0,1
QABl4Y,1,0,0,1,0,2
DVv6EZ,1,0,0,0,0,1
J2kvxR,1,1,1,0,0,3
eBxWGe,1,0,0,0,0,1
KMBKA8,1,1,1,0,0,3
DVv6Wl,1,0,0,0,0,1
QABlyG,1,0,0,0,0,1
pLPp58,1,1,1,0,0,3
VZ1Oqj,1,0,1,1,0,3
XeBPNP,1,1,1,0,0,3
jB9Aq4,1,0,0,0,0,1
qbE1M9,1,1,1,0,0,3
5dqPON,1,0,0,0,0,1
rlrMW2,1,0,0,0,0,1
dY2ezr,1,1,1,1,0,4
oAVLgb,1,1,0,0,0,2
GrBAaZ,1,0,1,0,0,2
7d9rOZ,1,1,1,0,0,3
kYRB1e,1,1,0,0,0,2
24xGzj,1,1,0,0,0,2
XeBPQP,1,1,0,1,0,3
9dJj4E,1,1,1,0,0,3
MAdpqA,1,0,0,0,1,2
AlbeOz,1,1,0,0,0,2
NAB1Qj,1,0,1,0,0,2
GrBA5O,1,0,0,0,1,2
24xGYj,1,1,0,0,0,2
kYRBXR,1,0,1,0,0,2
WApV6N,1,0,1,0,0,2
dY2eXo,1,1,1,0,0,3
QABlp7,1,1,0,0,0,2
ylq5GX,1,1,0,0,0,2
EPb7Al,1,1,1,0,0,3
42NVEA,1,0,1,0,0,2
aBrqgb,0,1,1,0,0,2
42NVYX,1,1,0,0,0,2
oAVL1x,1,1,1,0,0,3
KMBKZV,1,1,1,0,0,3
1r2oyl,1,0,0,0,0,1
42NVEr,1,1,0,0,0,2
g5N614,0,1,1,0,0,2
0EjRyj,1,0,1,0,0,2
6dQEzJ,1,1,1,0,0,3
jB9Ara,1,0,0,0,0,1
dY2e4K,1,1,1,1,0,4
zKQ5vM,1,0,1,0,0,2
YZzlgW,0,1,0,0,0,1
pLPpZ1,1,0,1,0,0,2
J2kvro,1,0,1,0,0,2
xdN5B5,1,1,1,0,0,3
rlrMp2,1,0,1,0,0,2
QABlWG,1,1,1,0,0,3
vNx5d4,1,1,0,1,0,3
jB9AzQ,1,0,0,0,0,1
MAdp2M,1,0,0,0,1,2
7d9rYZ,1,0,1,0,0,2
g5N6XO,1,1,1,1,0,4
PABJr1,1,1,0,0,0,2
RzByg4,1,1,1,1,0,4
MAdpGl,1,1,0,0,0,2
g5N6rD,1,0,1,0,1,3
RzByaj,1,0,0,0,0,1
PABJLV,1,0,0,1,0,2
GrBA4k,1,1,1,0,0,3
zKQ5o0,1,1,1,0,0,3
dY2eyA,,,,,,0
GrBAOp,1,1,0,0,0,2
qbE1QY,1,0,0,0,0,1
9dJj0p,1,0,1,1,0,3
EPb77N,0,0,1,0,0,1
YZzlbB,1,1,0,0,0,2
Albeek,1,1,1,0,0,3
WApV7a,1,1,1,0,0,3
kYRBPM,0,0,1,0,0,1
GrBAAo,1,0,0,0,0,1
rlrMMl,1,0,0,0,0,1
VZ1Oag,1,1,0,0,0,2
5dqPa6,1,1,1,0,0,3
J2kvj4,1,0,0,0,0,1
XeBPAj,0,1,1,1,0,3
24xGdL,1,0,1,0,0,2
qbE117,1,1,0,0,0,2
42NVVk,1,0,1,0,0,2
5dqPYo,1,1,1,0,0,3
J2kv4d,1,1,1,1,0,4
EPb7VX,1,0,0,0,0,1
LdMLxj,1,1,1,0,0,3
1r2o0Q,1,0,1,0,0,2
bl4QJo,1,0,0,0,0,1
42NV6b,1,0,1,0,0,2
aBrqJv,1,0,0,0,0,1
OABMM7,1,0,1,0,0,2
42NVMb,1,0,1,0,0,2
WApVaj,1,0,1,0,0,2
RzByQ9,1,1,1,0,0,3
OABMM8,1,1,1,0,0,3
42NVlk,1,0,1,0,0,2
XeBP6j,1,1,0,1,0,3
WApVLJ,,,,,,0
eBxWWO,0,0,1,0,0,1
PABJqb,1,1,0,1,0,3
6dQEBB,1,0,1,0,0,2
GrBAEp,1,1,1,0,0,3
xdN5qo,1,1,0,0,0,2
g5N6VO,1,0,0,0,0,1
eBxWXO,1,0,0,0,0,1
KMBKj7,1,0,0,0,0,1
5dqP06,1,1,1,0,0,3
zKQ58a,1,1,1,0,0,3
EPb7RN,1,0,0,0,0,1
DVv685,1,1,1,0,0,3
RzByed,1,0,1,0,0,2
oAVLjV,1,0,0,0,0,1
dY2ery,1,0,0,0,0,1
pLPp2b,1,0,1,0,0,2
QABlN8,1,1,1,0,0,3
GrBAZj,0,0,1,0,0,1
YZzl75,1,0,0,0,0,1
ylq58B,1,1,0,1,0,3
ylq5AB,1,1,0,0,0,2
AlbeR0,1,1,1,1,0,4
dY2eoo,1,1,0,0,0,2
YZzlAd,1,1,1,1,0,4
NAB1NB,1,1,0,0,0,2
aBrqR9,1,1,1,0,0,3
LdMLr1,1,0,1,0,0,2
zKQ5k1,1,0,0,0,0,1
42NVbO,1,1,0,0,0,2
oAVLJ1,1,1,1,1,0,4
jB9AN6,1,0,0,0,0,1
qbE1l7,1,0,0,0,1,2
42NV0X,1,0,0,0,0,1
7d9rrA,0,1,1,1,0,3
5dqPNM,1,1,0,0,0,2
ZdRrbz,1,0,1,0,0,2
vNx5RA,1,1,1,0,0,3
0EjRqN,1,1,1,1,0,4
vNx59Q,1,1,0,0,0,2
EPb72o,1,0,0,0,0,1
dY2eJq,1,0,1,0,0,2
g5N6od,,,,,,0
PABJxb,1,1,0,0,0,2
6dQEEB,1,1,0,0,0,2
6dQE6P,1,1,0,0,0,2
pLPpYq,0,1,1,0,0,2
RzByyJ,1,0,0,0,0,1
XeBP7g,1,1,0,0,0,2
rlrM8l,1,0,1,0,0,2
RzByqd,1,1,1,0,0,3
9dJjKY,1,0,1,0,0,2
RzByNl,0,0,0,0,1,1
VZ1O7J,1,0,0,0,0,1
vNx5kd,1,1,1,1,0,4
8dp4DO,1,0,0,0,0,1
7d9rkA,1,1,0,0,0,2
GrBAAp,1,1,1,0,0,3
rlrMQN,1,1,0,0,0,2
GrBAW2,1,1,0,0,0,2
6dQEqe,1,1,1,0,0,3
RzBypp,1,0,1,0,0,2
zKQ5AR,1,0,1,0,0,2
eBxWg0,1,1,0,0,0,2
jB9AAx,1,0,0,0,0,1
oAVLLV,0,0,0,0,1,1
YZzl6d,1,1,1,0,0,3
g5N6EN,0,0,0,0,1,1
xdN5AG,1,0,0,0,0,1
lNlkp5,1,0,0,0,0,1
ZdRrBy,1,0,1,0,0,2
YZzl2q,1,1,0,0,0,2
rlrM75,1,0,1,0,0,2
zKQ5Ba,0,1,0,0,0,1
0EjRX0,1,1,0,0,0,2
VZ1OgE,1,1,1,0,0,3
9dJjjY,1,1,1,0,0,3
J2kvE4,1,1,1,0,0,3
rlrM4M,1,1,0,0,0,2
1r2oLM,,,,,,0
8dp4Bx,1,1,0,0,1,3
jB9A4a,1,0,0,0,0,1
42NVVO,1,0,1,0,0,2
bl4QRg,1,1,1,1,0,4
pLPpqq,1,0,0,0,0,1
AlbeXk,1,1,1,0,0,3
42NV6O,1,0,0,0,0,1
GrBAM2,1,0,0,0,0,1
LdML4j,1,0,0,0,1,2
42NVeB,1,1,0,0,0,2
QABllp,1,1,0,0,0,2
RzByNJ,1,0,0,0,0,1
oAVLP1,1,1,1,0,0,3
kYRBj1,1,1,1,0,0,3
EPb79q,1,1,0,0,0,2
aBrqMq,1,1,0,0,0,2
GrBAVZ,0,0,1,0,0,1
5dqP7d,1,0,0,0,0,1
kYRBL6,1,1,1,0,0,3
DVv6oR,1,0,0,0,0,1
GrBAGj,1,1,1,0,0,3
24xG9L,1,0,1,0,0,2
lNlkGW,1,0,1,0,0,2
vNx58v,1,0,1,0,0,2
g5N6BN,1,0,0,0,0,1
OABMRK,1,1,0,0,0,2
eBxWVq,1,0,1,0,0,2
g5N621,1,1,1,0,0,3
5dqPJM,1,0,0,1,0,2
7d9ryL,1,0,1,0,0,2
aBrq7E,1,1,0,0,0,2
XeBPa4,1,0,0,0,0,1
kYRBqJ,1,0,0,0,0,1
24xGGL,1,1,0,0,0,2
aBrqqq,1,1,1,1,0,4
VZ1O6v,1,1,1,0,0,3
jB9AjR,1,1,1,1,0,4
AlbeM0,1,1,0,0,0,2
NAB1ZQ,1,0,1,1,0,3
xdN5GG,1,1,1,0,0,3
oAVLJX,0,1,0,1,0,2
lNlkx5,1,0,1,0,1,3
ZdRrqa,1,1,1,0,0,3
OABM28,1,1,1,0,0,3
xdN5by,1,1,0,1,0,3
ylq5Lp,1,0,0,0,0,1
0EjR96,1,1,1,0,0,3
dY2eMA,1,1,1,0,0,3
jB9A4x,1,0,0,0,0,1
42NV5B,1,0,0,0,0,1
oAVLZP,1,1,1,0,0,3
EPb77X,1,0,1,0,0,2
pLPpQV,1,0,0,0,0,1
OABMq7,1,0,1,0,0,2
PABJJ5,1,0,1,0,0,2
1r2oQQ,1,1,1,0,0,3
6dQEoO,1,0,1,0,0,2
24xG6V,1,0,1,0,0,2
lNlkkB,1,0,0,0,0,1
oAVL8e,1,1,0,0,0,2
rlrMz5,1,1,1,1,0,4
42NV0k,1,0,1,0,0,2
MAdpZp,1,1,0,0,0,2
eBxW4E,1,0,1,0,0,2
rlrM4v,1,0,0,0,0,1
OABMx7,1,1,0,1,0,3
OABMZR,1,0,0,0,0,1
GrBAPo,1,1,0,0,0,2
PABJxQ,0,0,1,0,0,1
jB9AKR,1,1,1,0,0,3
QABl98,,,,,,0
xdN55y,,,,,,0
lNlk8B,1,1,0,0,0,2
NAB1kW,1,1,1,0,0,3
PABJQ5,1,0,1,0,0,2
dY2eOz,1,1,0,1,0,3
LdML8G,1,1,0,0,0,2
ylq5O0,0,0,0,0,1,1
9dJjAp,1,1,1,0,0,3
NAB1GW,0,1,1,0,0,2
GrBAGo,1,1,1,0,0,3
7d9rG9,1,0,0,0,0,1
24xGWV,1,0,1,0,0,2
5dqPRP,1,1,1,0,0,3
KMBK9M,1,1,0,0,0,2
kYRB26,1,1,1,0,0,3
ZdRrry,1,0,0,0,0,1
g5N6ld,1,1,1,0,0,3
DVv6Qj,1,0,0,0,0,1
aBrqW9,1,1,0,0,0,2
MAdpxX,1,1,0,0,0,2
rlrM9l,1,0,1,0,0,2
7d9r0P,1,0,1,0,0,2
BGbWRN,1,0,1,0,0,2
BGbWNA,1,1,0,0,0,2
xdN5Wo,1,0,0,0,0,1
9dJjb1,1,0,1,0,0,2
bl4Q1g,1,0,1,0,0,2
9dJjeG,1,0,0,0,0,1
J2kvPd,1,1,0,0,0,2
EPb7oX,1,1,1,0,0,3
RzByAl,1,0,0,0,0,1
PABJKd,1,0,1,0,0,2
42NVZb,1,0,0,0,1,2
QABlZg,1,1,0,0,0,2
kYRBBM,1,0,0,1,0,2
qbE1r2,0,0,0,0,1,1
vNx55Q,1,0,0,0,0,1
YZzll5,1,1,1,0,0,3
QABlQp,1,1,1,0,0,3
jB9ARE,1,0,0,0,0,1
EPb7Ro,1,1,1,0,0,3
9dJjz4,,,,,,0
qbElL5,,,,,,0
RzBy7P,1,0,0,0,0,1
pLPpjE,1,1,0,0,0,2
jB9AO6,,,,,,0
BGbWMA,1,1,1,0,0,3
dY2yqN,,,,,,0
ylqaNd,,,,,,0
zKQ5P8,1,1,1,0,0,3
24xGqb,1,1,0,0,0,2
MAdpog,1,1,0,0,0,2
YZzAPv,1,0,0,0,0,1
NAB1Kb,1,1,0,0,0,2
qbE1xk,1,0,0,0,0,1
PABqjP,1,0,1,1,0,3
rlrMx5,1,0,0,0,0,1
oAVj6M,1,0,0,0,0,1
rlrZ5X,1,0,1,0,0,2
OABN4a,,,,,,0
aBrMNW,1,0,1,0,0,2
ZdRrpv,1,1,1,0,0,3
VZ16zj,,,,,,0
0EjWQP,1,1,1,0,0,3
24x6Eg,1,1,1,0,0,3
zKQ6jg,,,,,,0
24x6XM,1,1,1,0,0,3
5dqAXv,1,0,1,0,0,2
bl4Jq7,1,1,0,0,0,2
OABMpA,1,1,0,0,0,2
qbElGO,1,0,0,0,0,1
WAp79L,1,0,0,0,0,1
PABq11,1,1,1,0,0,3
eBxWdo,1,1,1,0,0,3
QABlgk,1,1,0,1,0,3
NABZrp,1,0,1,0,0,2
8dp4vo,1,1,0,0,0,2
oAVL4M,1,0,0,0,0,1
8dplLl,0,1,0,0,0,1
MAdxD8,1,1,0,0,0,2
VZ16pN,1,1,0,0,0,2
jB9VDY,1,1,1,0,0,3
bl4J97,1,1,1,0,0,3
zKQ6xZ,1,0,0,0,0,1
6dQEb5,0,1,0,1,0,2
0EjWrQ,1,1,1,0,0,3
ZdRBOV,1,1,1,1,0,4
MAdxeE,1,1,1,0,0,3
VZ16p6,1,1,1,1,0,4
lNlEBX,1,0,1,0,0,2
dY2eLN,1,1,1,0,0,3
rlrZOo,,,,,,0
Albe1W,1,0,1,0,0,2
1r2o1L,1,1,1,0,0,3
VZ16G6,1,1,1,0,0,3
zKQ6YM,1,0,0,0,0,1
BGbRde,1,1,1,0,0,3
rlrMNL,,,,,,0
LdMLA2,1,1,1,0,0,3
42NbKA,1,0,1,1,0,3
lNlEbV,1,0,1,0,0,2
pLP2rP,1,0,1,0,0,2
DVv6rp,1,0,1,0,0,2
lNlko6,1,1,0,0,1,3
eBxW1o,1,0,1,0,0,2
VZ16El,1,0,1,0,0,2
BGbWPY,1,0,1,0,0,2
AlbX7o,1,0,1,0,0,2
oAVLrM,1,1,1,0,0,3
1r2aW4,1,1,0,0,0,2
RzB9Kv,1,1,1,0,0,3
5dqAzE,,,,,,0
1r2oqO,1,1,1,1,0,4
42NbKr,1,0,1,0,1,3
24x6PD,1,1,1,1,0,4
OABNlM,1,0,0,0,0,1
8dp47Y,1,0,1,1,0,3
RzB9WQ,1,1,0,0,0,2
jB9VZ1,1,1,1,1,0,4
oAVj2b,1,0,1,0,0,2
jB9VlQ,1,1,1,0,0,3
GrBA2z,1,0,1,0,0,2
9dJKQ5,1,1,0,0,0,2
aBrMdX,1,0,0,0,0,1
EPbOWB,1,1,1,0,0,3
OABNQk,1,0,0,0,0,1
dY2yEV,1,0,1,0,0,2
vNx9Yl,1,0,1,0,0,2
dY2yWD,1,0,1,0,0,2
bl4J50,1,1,0,0,0,2
WAp7OL,1,0,1,0,0,2
zKQ6yk,1,0,1,0,0,2
DVvGKE,0,1,0,0,0,1
MAdxRk,1,1,0,0,0,2
YZzlN6,1,0,1,0,0,2
zKQ6Ng,1,1,0,0,0,2
pLP2ey,1,1,0,0,0,2
KMBjeD,1,1,0,1,0,3
KMBjzD,1,1,0,0,0,2
5dqAKb,1,1,0,1,0,3
vNx9eg,1,1,0,1,0,3
aBrM4Z,1,1,0,0,0,2
EPb74L,1,1,1,0,0,3
kYRPbd,1,0,1,0,0,2
PABq91,1,1,0,0,0,2
RzB9oK,1,0,0,0,0,1
jB9Vb1,1,1,0,0,0,2
qbE12k,1,1,1,0,0,3
J2k4dX,1,1,0,1,0,3
zKQ6DM,1,0,0,0,0,1
7d9kl6,1,1,1,0,0,3
8dplQz,1,1,1,1,0,4
QABQeY,0,0,0,0,1,1
6dQB8o,1,1,0,0,0,2
MAdxEk,1,1,1,0,0,3
6dQB7J,1,0,0,0,0,1
9dJK9E,1,0,0,0,0,1
XeBb0L,1,1,1,0,0,3
AlbX2y,1,0,1,0,0,2
QABQ5G,1,0,0,0,0,1
GrBPdk,1,1,0,0,0,2
kYRPEo,1,0,1,0,0,2
VZ165y,1,0,1,0,0,2
7d9kWR,1,1,1,0,0,3
xdNWMd,1,1,1,0,0,3
24x6jM,0,1,0,0,0,1
DVvGkl,1,0,1,0,0,2
7d9kx0,0,1,0,0,0,1
aBrMYb,1,0,0,0,0,1
XeBboP,1,1,1,0,0,3
oAVj9N,1,1,0,0,0,2
lNlEeo,1,1,1,0,0,3
LdM2zJ,1,0,1,0,0,2
YZzARv,1,0,1,0,0,2
bl4Je6,1,1,0,0,0,2
lNlEOo,1,1,0,0,0,2
rlrZDX,1,0,0,0,1,2
g5NoGD,1,0,0,0,0,1
vNx9Dg,,,,,,0
dY2yar,1,0,0,0,0,1
PABqj0,1,1,1,0,0,3
42Nb7r,1,1,0,0,0,2
VZ16zM,1,1,0,1,1,4
8dplzr,1,0,1,0,0,2
g5N6RK,1,1,0,0,0,2
EPbO52,1,0,0,0,0,1
g5NoqP,1,1,1,0,0,3
KMBj1X,0,1,0,0,0,1
jB9VQJ,1,0,1,0,0,2
24xGMA,0,0,0,1,0,1
6dQBLN,1,0,0,0,0,1
xdNWav,1,1,0,0,0,2
ylqaYX,1,0,0,0,0,1
KMBjVX,1,1,0,0,0,2
8dplKP,1,0,0,0,0,1
oAVjb5,1,1,0,0,0,2
rlrZao,1,0,0,0,0,1
EPbOQr,1,1,0,0,0,2
OABN1k,1,1,1,0,0,3
WAp75v,1,0,0,0,0,1
QABQVX,1,1,1,0,0,3
OABMOp,1,1,1,0,0,3
VZ1ORl,0,1,1,0,0,2
oAVj65,1,1,0,1,0,3
YZzlE0,1,0,1,0,0,2
aBrMQW,,,,,,0
rlrZA2,1,0,1,0,0,2
ylqa28,1,0,1,0,0,2
OABNQM,1,0,0,1,0,2
6dQBjA,0,1,1,0,0,2
BGbRxR,1,0,1,0,0,2
xdNWDd,1,0,1,0,0,2
pLPplE,1,0,0,0,0,1
eBxXZJ,1,1,1,0,0,3
BGbR7R,1,1,1,0,0,3
EPbOxB,1,1,1,0,0,3
qbElA9,1,1,1,0,0,3
0EjW6B,1,0,0,0,0,1
xdNWx9,1,1,0,0,0,2
PABJad,1,0,0,0,0,1
BGbRpe,1,1,1,1,0,4
WAp7Ee,1,1,1,0,0,3
DVvGdN,1,0,1,0,0,2
EPbOqA,1,1,0,0,0,2
42NbXo,0,0,0,0,1,1
qbElDO,1,1,1,1,0,4
kYRBDj,1,0,1,1,0,3
lNlkJp,1,1,0,0,0,2
24x68b,0,1,0,0,0,1
VZ16j6,0,0,0,0,1,1
1r2aA4,1,1,1,0,0,3
xdNWa5,1,1,1,1,0,4
8dplNk,1,1,1,1,0,4
BGbRXK,1,1,1,1,0,4
J2k4AK,1,1,0,0,0,2
NABZWj,1,1,1,0,0,3
1r2a91,1,1,1,0,0,3
42NbB5,1,1,1,1,1,5
aBrM5Z,1,0,1,0,0,2
0EjRN0,1,0,0,0,0,1
oAVjDN,1,1,0,0,0,2
pLP2dP,1,1,1,0,0,3
VZ16Qj,0,1,1,0,0,2
PABJa0,1,0,1,0,0,2
g5N6yK,1,1,0,0,0,2
NABZl0,1,0,1,0,0,2
AlbXve,1,1,1,0,0,3
GrBP6O,1,0,0,0,0,1
NABZoO,1,1,0,0,0,2
KMBj5g,,,,,,0
lNlErN,1,0,1,1,0,3
42NbxA,1,1,1,0,0,3
OABN7a,0,0,0,0,1,1
DVvGBE,1,1,0,0,0,2
LdMLRO,1,1,0,0,0,2
6dQBeN,1,1,1,0,0,3
5dqPWP,0,0,1,0,0,1
ZdRBEV,1,1,1,0,0,3
8dploo,,,,,,0
0EjW7A,1,1,1,1,0,4
0EjWOB,1,1,0,0,0,2
xdNWJd,1,1,1,0,0,3
dY2yNV,1,1,1,1,0,4
0EjR2Q,0,0,0,0,1,1
qbEla5,1,1,0,0,0,2
YZzAaW,1,0,0,0,0,1
AlbXlz,,,,,,0
OABNAg,,,,,,0
NABZVl,,,,,,0
0EjWj6,,,,,,0
24x649,1,1,0,0,0,2
dY2yYK,1,1,0,1,0,3
0EjWLN,1,0,0,0,0,1
DVvGNZ,1,0,0,0,0,1
MAdx5M,1,1,1,0,0,3
zKQ6eR,1,1,1,0,0,3
NABZ0l,1,1,1,0,0,3
vNx920,0,1,0,0,0,1
RzB9zj,1,1,1,0,0,3
EPbOJX,,,,,,0
oAVjvM,,,,,,0
9dJK1Q,1,0,0,0,0,1
EPbOPr,,,,,,0
J2k42R,0,1,0,0,0,1
ylqaq4,1,0,1,0,0,2
8dplpx,1,1,0,0,0,2
rlrZLl,1,0,1,0,0,2
eBxX20,1,0,1,0,0,2
DVvGDq,1,1,1,0,0,3
42NboO,1,1,0,0,0,2
dY2yPo,1,1,0,0,0,2
GrBPJo,0,1,0,1,0,2
zKQ6W1,1,0,1,0,0,2
EPbOJN,1,1,1,0,0,3
eBxXL0,1,1,1,0,0,3
EPbO04,1,1,0,1,0,3
PABql5,1,1,1,0,0,3
1r2aEp,1,1,1,1,0,4
1r2avQ,1,0,0,0,0,1
aBrMrq,1,1,1,0,0,3
5dqAEM,1,1,0,0,0,2
rlrZdl,1,0,1,0,0,2
aBrMGB,1,0,1,0,0,2
kYRP51,,,,,,0
PABqX5,1,1,1,0,0,3
ylqaop,1,1,0,0,0,2
5dqAeP,1,0,0,0,0,1
aBrMK9,1,0,0,0,0,1
aBrMEv,1,1,0,0,0,2
MAdxOM,1,1,1,0,0,3
PABqbd,1,0,0,0,0,1
ZdRBP0,1,1,0,0,0,2
g5NoJ1,,,,,,0
VZ16bE,1,1,1,0,0,3
VZ168g,1,1,1,0,0,3
xdNWPy,1,1,0,0,0,2
oAVjyx,1,0,1,0,0,2
ZdRBYz,0,1,0,0,0,1
6dQBOB,1,1,0,0,0,2
QABQr7,1,0,1,0,0,2
aBrM0v,1,0,1,0,0,2
bl4J62,1,1,1,0,0,3
ZdRBRy,1,1,1,1,0,4
DVvGJq,1,0,0,0,0,1
42Nb1b,1,1,1,1,0,4
qbElY2,1,0,0,0,1,2
ZdRBZa,1,1,1,0,0,3
OABNzg,1,0,1,1,0,3
xdNW0o,1,1,1,0,0,3
xdNWPo,0,0,0,1,0,1
kYRPZR,0,1,0,1,1,3
J2k4D4,1,1,0,0,0,2
9dJKo1,1,0,0,0,0,1
kYRPpd,1,1,1,1,0,4
BGbRD5,0,1,0,0,0,1
rlrZlR,1,0,0,0,0,1
AlbXqk,1,1,0,0,0,2
rlrZKN,1,0,0,0,0,1
MAdxAA,0,1,0,0,0,1
AlbXWB,1,1,0,0,0,2
MAdxYp,1,1,1,0,0,3
oAVjKX,1,0,0,1,0,2
rlrZ2M,1,1,1,1,0,4
YZzAx6,1,0,0,0,0,1
bl4JY2,1,1,0,1,0,3
OABNdp,1,1,1,0,0,3
oAVjBP,1,1,0,0,0,2
WAp70N,1,0,0,0,0,1
LdM20v,1,1,0,0,0,2
lNlE46,1,1,0,1,0,3
DVvGbX,,,,,,0
lNlE0W,1,0,0,0,0,1
KMBj08,1,0,1,0,0,2
jB9VJ6,0,0,1,0,0,1
YZzAVq,1,0,0,0,0,1
jB9Vz9,1,0,0,0,0,1
0EjWPy,1,0,1,0,0,2
42NbpB,1,1,1,0,0,3
42NbGd,1,1,0,0,0,2
1r2aNO,1,1,1,0,0,3
PABq2b,1,1,1,0,0,3
NABZBQ,1,0,0,0,0,1
NABZLB,1,0,1,0,0,2
lNlENv,1,0,0,0,0,1
WAp7Pj,1,1,0,0,0,2
rlrZqL,1,1,1,0,0,3
kYRPxZ,1,1,0,0,0,2
24x6JL,1,1,0,0,0,2
AlbX9N,1,0,0,0,0,1
VZ16Zy,1,1,1,0,0,3
9dJK44,1,0,0,0,0,1
YZzAzd,1,1,1,0,0,3
RzB9gQ,1,0,1,0,0,2
XeBbB4,1,1,1,0,0,3
24x67A,1,1,1,1,0,4
zKQ6G8,0,0,0,0,1,1
qbElE7,1,1,1,0,0,3
PABqGd,1,0,0,0,0,1
qbElN8,0,1,1,1,0,3
9dJKWV,1,0,1,0,1,3
rlrZgp,,,,,,0
ylqa04,1,1,0,0,0,2
0EjWZ0,1,1,1,1,0,4
lNlEyv,0,1,0,1,0,2
g5Nok1,1,0,1,0,0,2
1r2a6L,1,1,0,1,0,3
g5NoNd,0,0,0,0,1,1
LdM2qy,1,1,0,0,0,2
DVvGYX,1,1,0,1,0,3
zKQ6OZ,,,,,,0
bl4JE6,0,0,1,0,0,1
xdNWLd,1,0,0,0,0,1
zKQ6gZ,1,1,0,0,0,2
QABQkk,1,1,0,0,0,2
OABNL7,1,1,0,0,0,2
24x6ge,1,1,1,0,0,3
NABZyp,1,1,0,0,0,2
jB9Vk6,0,0,0,0,1,1
VZ16y6,1,1,1,0,0,3
pLP24V,1,1,1,0,0,3
6dQBM5,1,1,1,0,0,3
24x6lA,1,0,1,0,0,2
rlrZQo,1,0,1,0,0,2
42NbNO,1,1,1,0,0,3
jB9VY1,1,0,0,0,0,1
RzB9kP,0,0,0,0,1,1
24x67b,1,1,1,0,0,3
YZzAZJ,1,1,1,0,0,3
zKQ6Za,1,1,1,1,0,4
g5NogM,1,1,1,0,0,3
VZ16MJ,1,1,1,0,0,3
pLP2Pb,1,0,0,1,0,2
LdM2NJ,1,1,0,0,0,2
bl4JOL,1,0,1,0,0,2
bl4Jy7,1,0,0,0,0,1
NABZv0,1,1,1,0,0,3
42NbLk,1,0,0,0,1,2
9dJKvp,1,0,1,0,0,2
6dQB4o,1,0,1,0,0,2
kYRPO6,1,1,0,1,0,3
ZdRBy5,1,1,0,0,0,2
oAVj01,1,0,0,0,0,1
AlbX8D,1,1,0,0,0,2
VZ16Mv,1,0,0,0,0,1
pLP261,1,1,1,0,0,3
vNx9Vg,1,1,0,0,0,2
vNx9K8,1,1,1,0,0,3
qbElBG,1,1,1,0,0,3
7d9kj6,1,1,1,0,0,3
KMBjkK,1,1,0,0,0,2
vNx9z8,,,,,,0
zKQ6Ja,1,1,0,0,1,3
AlbXOy,1,1,0,0,0,2
PABqr0,1,0,0,1,0,2
dY2yXr,1,1,1,1,0,4
jB9VrQ,0,0,0,0,1,1
GrBPq2,0,1,0,0,0,1
7d9k52,1,1,0,0,0,2
0EjW5A,1,1,0,0,0,2
KMBjGK,1,1,0,1,0,3
vNx9gX,0,1,1,0,0,2
bl4J4o,1,1,1,0,0,3
24x6Rb,1,1,1,1,0,4
dY2ygD,1,0,1,0,0,2
ylqar8,1,1,1,1,0,4
DVvG9l,1,0,1,0,0,2
RzB92v,1,0,0,1,0,2
jB9V7x,1,1,1,0,0,3
EPbO6L,1,1,0,0,0,2
jB9VB4,1,1,1,1,0,4
xdNWv9,1,1,1,0,0,3
5dqApP,0,1,1,0,1,3
LdM2k2,1,0,0,0,0,1
vNx9Lv,0,1,0,0,0,1
zKQ64k,1,0,1,1,0,3
5dqAko,1,1,0,0,1,3
pLP2zE,1,0,1,0,0,2
NABZQp,1,1,1,0,0,3
lNlE5V,1,1,1,0,0,3
VZ16Nl,1,0,1,0,1,3
0EjWyA,1,1,1,0,0,3
EPbOel,1,0,1,0,0,2
OABNKa,1,0,1,0,0,2
8dplAA,1,1,0,0,0,2
oAVjpN,1,1,1,0,0,3
1r2agg,1,1,1,1,0,4
EPbOgA,1,1,1,0,0,3
lNlEZX,1,1,1,0,0,3
5dqAgN,1,0,1,0,0,2
RzB9z9,1,0,0,0,0,1
5dqADQ,1,1,1,0,0,3
24x6ze,1,1,0,0,0,2
jB9V21,1,1,0,0,0,2
0EjWGP,1,1,1,0,0,3
aBrMxB,1,0,1,0,0,2
KMBjAg,1,1,1,0,0,3
AlbXGl,1,0,0,0,0,1
9dJKR1,1,1,1,0,0,3
LdM2E1,1,0,1,0,1,3
6dQBzA,1,1,0,0,0,2
dY2yKz,1,0,1,0,0,2
MAdxdX,1,1,0,0,0,2
6dQByN,1,0,0,0,1,2
dY2y1V,1,0,1,0,0,2
42NbAb,1,1,0,0,0,2
rlrZlN,0,1,1,1,0,3
VZ16xN,0,0,1,0,0,1
OABNdK,1,1,1,1,0,4
VZ16oa,1,1,1,0,0,3
zKQ6zR,1,1,0,0,0,2
NABZJQ,1,1,0,0,0,2
lNlE8N,,,,,,0
PABqqe,,,,,,0
ylqa8X,1,0,1,0,0,2
KMBj2X,1,1,0,0,0,2
KMBjbA,,,,,,0
kYRP2R,,,,,,0
jB9VRa,1,1,1,0,0,3
aBrMLB,0,1,0,0,0,1
YZzAAJ,1,1,1,0,0,3
VZ16Ra,,,,,,0
DVvGGZ,,,,,,0
GrBPVL,,,,,,0
9dJK05,1,1,1,1,0,4
24x6G9,1,1,0,0,0,2
rlrZQ2,1,1,0,0,0,2
YZzA1B,1,1,0,0,0,2
xdNW7d,1,1,0,0,0,2
ylqaBg,1,1,0,0,0,2
jB9V84,1,1,0,0,0,2
vNx95D,1,0,1,0,0,2
LdM22p,1,0,0,0,0,1
NABZ2j,1,0,1,0,0,2
RzB9yj,1,0,1,0,0,2
qbElqg,1,1,1,0,1,4
GrBPPk,1,1,0,0,0,2
DVvGQq,,,,,,0
EPbOpX,1,1,1,0,0,3
6dQBgk,1,1,1,0,0,3
VZ16Wy,1,0,0,0,0,1
GrBP8o,1,0,0,0,0,1
MAdxWM,1,0,1,0,0,2
J2k4Po,1,0,1,0,0,2
GrBP2o,0,0,0,1,0,1
1r2a1W,1,0,0,0,0,1
AlbXXz,1,0,1,0,0,2
lNlExk,1,1,0,0,0,2
EPbRko,,,,,,0
g5NoBl,1,1,0,0,0,2
LdM2A1,1,1,1,0,0,3
24x6QL,1,0,0,0,0,1
bl4pZ2,1,1,1,0,0,3
oAVj4V,1,0,1,0,0,2
QABQ6p,1,1,0,0,0,2
XeBbbY,1,1,0,0,0,2
KMBjKV,1,1,1,0,0,3
24x62j,0,1,0,0,0,1
oAVjrV,1,0,1,0,0,2
aBrMWv,1,1,1,0,0,3
9dJK8Q,1,1,0,1,0,3
rlrZZR,1,0,0,0,0,1
pLP2pB,1,1,0,0,0,2
24x6qV,1,0,0,0,0,1
EPbRKq,1,1,1,0,0,3
KMBEYM,1,1,0,0,0,2
qbElrG,1,1,0,0,0,2
1r2aol,0,0,1,0,0,1
RzB9XJ,1,1,1,0,0,3
rlrZ8R,1,0,1,1,0,3
5dq7BM,1,1,1,0,0,3
5dq7KM,1,1,1,0,0,3
oAVP61,1,1,0,0,0,2
1r2ajQ,1,1,0,0,0,2
5dq7bP,0,0,1,0,0,1
DVv8kp,,,,,,0
BGbRPN,1,1,1,1,0,4
YZzABW,1,1,1,0,0,3
zKQ6pq,1,0,1,0,0,2
zKQ9E8,1,0,1,0,0,2
vNxZPX,1,1,1,1,0,4
EPbRzo,1,1,1,0,0,3
9dJkGG,1,1,1,0,0,3
dY2yyK,1,1,1,0,0,3
42N6r5,1,0,0,0,0,1
eBxXOl,1,1,1,1,1,5
7d9krR,1,1,0,0,0,2
PABxD0,1,0,0,0,0,1
24x6qp,1,1,0,0,0,2
ZdR7OA,1,1,1,0,0,3
pLPEBP,1,0,1,0,0,2
YZzA85,1,1,1,0,0,3
AlbgPB,1,0,0,1,0,2
GrBPEL,1,1,1,0,0,3
OABNO7,1,1,1,1,0,4
dY2M0N,1,1,0,1,0,3
oAVP25,1,1,1,0,0,3
VZ1eGE,,,,,,0
jB9RlY,1,1,0,0,0,2
6dQBXB,1,0,1,0,0,2
rlrZzv,,,,,,0
J2kPqY,1,0,0,0,0,1
EPbOGB,1,0,0,0,0,1
eBxJ5E,,,,,,0
ylqQJ6,1,0,1,0,0,2
QABZ2g,1,1,1,0,0,3
EPbRPl,,,,,,0
bl4JPg,1,0,1,0,0,2
vNxZGA,1,1,1,0,0,3
YZz6ZN,1,1,1,1,0,4
0Ej9d0,1,1,1,1,0,4
AlbgBo,0,1,0,0,0,1
0Ej9BQ,1,0,0,0,0,1
1r2eXO,1,1,0,0,0,2
VZ16WM,1,0,0,0,0,1
vNx9oQ,1,1,1,0,0,3
GrBGvj,1,0,0,0,0,1
g5Nl9M,1,1,0,0,0,2
qbEl89,1,1,0,0,0,2
9dJkdE,0,1,0,0,0,1
VZ162v,1,1,1,0,0,3
bl4pVe,1,0,1,1,0,3
lNlG7v,0,1,1,1,0,3
aBrM8q,1,1,1,0,0,3
RzBNoP,1,0,0,0,0,1
EPbRQ2,1,0,1,0,0,2
ZdR7dV,1,1,1,1,0,4
8dpBdl,,,,,,0
xdNqrJ,1,1,0,0,0,2
GrBGlQ,1,1,1,1,0,4
ZdRB40,1,0,0,0,0,1
7d9AW2,1,1,0,0,0,2
PABqMQ,1,1,1,0,0,3
jB9RGa,,,,,,0
0Ej9V0,1,0,0,0,0,1
g5Nl5P,1,0,1,0,0,2
Albgdl,1,1,1,0,0,3
42N6Ak,,,,,,0
zKQ9ME,1,0,0,0,0,1
DVv85N,1,1,0,0,0,2
VZ1e8M,1,1,0,0,0,2
aBrLEb,1,0,1,0,0,2
24x6Wj,1,0,0,0,0,1
pLPEL1,1,1,0,0,0,2
qbErYG,1,1,0,1,0,3
6dQlWP,1,1,0,0,0,2
OAB2Aa,1,1,0,0,0,2
OAB2b7,1,0,0,0,0,1
vNxZMd,1,0,1,0,0,2
eBxXVe,1,1,1,0,0,3
DVvG6Z,0,1,0,0,1,2
QABQqX,1,0,0,0,0,1
ZdR7Dy,,,,,,0
GrBGXp,1,0,0,0,0,1
rlr4PX,1,1,1,0,0,3
LdMr0l,1,1,1,1,0,4
eBxJ00,1,1,1,1,0,4
zKQ90R,1,1,1,1,1,5
J2kPVo,1,1,0,0,0,2
42N6jr,1,1,0,0,0,2
qbErd5,1,1,1,0,0,3
8dpBAO,1,0,1,0,0,2
DVv81l,1,0,0,0,0,1
PABxBV,1,1,1,0,0,3
5dq7jb,1,0,0,0,0,1
1r2ePM,1,0,0,0,0,1
1r2e7b,1,1,0,0,0,2
ZdR71z,1,1,1,0,0,3
LdMrWJ,1,0,1,0,0,2
6dQlOJ,1,0,0,0,0,1
KMBEyk,1,1,0,0,0,2
bl4pNL,1,1,1,0,0,3
xdNq0r,,,,,,0
eBxJYO,,,,,,0
VZ162J,1,0,1,0,0,2
rlr4p5,1,1,1,0,0,3
6dQl1k,1,0,1,0,0,2
aBrLk9,,,,,,0
jB9R0a,1,0,0,0,0,1
5dq786,1,1,1,0,0,3
zKQ92a,,,,,,0
42N6zO,1,0,0,0,0,1
1r2erg,1,1,0,0,1,3
LdMrq2,1,0,0,0,0,1
MAd4VX,1,0,0,0,0,1
42N69k,1,0,0,0,0,1
PABxYe,1,1,1,0,1,4
GrBGy2,1,1,1,0,0,3
EPbRb4,1,1,0,0,0,2
ZdR7ya,1,0,0,0,0,1
bl4Jbo,1,0,1,0,0,2
lNlG96,1,0,1,1,0,3
ZdR7ga,1,1,1,0,0,3
xdNWOy,1,1,1,0,0,3
42N6Ro,1,1,1,0,0,3
zKQ9BZ,1,0,1,0,0,2
5dq7GE,1,1,1,0,0,3
g5NlDN,1,0,0,0,1,2
42N6Do,1,0,1,1,0,3
WApWXL,1,1,1,0,0,3
AlbgaB,1,0,1,0,0,2
xdNqlo,1,0,1,0,1,3
KMBE2z,1,1,0,0,0,2
5dq7xv,1,0,0,0,1,2
QABZZY,1,1,1,1,0,4
MAdx0p,1,1,0,0,0,2
WApWgP,1,1,1,0,0,3
eBxJ8J,1,1,1,0,0,3
42N6Ob,1,1,1,0,0,3
WApWkQ,1,1,1,0,0,3
KMBEEg,1,0,0,0,0,1
6dQldA,1,0,0,0,0,1
rlr40N,1,1,1,1,0,4
DVv8QN,,,,,,0
WApW6L,1,1,1,1,0,4
g5NlBD,1,0,0,0,0,1
QABZOp,1,1,0,0,0,2
KMBEgk,1,0,1,0,0,2
VZ1eAl,0,0,1,0,1,2
YZz62W,1,1,1,1,0,4
OAB2Yg,0,1,1,1,0,3
8dpBBl,1,1,1,0,0,3
VZ1e6j,1,0,0,0,0,1
WApWWe,1,1,1,0,0,3
rlr4e2,0,0,0,0,1,1
6dQlqY,1,1,1,0,0,3
8dpB2A,1,1,1,0,0,3
NABj2p,1,0,1,0,1,3
oAVPaM,1,1,1,0,0,3
DVv89p,1,1,1,0,0,3
jB9RLJ,1,1,1,1,0,4
rlrZXl,1,1,0,0,0,2
XeBbpg,1,1,1,1,0,4
ZdR7e0,1,0,1,0,0,2
WApWQJ,1,1,0,0,0,2
XeBaWz,1,1,1,0,0,3
xdNqzG,1,1,1,0,0,3
WApWxv,1,1,1,1,0,4
AlbgoD,1,0,1,0,0,2
dY2MBK,1,1,0,0,0,2
aBrROv,,,,,,0
jB9jDa,1,1,1,0,0,3
jB9RO4,1,0,1,0,0,2
EPbRj4,0,0,0,1,0,1
8dpX1O,1,1,1,0,0,3
OAB6l8,1,1,0,1,0,3
J2kPNR,1,1,1,0,0,3
ylqBN4,1,0,1,1,0,3
LdMrQp,1,0,1,0,0,2
42N6WX,1,0,0,0,1,2
RzBAWd,1,1,1,0,0,3
oAVq21,1,0,1,0,0,2
BGbyPK,1,1,0,0,0,2
OAB648,1,1,1,0,0,3
KMB9Q8,1,1,0,0,1,3
rlr4zR,1,0,0,0,0,1
5dq7WE,1,0,1,0,0,2
eBxV50,1,0,0,0,0,1
vNxlyd,1,0,1,0,0,2
LdMePG,1,1,1,1,0,4
EPbRyr,1,1,0,0,0,2
vNxZ70,1,1,1,0,0,3
9dJ8D1,1,1,1,0,0,3
WApLzP,1,1,1,1,0,4
NABaJp,,,,,,0
9dJ8Np,1,0,0,0,0,1
AlbEzk,1,1,1,0,0,3
MAdWKM,1,1,1,0,1,4
EPb2PL,1,1,1,0,0,3
xdNAp9,1,1,1,0,0,3
5dqJKo,1,0,0,0,0,1
rlrejl,1,0,1,0,0,2
7d9yRP,1,0,1,0,0,2
rlre6L,1,1,1,0,0,3
DVvjzj,1,1,0,0,0,2
dY2Oqo,1,1,0,0,0,2
AlbE6y,1,1,1,0,0,3
pLPQP1,,,,,,0
J2kQlJ,1,1,1,1,1,5
EPb20A,1,0,0,0,0,1
BGbrD1,1,1,1,1,0,4
RzBABK,1,0,0,0,0,1
oAVqB5,1,1,1,0,0,3
ylqB9p,1,0,0,0,0,1
xdNAQE,1,0,0,0,0,1
1r2LM4,1,1,0,1,0,3
rlredX,1,1,1,0,0,3
vNxlql,1,1,0,0,0,2
XeBplg,1,1,0,0,0,2
EPb2do,1,1,0,0,0,2
24xW0D,0,1,1,0,0,2
oAVqvP,1,0,0,0,0,1
J2kQMR,0,1,1,0,0,2
lNlxDk,1,1,1,1,1,5
ylqBx6,0,1,1,0,0,2
GrBZqL,1,1,1,1,0,4
lNlxzk,1,0,0,0,0,1
ZdRMve,1,1,1,0,0,3
jB9jga,1,1,1,0,0,3
aBrRzB,1,1,1,0,0,3
oAVq0b,1,0,1,0,0,2
XeBpQg,1,1,1,0,0,3
pLPQ48,1,1,1,0,0,3
8dpXyx,,,,,,0
oAVqaV,,,,,,0
6dQgAY,1,0,1,0,0,2
xdNAoy,1,1,0,1,0,3
ylqBoX,1,0,0,0,0,1
eBxV8q,1,1,1,0,0,3
oAVqa1,1,0,0,0,0,1
24xpyV,1,0,1,0,0,2
0EjKGN,1,1,1,0,0,3
1r2LyW,1,0,0,0,0,1
NABavG,1,1,0,0,0,2
oAVq6P,1,1,0,0,0,2
YZz1bq,1,0,0,0,0,1
EPb2gX,1,0,1,0,0,2
PAB78B,1,0,1,0,0,2
8dpX8r,1,1,1,0,0,3
WApLda,1,1,0,0,0,2
0EjKy6,1,1,1,0,0,3
YZz1A0,1,0,0,0,0,1
g5NEKJ,,,,,,0
xdNA59,1,1,1,0,0,3
dY2Ooz,1,1,0,0,0,2
NABaRj,1,1,0,0,0,2
QABbZl,1,0,0,0,0,1
5dqJoM,1,0,0,0,0,1
rlreXp,1,1,0,0,0,2
8dpXYA,0,1,0,0,0,1
KMB9AM,1,0,0,0,0,1
WApLLL,1,0,1,0,0,2
AlbEVy,1,1,1,1,0,4
vNxl7g,1,0,1,0,0,2
GrBZNe,1,1,1,0,0,3
YZz18v,1,1,1,0,0,3
AlbkLk,,,,,,0
7d9yy6,1,0,1,0,0,2
ylqB1g,1,1,0,1,0,3
PAB7M1,0,0,1,0,0,1
zKQVxM,1,1,0,0,0,2
lNlx8p,1,1,1,0,0,3
5dqNjo,1,0,0,0,0,1
GrBMKZ,,,,,,0
jB9j11,1,1,1,1,1,5
5dqJYM,1,1,1,0,0,3
kYR2Dr,0,0,0,0,1,1
zKQV7a,1,1,0,0,0,2
8dp9Nz,1,0,1,0,0,2
vNxlRX,1,0,0,0,0,1
9dJe7p,1,1,1,0,0,3
VZ1Kkj,1,0,1,0,0,2
WAp48j,1,0,1,0,0,2
MAdWMA,1,1,0,0,0,2
xdNGXv,1,0,0,0,0,1
PABo6b,1,1,1,0,0,3
OAB6OM,1,0,1,0,0,2
6dQqO5,,,,,,0
kYR2Ld,1,1,1,0,0,3
0Ej4MZ,1,0,1,0,0,2
BGbvpQ,1,0,0,0,0,1
8dp9L5,1,0,0,0,0,1
8dp9po,,,,,,0
EPbpKr,1,1,1,0,0,3
MAd0AX,1,0,1,0,0,2
DVvLzq,1,1,0,0,0,2
XeBjEd,1,1,1,1,0,4
OABRPK,1,1,0,0,0,2
qbEyL9,0,1,0,0,0,1
AlbkDW,1,1,0,0,0,2
bl4axo,1,0,1,0,0,2
DVvLV5,1,1,1,0,0,3
8dp9jk,0,0,0,1,0,1
24x2LA,1,1,1,0,0,3
GrBM1j,1,1,0,0,0,2
1r2L1g,1,1,1,0,0,3
9dJelG,1,0,0,0,0,1
xdNG0E,1,1,1,0,0,3
24x2vA,1,0,0,0,0,1
LdM8M2,1,1,0,0,0,2
MAd0Ml,,,,,,0
jB9KW6,1,1,0,0,0,2
NABz8N,1,1,0,0,0,2
bl4aL2,1,0,1,0,0,2
J2ky8z,1,0,0,0,0,1
ZdRxV0,1,1,1,0,0,3
PABo0Q,1,0,0,0,0,1
g5NBYM,,,,,,0
0Ej4lB,1,1,0,0,0,2
QABGxl,1,0,1,0,0,2
24x2DM,1,1,1,0,0,3
MAd0qA,1,1,1,0,0,3
ZdRxgB,1,1,1,0,0,3
lNlp2B,1,1,1,0,0,3
42NZeo,,,,,,0
RzBOa9,0,0,0,0,1,1
GrBMjZ,1,0,0,0,0,1
YZz2Ad,1,1,0,0,0,2
dY274o,1,0,1,0,0,2
PABoP1,1,1,0,0,0,2
GrBMEp,1,1,0,0,0,2
24x2qb,,,,,,0
NABz2Q,1,0,0,0,0,1
g5NB6d,1,1,1,0,1,4
aBrWJv,1,1,1,0,0,3
42NZA5,1,1,0,0,0,2
RzBOyJ,1,0,0,0,0,1
lNlp8B,0,0,1,1,0,2
EPbp2o,1,0,0,0,0,1
VZ1rGy,1,0,0,0,1,2
kYRqad,1,0,0,0,0,1
0Ej4X0,1,1,1,0,0,3
eBxbko,1,1,1,0,0,3
lNlQrN,,,,,,0
bl4P96,1,1,1,0,0,3
MAd0WY,1,1,1,0,0,3
9dJe8G,1,0,0,0,0,1
vNxkjX,0,0,0,0,1,1
VZ1rXg,1,1,1,0,0,3
zKQVV8,1,1,1,0,0,3
QABGgl,1,0,0,0,0,1
EPb9ll,1,1,0,0,0,2
24x26V,1,1,1,0,0,3
AlbZBe,1,1,0,0,0,2
ylqLXd,0,1,0,0,0,1
qbEyyd,1,0,1,0,0,2
KMBbM8,1,1,1,0,0,3
9dJVXE,1,1,0,0,0,2
zKQl7M,1,1,0,1,0,3
pLParP,1,0,1,0,0,2
VZ1g0g,1,0,0,0,0,1
GrBW9e,1,0,0,0,0,1
aBrWpq,1,1,0,0,0,2
8dpOeO,,,,,,0
5dqRxZ,1,1,0,0,0,2
jB9Ne1,1,1,1,0,1,4
KMBbo8,1,1,0,0,0,2
DVvQKl,1,1,0,1,0,3
dY2rYo,1,1,0,1,0,3
24x2Jb,1,1,1,0,0,3
KMBbkK,,,,,,0
ylqL9x,0,0,1,0,0,1
BGbNGQ,1,0,1,0,0,2
g5N2AO,1,1,0,0,0,2
eBx4zJ,1,0,1,0,0,2
eBx4lx,,,,,,0
VZ1gxN,1,1,1,0,0,3
EPb9Y2,1,1,0,0,0,2
XeBX9e,1,0,0,0,0,1
oAVWQN,1,1,0,0,0,2
6dQoVo,1,1,1,0,0,3
vNxkK8,1,1,0,0,0,2
NABzGb,1,1,1,1,0,4
EPb9El,1,0,0,0,0,1
pLPgv1,1,1,0,0,0,2
24x2lM,0,1,0,0,0,1
OABRKR,1,1,1,1,0,4
24xpWb,1,0,0,0,0,1
lNlxeW,1,1,1,0,0,3
OAB6ER,1,0,0,0,1,2
DVvQbX,1,0,0,0,0,1
jB9jR9,1,1,1,1,0,4
KMBbAX,1,1,1,0,0,3
rlr7bo,1,1,1,1,0,4
RzBppJ,,,,,,0
J2k7jK,0,0,0,0,1,1
ZdR0bB,1,0,0,0,0,1
bl4P1Z,1,0,0,0,0,1
bl4Pag,1,1,1,0,0,3
1r28gg,1,1,1,0,0,3
BGbNr5,1,1,0,0,0,2
42NeXb,1,1,1,0,0,3
GrBWAZ,1,1,1,0,0,3
xdNKWr,1,1,1,1,0,4
9dJVkQ,1,1,0,0,0,2
OABvZY,1,0,0,0,0,1
42NeJo,1,1,0,0,0,2
ylqV46,1,0,1,0,0,2
pLP8oy,1,1,0,0,0,2
5dqW9v,1,1,0,0,0,2
NABG0O,,,,,,0
ylqVl8,1,1,1,1,0,4
0EjNE9,1,1,1,0,0,3
kYRMEZ,1,0,0,0,0,1
8dp7Zk,1,1,0,0,0,2
WApxEL,0,0,1,1,0,2
EPbyLB,1,1,1,0,0,3
GrB8Qo,,,,,,0
xdNOZv,1,0,1,0,0,2
24x02L,1,1,1,0,0,3
WApxeN,1,0,1,0,0,2
J2k5Vo,1,1,0,0,0,2
VZ129g,1,1,0,0,0,2
NABGBl,1,0,1,0,0,2
VZ12oJ,1,1,0,0,0,2
J2k5Md,1,0,0,0,0,1
EPbyvX,1,1,0,0,0,2
VZ12yl,,,,,,0
oAVXgX,1,0,0,0,0,1
qbE0ek,1,0,0,0,0,1
g5NKXM,1,0,1,0,0,2
EPbyOl,,,,,,0
24xQRp,1,1,0,0,0,2
dY2BOd,,,,,,0
PABVoe,,,,,,0
xdNO19,1,1,0,0,0,2
zKQPLq,1,1,1,0,0,3
vNxoVX,0,1,0,0,0,1
24xQGe,1,0,0,0,0,1
eBxkrJ,1,0,1,0,0,2
rlrzbp,0,1,1,0,0,2
xdNOWd,1,0,0,0,0,1
qbE09g,1,1,1,0,0,3
VZ12rM,1,1,0,0,0,2
pLPlyV,,,,,,0
GrB8jz,1,0,0,0,0,1
pLPlbq,1,0,0,0,0,1
24xM8L,1,1,1,0,0,3
QABP67,1,0,0,0,0,1
6dQaoJ,1,1,1,0,0,3
PABVZx,1,1,1,0,0,3
RzB7Pp,,,,,,0
QAB6Mg,,,,,,0
OABWXK,1,1,1,0,0,3
ylqWYp,1,1,0,0,0,2
VZ1kGv,1,1,1,1,0,4
bl40qo,1,0,0,0,0,1
NABelG,1,1,0,0,0,2
5dqy9M,1,1,1,0,0,3
kYRVEJ,1,1,1,0,0,3
Alb1GN,0,0,1,0,0,1
rlrxo5,1,0,0,0,0,1
OABW5A,1,1,0,0,0,2
zKQPpR,1,0,1,0,0,2
WApvYR,1,0,0,0,0,1
xdNOlo,1,1,1,0,0,3
NABe7W,1,0,1,0,0,2
aBr8zB,1,1,1,0,0,3
MAd98k,1,1,1,0,0,3
xdNel5,1,1,1,0,0,3
xdNe6r,1,0,0,0,0,1
42NgdO,1,0,1,0,0,2
5dqyVo,1,1,0,0,0,2
QAB6JY,1,1,1,0,0,3
DVvl9b,,,,,,0
DVvlbq,1,1,1,0,0,3
qbE2M2,1,0,1,0,0,2
5dqyoM,0,0,0,0,1,1
24xMzp,1,1,1,0,0,3
42NgEk,1,1,0,1,0,3
XeBKAd,,,,,,0
RzB7Qp,1,1,0,0,0,2
GrB2GQ,1,0,0,0,0,1
MAd9WE,1,0,0,0,0,1
oAV4YX,1,1,1,0,0,3
g5NRxN,1,1,0,0,1,3
42NgM5,1,0,0,0,0,1
lNlPqW,1,0,0,0,0,1
aBr8JE,1,0,0,0,0,1
42Ne8r,1,0,1,0,0,2
LdMQxO,,,,,,0
XeBK0d,1,1,0,0,0,2
8dp00l,,,,,,0
ZdRpqV,1,1,0,0,0,2
24xM5V,1,1,1,0,0,3
24xqAj,,,,,,0
OABWqp,1,1,1,0,0,3
9dJzzE,1,1,1,0,0,3
7d9809,,,,,,0
dY258K,1,0,1,0,0,2
YZzEjJ,1,0,1,0,0,2
PABMpV,1,1,1,1,0,4
xdNkX5,0,1,0,0,0,1
LdMA7v,1,0,1,0,0,2
1r2Zb4,,,,,,0
XeBKZP,1,0,1,0,0,2
jB9dPx,1,0,1,0,0,2
42NWaY,1,1,1,0,0,3
KMBq7X,1,0,0,0,0,1
oAVry1,0,1,1,0,0,2
QABgJk,1,1,1,0,0,3
DVvl6p,1,0,0,0,0,1
8dpveY,1,1,1,0,0,3
DVvrvp,1,1,0,0,0,2
ylqKZX,1,0,1,1,0,3
EPbjYr,,,,,,0
VZ1RYl,1,1,1,0,0,3
rlrNpR,1,0,0,0,0,1
vNx710,1,0,0,0,0,1
DVvrMl,1,1,1,0,0,3
bl4B20,0,0,1,0,0,1
WApGZk,1,1,1,0,0,3
7d9BgZ,1,1,0,0,0,2
PABaYx,1,0,0,0,0,1
GrBNyk,1,1,1,0,0,3
vNx7pD,1,1,1,0,0,3
24xqzL,1,0,0,1,0,2
XeBVpd,,,,,,0
J2kayY,,,,,,0
jB9O5J,1,0,1,1,0,3
aBrbpq,1,1,1,1,0,4
XeBVZV,,,,,,0
rlrx85,1,1,1,0,0,3
eBxdOE,1,1,1,0,0,3
BGbO2e,1,1,0,0,0,2
NABKaW,1,1,1,0,0,3
g5NyOD,1,0,1,0,0,2
ylqKLW,1,0,1,0,0,2
ylqK54,1,1,1,0,0,3
ZdR4pA,1,0,1,0,0,2
jB9dOY,1,0,1,0,0,2
1r2ZLO,1,1,1,0,0,3
qbYZaO,1,1,0,0,0,2
AlboEW,1,1,0,1,1,4
BGL4dR,1,1,1,0,0,3
jB0DlJ,1,1,0,0,0,2
eBNZDx,1,0,1,0,0,2
J2VKAR,1,0,1,0,0,2
jB0DQ4,1,0,0,0,0,1
0Ebr79,1,0,0,0,0,1
qbYZR9,1,1,1,0,0,3
yl0ZDB,1,1,0,0,0,2
xd0xPo,1,0,0,0,0,1
XeRlWY,1,1,1,0,0,3
eBNZA0,1,0,1,0,1,3
6d1J4N,,,,,,0
J2VKgX,,,,,,0
aBjN4X,0,0,1,0,0,1
VZ9EVv,1,1,1,0,0,3
yl0Zep,1,0,1,0,1,3
7dJlza,,,,,,0
XeRlQe,,,,,,0
WAe90j,1,0,1,1,0,3
dYZqdK,0,0,1,0,0,1
Al6PLz,1,1,1,0,1,4
eBNZzJ,1,0,0,0,0,1
J2VKGX,1,1,0,0,0,2
PABaAP,1,1,0,0,0,2
YZoDgv,1,0,0,0,0,1
24b8Y9,,,,,,0
ZdG5yV,1,0,0,0,0,1
RzZK14,,,,,,0
LdE14p,,,,,,0
QAx2qG,1,1,0,0,0,2
bl2Vy6,1,0,0,0,0,1
Grovo2,1,0,1,0,0,2
0Ebry9,1,1,1,1,0,4
PA2jNB,1,1,1,0,0,3
VZ9Eyj,1,0,1,0,0,2
lN0DEk,,,,,,0
WAe9GJ,1,0,0,0,0,1
eBNZdq,1,1,1,0,0,3
pL0xab,,,,,,0
BGL4r5,1,1,0,0,0,2
KMPQ9A,1,0,1,0,0,2
1rbP1M,1,1,1,1,0,4
6d18jo,,,,,,0
EPBkqq,1,1,1,0,0,3
MArKXl,1,1,1,1,0,4
24bEBg,1,1,1,0,0,3
yl0PXW,1,0,0,0,0,1
zK0xYg,1,0,1,0,0,2
RzZG44,1,0,1,1,0,3
42142r,1,1,1,0,0,3
BGLzXe,1,1,0,0,0,2
MAreLA,1,0,1,0,0,2
OAjDGM,1,0,0,0,0,1
rl0jGl,,,,,,0
jB0aW4,1,0,0,0,0,1
xd0Xy5,,,,,,0
dYZWjK,1,0,1,0,0,2
pLPjdJ,1,1,1,0,1,4
EPBkPl,1,1,1,0,0,3
0EbQbN,1,1,0,0,0,2
yl0PeB,1,0,0,0,0,1
Grox5j,,,,,,0
8dJ1rA,0,1,0,0,1,2
4214qo,1,0,1,0,0,2
aBjQgW,1,1,0,0,0,2
aBjQyy,1,0,1,0,0,2
jB0ap9,1,1,1,0,0,3
7dJRez,1,1,1,0,0,3
BGLz71,1,0,0,0,0,1
NA4p5W,1,1,0,0,0,2
6d18eo,1,0,1,0,0,2
lNlQkv,1,1,0,0,0,2
8dJoAY,1,0,0,0,1,2
6d18yo,1,1,0,0,0,2
OAjD6g,,,,,,0
dYZWer,1,0,0,0,0,1
YZo58J,1,0,1,0,0,2
8dJ175,0,0,1,0,0,1
XeRxKg,1,1,1,0,0,3
oA09eX,,,,,,0
rl0jRp,1,1,1,1,1,5
MAr1DY,1,0,0,0,0,1
rl0DO5,1,0,1,0,0,2
bl2Z70,1,0,0,0,0,1
QAxoJY,,,,,,0
421a7B,0,1,0,0,0,1
vN0XBX,1,0,0,0,0,1
yl0XYW,1,0,0,0,0,1
NA4q0p,1,0,1,0,0,2
7dJXK9,1,0,1,0,0,2
WAeJek,1,1,1,0,1,4
Al6rdo,0,0,0,0,1,1
rl0DvN,,,,,,0
yl0Xdg,0,1,1,0,0,2
KMPpk8,0,0,0,0,1,1
rl0DJN,1,0,0,0,0,1
6d1DWJ,1,0,0,0,0,1
zK0EJk,1,1,1,0,1,4
8dJNGr,1,1,1,0,0,3
XeR5zg,1,0,1,1,0,3
bl25aZ,1,0,1,0,0,2
VZ9pXE,,,,,,0
DVXqPb,,,,,,0
xd0Vgo,1,1,1,0,0,3
9d6NaY,1,0,0,0,0,1
g5QbLJ,1,1,1,0,0,3
OAjQg8,1,1,1,0,0,3
PA2RWQ,1,0,0,0,0,1
PA2RLd,1,0,1,0,0,2
qbY58k,1,0,1,0,0,2
J2V17r,,,,,,0
LdEDeJ,0,0,1,0,0,1
g5QbEJ,1,1,0,0,0,2
xd0VLG,1,1,1,0,1,4
RzZWAQ,1,1,1,0,0,3
kY0bMr,1,0,1,0,0,2
YZojoW,1,0,0,0,0,1
6d1L8J,,,,,,0
0EbV9P,1,1,1,0,0,3
oA09Xb,1,1,1,0,0,3
MArXNp,,,,,,0
bl2ZB1,1,1,1,0,0,3
jB0ZZa,1,1,1,1,0,4
dYZENo,1,0,0,0,0,1
7dJqKP,,,,,,0
aBj94v,1,1,1,1,0,4
pL0ryq,1,0,1,0,0,2
qbYLA2,1,0,0,0,0,1
24bX4p,1,1,1,1,0,4
oA0E9P,1,0,0,0,0,1
PA2pOb,0,1,0,0,0,1
eBNMEE,1,1,1,0,0,3
XeRLLg,1,0,0,0,0,1
yl0Mjd,1,0,0,0,0,1
NA4rNQ,,,,,,0
1rbXOl,1,1,0,0,0,2
Al6zN0,1,0,1,1,0,3
24bXgj,1,0,1,0,0,2
EPBK7o,,,,,,0
YZoPDW,1,1,0,0,0,2
lN0BYo,1,0,1,0,0,2
yl0Mgx,1,0,1,0,0,2
dYZEVo,1,1,0,0,0,2
EPBKpL,1,1,1,0,0,3
jB0Z4E,1,1,1,1,0,4
Al6zgW,1,0,0,0,0,1
9d6BKG,0,0,0,0,1,1
vN0rj4,1,0,0,0,0,1
LdEZRv,1,1,1,0,0,3
RzZxOP,1,0,0,0,0,1
dYZELD,0,0,0,0,1,1
oA0D9b,1,1,1,0,0,3
DVXKql,1,0,0,0,0,1
MArXjX,1,1,1,0,0,3
7dJbL0,1,1,1,0,0,3
OAjlzR,0,0,1,0,0,1
0Eb7MN,1,1,0,0,0,2
qbYaBY,1,0,1,0,0,2
aBjeBv,0,1,0,0,0,1
RzZd4d,1,1,0,0,0,2
yl0Nx4,1,1,0,1,0,3
VZ9j8J,1,1,1,0,0,3
XeRrBO,1,1,1,1,0,4
ZdG8b0,1,0,1,0,1,3
XeRrOd,1,1,0,0,0,2
6d1eA5,1,0,1,0,0,2
24bBlb,,,,,,0
kY09zd,1,1,0,0,0,2
9d6XPV,,,,,,0
6d1epo,1,1,1,0,0,3
zK0NRM,,,,,,0
bl29y1,1,1,0,0,0,2
lN0qY6,1,1,1,0,0,3
RzZd2Q,1,1,1,0,0,3
eBND8k,1,1,0,0,0,2
lN0BDN,1,0,0,0,1,2
24bXyj,1,1,0,0,0,2
RzZdlK,1,0,0,0,0,1
YZoR15,1,0,0,0,0,1
g5QeBd,0,0,0,0,1,1
kY09M6,1,0,0,0,0,1
XeRJxV,1,0,0,0,0,1
EPBddA,1,1,1,0,0,3
kY0eNZ,1,0,0,0,0,1
VZ9QGl,1,0,0,0,0,1
vN0eAl,1,1,0,0,0,2
EPBdQl,1,1,0,0,0,2
1rbd4b,,,,,,0
DVXkeZ,1,0,0,0,0,1
RzZM8d,1,0,1,0,0,2
QAxe0G,1,0,0,0,0,1
RzZMvJ,1,0,1,0,0,2
8dJapO,1,0,1,0,0,2
dYZaZq,1,1,1,0,0,3
pL0y5E,1,1,1,0,0,3
8dJa6x,1,1,0,0,0,2
7dJLP9,1,1,1,0,0,3
DVXkPX,1,1,1,0,0,3
ZdGEWv,0,1,0,1,0,2
6d1jYN,1,0,0,0,0,1
EPBde2,1,0,1,0,0,2
WAeEMN,1,0,1,0,0,2
PA21Nx,1,0,1,0,0,2
jB06VJ,1,1,1,1,0,4
OAj46g,1,0,0,0,0,1
VZ9Qvv,1,0,0,0,0,1
KMP57A,1,1,0,1,0,3
oA0RGM,,,,,,0
42178d,,,,,,0
bl2j0g,1,0,1,1,0,3
PA29Rb,1,0,0,0,0,1
KMPxY7,1,0,0,0,1,2
9d6ZDK,1,0,1,1,0,3
aBj4EZ,,,,,,0
zK0M20,1,1,0,0,0,2
MAra58,1,1,1,1,0,4
jB0ovx,1,1,1,0,0,3
dYZ08o,0,0,0,0,1,1
PA29Pb,1,1,0,0,0,2
xd0Dlr,1,0,0,0,0,1
J2VlWo,1,1,0,0,0,2
dYZ0pA,1,0,0,0,0,1
aBj40Z,1,1,1,0,0,3
7dJKYz,1,1,1,1,0,4
MAraqY,1,0,0,0,0,1
WAeRaL,1,1,0,0,0,2
XeRoaz,1,1,0,0,0,2
VZ9Pya,1,1,1,1,0,4
24bAoL,1,1,1,0,0,3
6d1KqA,1,1,1,0,0,3
EPBlyl,,,,,,0
WAeRxk,1,1,0,0,0,2
5dl90b,1,0,1,0,1,3
OAjXOY,1,1,1,0,0,3
RzZojd,1,0,1,0,0,2
24bA0e,1,1,1,1,0,4
421KXY,1,1,0,0,0,2
EPBxlN,,,,,,0
oA026x,1,0,0,0,0,1
8dJZzO,1,0,0,0,0,1
OAj7zK,,,,,,0
8dJZN5,1,1,0,0,0,2
YZo4r0,,,,,,0
EPBxxN,1,1,0,0,0,2
6d1Zx5,1,1,1,0,0,3
lN060X,1,0,0,0,0,1
421K15,1,1,1,1,0,4
WAeRVL,1,0,1,0,1,3
zK07oa,,,,,,0
vN0Pp0,,,,,,0
oA02LX,,,,,,0
7dJN5Z,1,0,0,0,0,1
VZ9z7v,,,,,,0
J2VOgo,1,1,1,0,0,3
eBNRqx,1,0,1,0,0,2
9d67bK,1,0,1,0,0,2
421r7Y,1,1,0,0,0,2
WAezOe,1,0,1,0,0,2
YZoajN,1,0,0,0,1,2
EPBWPX,1,0,0,0,0,1
24bX0b,1,0,1,0,0,2
LdEPgv,1,0,0,0,0,1
BGL7D7,1,1,1,1,0,4
QAxRll,1,0,1,0,1,3
LdEpLj,1,0,0,0,0,1
eBNRJO,1,0,0,0,0,1
rl0Pev,1,1,1,0,0,3
eBNRVO,,,,,,0
6d1NEP,1,0,1,0,0,2
pL0OXB,1,1,1,1,0,4
VZ95pl,,,,,,0
rl0ABp,1,1,0,0,0,2
oA0MD5,1,0,0,0,0,1
421x2Y,1,0,0,0,0,1
PA25pP,1,1,1,1,1,5
bl2xOZ,1,0,0,0,0,1
VZ9Jzy,1,1,1,0,0,3
Al6Lvy,1,1,0,0,0,2
aBjYvE,1,1,0,0,0,2
VZ95xl,1,1,0,0,0,2
GrodaO,1,1,1,0,0,3
EPBQjN,1,1,1,0,0,3
7dJ26P,1,0,1,0,0,2
PA26z0,1,0,1,0,0,2
PA2690,1,1,1,0,0,3
OAj56R,1,0,1,0,0,2
jB0yy1,1,0,0,0,0,1
LdEbJl,1,0,1,0,0,2
7dJW4R,1,0,1,0,0,2
OAjzjg,1,1,1,0,0,3
dYZ62d,1,1,1,0,0,3
KMP6W8,1,1,0,0,0,2
GrozzO,1,0,0,0,0,1
RzZ0Y4,1,0,0,0,0,1
8dJQar,1,0,0,0,0,1
KMPl5D,1,0,0,0,0,1
qbYDVO,1,0,0,0,0,1
PA2D2d,1,1,0,0,0,2
DVXNMq,,,,,,0
WAeN6Q,1,0,1,0,0,2
8dJKgY,1,0,0,0,0,1
DVXNop,1,0,1,0,0,2
YZoQK6,0,1,1,0,0,2
ZdGNey,1,1,0,0,0,2
zK0qVk,1,0,1,0,0,2
Al6dOW,1,1,1,0,1,4
RzZ01P,1,1,1,0,0,3
VZ90e6,0,0,0,0,1,1
zK0qR8,0,1,1,0,0,2
J2V26Y,1,1,0,1,0,3
RzZzMJ,1,0,0,0,0,1
XeReMe,1,0,1,0,0,2
bl2lkE,1,1,1,0,0,3
Gror7k,,,,,,0
oA0AgP,1,1,0,0,0,2
RzZzg9,1,1,0,0,0,2
QAxAqg,1,1,1,0,0,3
Al6lgN,1,0,0,0,0,1
RzZ4x4,1,1,0,0,0,2
bl2klo,1,1,1,1,0,4
KMPMg8,1,1,0,0,1,3
PA2Eq5,1,0,1,0,0,2
24brbV,1,1,0,0,0,2
vN020Q,1,0,0,0,0,1
yl0D7W,1,1,0,0,0,2
xd0Z4G,1,1,0,0,1,3
pL0VEB,0,1,0,0,0,1
PA2E9V,1,0,1,0,0,2
lN0LKk,1,1,1,0,0,3
bl2LeE,1,0,0,1,0,2
rl0L9M,,,,,,0
zK0rDa,,,,,,0
RzZYXK,1,1,0,0,0,2
oA0dW5,1,0,0,0,0,1
OAjJ0K,1,0,0,0,0,1
yl0EqW,1,1,1,0,0,3
dYZDzr,,,,,,0
rl0dJp,1,1,0,0,0,2
zK0rl8,,,,,,0
24bxPD,,,,,,0
QAxB11,1,1,1,0,0,3
7dJ9VA,1,1,0,0,0,2
kY005o,1,0,1,0,0,2
8dJJGz,1,1,1,0,0,3
zK00O8,1,1,1,1,0,4
6d1rZe,1,1,1,1,0,4
1rbD1L,,,,,,0
RzZv5d,1,0,0,0,0,1
rl0J0M,,,,,,0
RzZVaP,,,,,,0
NA4d6b,,,,,,0
1rb6OQ,,,,,,0
PA2krV,1,0,1,0,0,2
BGL0v1,1,1,1,0,0,3
RzZjd9,,,,,,0
PA2rZb,,,,,,0
0EbG0A,1,1,1,0,0,3
0EblMP,,,,,,0
QAxXXp,1,0,0,0,0,1
VZ9yLy,1,0,1,0,0,2
dYZVYz,1,1,1,1,0,4
421dxO,1,1,1,0,0,3
g5QpyD,1,0,0,1,0,2
ZdGyJa,1,1,0,0,0,2
6d159J,1,1,1,0,0,3
9d6yGX,1,0,0,0,0,1
EPBEDN,1,1,1,0,0,3
OAj9JK,1,0,0,0,0,1
VZ9APy,1,0,0,0,0,1
zK02pE,1,1,1,0,0,3
pL09rJ,1,0,1,0,0,2
vN01zX,1,0,0,0,0,1
dYZ1Ly,1,1,0,0,0,2
yl0p26,1,1,1,0,0,3
xd0LMk,1,1,1,0,0,3
0EbyNZ,1,0,0,0,1,2
EPBrrA,1,1,0,0,0,2
KMPNqA,,,,,,0
dYZ4Lq,1,1,0,0,0,2
aBjPVB,1,0,0,0,0,1
PA2LNd,,,,,,0
WAeXWR,1,0,1,0,0,2
Al6NMo,0,1,0,0,0,1
RzZQG9,1,0,0,0,0,1
pL0X88,1,0,0,0,0,1
YZoXgd,1,0,0,0,0,1
Al6Ypk,1,0,1,0,0,2
xd07Jo,1,1,0,0,0,2
bl2XQ0,1,0,0,0,0,1
XeRdOY,1,1,0,0,0,2
421Y15,1,0,0,0,0,1
yl0pvg,1,1,1,0,0,3
kY04pR,1,1,1,0,0,3
WAe6Bj,1,0,0,0,0,1
EPBGrX,1,1,1,0,0,3
GroVAj,1,0,0,0,0,1
RzZQyl,0,1,0,0,0,1
YZob20,1,0,0,0,0,1
VZ9aKE,1,0,0,0,0,1
4210X5,1,1,1,0,0,3
BGLoze,1,0,1,0,0,2
kY04Md,1,1,0,0,0,2
yl0bW6,1,0,0,1,0,2
bl2RdL,1,1,0,0,0,2
jB0r8R,1,1,1,1,0,4
EPBVKl,1,0,1,0,0,2
aBjJeX,1,1,0,0,0,2
MArZAp,1,1,0,0,0,2
NA4vpQ,,,,,,0
Al6YG0,1,1,0,0,0,2
xd0byG,1,0,1,0,0,2
ZdGkZA,1,0,0,0,0,1
xd0bvk,1,0,1,0,0,2
421Yyk,1,0,0,0,0,1
vN069v,1,1,1,0,0,3
QAx9Ol,1,1,1,0,0,3
zK0B5a,1,1,1,0,0,3
7dJ0a6,1,1,1,0,0,3
bl2RPe,1,0,0,0,0,1
LdExxv,1,0,0,0,0,1
xd0bKG,1,1,0,0,0,2
ZdGb5v,1,0,0,0,0,1
aBjpNy,1,1,1,1,0,4
7dJ7L2,1,1,1,0,0,3
ZdGb8A,1,1,1,0,0,3
WAeaYN,1,1,1,0,0,3
421lqd,1,1,0,0,0,2
KMPrWM,1,1,0,1,0,3
NA42jj,1,0,1,0,0,2
5dlaPZ,1,0,1,0,0,2
1rbQLl,1,0,1,0,0,2
VZ9WWj,1,1,1,1,0,4
J2VE7o,1,0,1,0,0,2
pL0prV,1,0,0,0,0,1
8dJ4kr,,,,,,0
8dJbO5,1,1,1,0,0,3
BGLWAQ,,,,,,0
MArpbE,1,1,0,0,0,2
EPB7JB,1,1,1,0,0,3
bl2QVo,1,1,1,1,0,4
1rbogO,1,0,1,0,0,2
ZdGrXv,1,0,0,0,0,1
5dlP0b,1,1,1,1,0,4
yl0574,1,0,1,0,0,2
7dJYrL,1,0,1,0,0,2
pL0p0B,0,0,0,0,1,1
NA41kO,1,1,0,0,0,2
RzZ9Md,1,1,1,1,0,4
EPBVEB,1,1,1,1,0,4
LdE2P1,1,0,1,0,0,2
1rbav4,1,0,1,0,0,2
YZoAkW,,,,,,0
zK06rZ,1,1,1,0,0,3
qbYlJg,1,1,1,0,0,3
24b6lD,1,1,0,0,0,2
YZolB0,1,0,0,0,0,1
WAe71v,1,1,1,0,0,3
5dlAod,1,0,0,0,0,1
J2V4BR,1,1,0,0,0,2
6d1Bx5,1,1,0,0,0,2
aBjMgv,1,1,1,1,0,4
LdE2B1,1,1,1,0,0,3
GroPMQ,1,1,1,0,0,3
8dJlOk,1,0,0,0,0,1
421be5,,,,,,0
yl0aKd,1,0,0,0,0,1
NA4Zep,,,,,,0
LdE2AJ,1,1,1,0,0,3
ZdG7oB,1,1,1,0,0,3
OAj2QY,1,1,1,0,0,3
QAxZKY,0,1,1,0,0,2
VZ9eEj,1,1,0,0,0,2
QAxZoX,1,1,1,0,0,3
24bWa9,1,1,1,0,0,3
RzZNGK,1,1,1,1,1,5
kY0o0j,1,1,1,0,0,3
EPBO42,1,1,1,1,0,4
LdErgl,0,0,1,0,0,1
NA4j2B,,,,,,0
dYZM4K,1,1,1,0,0,3
4216Gr,1,1,1,1,0,4
OAj2P8,1,0,1,0,0,2
g5Ql6l,1,1,0,0,0,2
1rbQAL,1,1,0,1,0,3
PA2xLe,1,1,0,0,0,2
zK09P8,1,1,1,0,0,3
MArW1E,1,1,1,0,0,3
J2VQK7,1,0,1,0,0,2
KMPEj7,1,1,0,0,0,2
421MJ5,,,,,,0
zK09M0,1,1,0,0,0,2
kY0oQe,1,1,1,1,0,4
J2VQqz,1,1,1,0,0,3
OAj6lM,1,1,0,0,0,2
YZo1QW,1,1,1,0,0,3
MArWYp,,,,,,0
ZdGM2V,1,0,1,0,0,2
pL0QyP,1,1,1,0,0,3
ZdGMlo,0,1,0,0,0,1
g5QEA4,1,0,1,0,0,2
kY02eZ,1,1,1,0,0,3
bl2oOL,1,1,0,0,0,2
xd0APy,0,1,0,0,0,1
EPB28o,1,1,1,0,0,3
24bpOV,1,1,1,1,0,4
EPB2bN,1,1,0,0,0,2
LdEeGp,1,0,1,0,0,2
MArWLM,1,1,0,1,0,3
yl0QNX,1,0,1,0,0,2
GroOb2,,,,,,0
rl0ek5,1,0,0,0,0,1
bl2oKe,1,1,1,1,0,4
NA4a8G,1,0,0,0,1,2
7dJy1L,0,0,0,1,1,2
oA0qlV,1,0,1,0,0,2
xd05Ad,1,0,1,0,0,2
pL0EGV,1,0,1,0,0,2
PA27Bb,1,0,0,0,0,1
RzZNVQ,1,0,1,0,1,3
9d6k64,1,1,1,0,0,3
QAxbe1,,,,,,0
xd0qov,0,0,1,0,0,1
24bDag,1,1,1,1,0,4
aBjRaE,1,1,1,0,0,3
rl0eqL,1,0,0,0,0,1
PA27P0,1,0,1,1,0,3
xd0ABE,1,0,1,0,0,2
8dJXEo,1,0,0,0,0,1
ZdGML5,1,0,1,0,0,2
5dlJgQ,1,1,1,0,0,3
LdEejy,0,1,1,1,0,3
EPB2YA,1,1,1,1,0,4
6d1gzN,1,1,1,0,0,3
KMP9bA,1,1,1,1,0,4
J2VQ54,1,0,0,0,0,1
lN0x46,1,1,1,0,0,3
5dlJ7E,1,1,0,1,0,3
BGLrPN,1,1,1,1,0,4
8dJ9NA,1,1,1,1,0,4
8dJ9Kr,,,,,,0
vN0Re8,1,1,1,1,0,4
421ZLr,,,,,,0
YZo1L5,1,1,0,1,0,3
LdE80y,,,,,,0
qbYyOg,,,,,,0
zK0VKg,1,1,1,0,0,3
rl0XVo,1,0,0,0,0,1
PA2o5x,1,1,0,0,0,2
qbYyb5,1,1,1,1,0,4
5dlNZb,0,0,0,0,1,1
eBNbAx,1,1,1,0,0,3
OAjR0a,1,1,1,0,0,3
kY0LOR,,,,,,0
KMPXLX,1,0,0,0,0,1
kY0LAr,1,1,1,0,0,3
jB0KLJ,1,1,1,0,0,3
Al6kbz,1,1,1,0,0,3
WAe4Mv,1,1,0,1,0,3
9d6eEV,1,1,1,0,0,3
MAr0VX,,,,,,0
6d1qWP,1,1,0,0,0,2
BGLvAQ,1,1,0,0,0,2
eBNbyq,,,,,,0
YZo2x5,1,0,0,0,0,1
ZdGxvo,1,1,0,0,0,2
aBjWKB,1,0,0,0,0,1
24b2lj,1,1,1,0,0,3
zK0Vo8,,,,,,0
8dJ9RO,1,0,1,0,0,2
WAe4BP,,,,,,0
MAr0PY,1,1,1,0,0,3
lN0pzW,1,1,1,1,0,4
NA4zdQ,1,1,1,0,0,3
GroMYZ,1,0,0,0,0,1
jB0KJx,1,0,0,0,0,1
EPBpMN,1,0,0,0,0,1
24b2Vp,1,0,1,0,0,2
1rbjEg,1,0,1,0,0,2
g5QB6J,,,,,,0
6d1q4e,0,0,0,0,0,0
9d6eg4,,,,,,0
jB0Kq9,0,1,1,0,0,2
DVXL6E,,,,,,0
dYZ7yV,,,,,,0
zK0VO1,1,1,1,0,0,3
g5QBpN,1,0,1,1,0,3
9d6ey1,1,0,1,0,0,2
RzZOqv,,,,,,0
vN0R6X,1,1,1,0,0,3
oA0JJb,,,,,,0
EPBpo2,1,0,1,0,0,2
bl2aG2,1,0,0,0,0,1
QAxGkp,1,0,1,0,0,2
VZ9rRg,,,,,,0
ZdGxB5,1,0,0,0,0,1
xd0G5k,1,0,1,0,0,2
J2Vy5K,,,,,,0
J2VyvX,1,0,1,0,0,2
7dJQ9R,1,1,0,0,0,2
0EbXQy,,,,,,0
7dJQOz,1,0,0,0,0,1
8dJ9Xl,1,1,1,0,0,3
rl0XKo,1,0,1,0,0,2
WAe4vv,,,,,,0
OAjRqk,1,1,1,1,0,4
g5QBoJ,1,0,1,0,0,2
zK0lMq,,,,,,0
RzZO7j,1,1,0,0,0,2
NA4kXG,,,,,,0
8dJ9vP,1,0,0,0,0,1
GroW6p,1,1,0,0,0,2
YZo2Av,1,0,0,0,0,1
1rbjQ4,1,0,1,0,0,2
421Z6r,1,0,0,0,1,2
PA2oG5,1,1,1,0,0,3
OAjv1R,1,1,1,0,0,3
lN0Q65,1,0,0,0,0,1
DVXQzb,1,1,1,0,0,3
DVXLgN,1,1,1,0,0,3
Al6kVz,1,0,1,0,0,2
EPB9LA,1,1,1,0,0,3
rl07A5,1,1,1,0,0,3
5dlRvv,1,0,0,0,0,1
5dlRb6,1,0,1,0,0,2
aBjWWX,1,1,1,0,0,3
RzZp4P,1,1,1,0,0,3
PA2KBx,1,1,1,0,0,3
DVXQyq,,,,,,0
xd0KBy,,,,,,0
rl07PM,1,0,1,0,0,2
rl07dX,1,1,0,0,0,2
5dlRpZ,1,1,1,0,0,3
5dlReZ,1,0,0,0,0,1
xd0G4r,1,0,0,0,0,1
9d6VR5,1,0,0,0,0,1
eBN46E,1,0,1,0,0,2
pL0a41,1,0,1,0,0,2
rl07vR,1,0,1,0,0,2
PA2K5d,1,1,1,0,0,3
LdElkp,1,1,1,1,0,4
xd0KYG,1,1,1,0,0,3
zK0lA1,1,1,0,0,0,2
VZ9gJa,1,1,0,0,0,2
pL0a6b,1,1,1,0,0,3
DVXQWR,1,0,0,0,0,1
LdEljG,1,1,0,0,0,2
xd0KbG,1,0,0,0,0,1
DVXQrl,,,,,,0
vN0ojg,,,,,,0
9d6Vk4,1,1,0,0,0,2
pL0apZ,1,1,1,0,0,3
rl077p,1,1,0,0,0,2
WAeyxR,1,0,0,0,0,1
BGLM4e,,,,,,0
GroWMQ,1,1,0,0,0,2
aBjVYE,0,1,1,0,0,2
KMPbbz,1,1,1,1,0,4
dYZr5V,1,0,1,0,0,2
421e7X,,,,,,0
yl0L7g,1,1,0,0,0,2
1rbq9p,,,,,,0
eBNkMk,1,0,0,0,0,1
YZo82z,1,1,1,0,0,3
YZoN0J,1,1,1,0,0,3
0EbX29,1,1,1,0,0,3
24bQXD,1,1,1,0,0,3
bl2bV6,1,1,0,0,0,2
7dJ62P,1,1,1,0,0,3
RzZE4J,,,,,,0
DVXgkZ,1,1,0,0,0,2
PA2VO5,1,1,1,0,0,3
24bQeL,1,0,1,0,0,2
YZo8eB,1,0,0,0,0,1
6d1adB,1,1,1,1,0,4
J2V52d,1,1,0,0,0,2
XeRXyj,1,1,0,0,0,2
421eNB,0,1,1,0,0,2
VZ92Pg,1,1,1,0,0,3
yl0Vvp,1,1,0,1,0,3
J2V5bo,,,,,,0
QAxPXX,1,1,1,0,0,3
dYZBzr,1,1,1,0,0,3
aBj7lZ,1,0,0,0,0,1
dYZBeq,1,1,1,1,0,4
PA2VP1,1,0,0,0,0,1
qbY0XG,1,1,1,1,0,4
7dJ6OZ,1,0,0,0,0,1
rl0zbN,1,1,1,0,0,3
jB01jR,1,1,0,0,0,2
8dJ7Bx,1,0,0,0,0,1
bl2bP2,1,1,0,0,0,2
zK0PpE,,,,,,0
YZoL0N,,,,,,0
xd0erk,,,,,,0
WAev9L,1,0,0,0,0,1
OAjWlM,1,0,0,0,0,1
yl0W28,,,,,,0
421gB5,1,1,1,0,0,3
XeRKeY,,,,,,0
6d1XeN,,,,,,0
NA4epN,1,0,1,0,0,2
jB0OZ1,1,1,0,0,0,2
RzZ70j,1,1,1,1,0,4
dYZ5bD,1,0,1,0,0,2
LdERNp,1,1,0,0,0,2
aBj8rq,,,,,,0
vN0QGX,1,0,1,0,0,2
PA2VKd,1,0,1,1,0,3
421g1O,,,,,,0
VZ9k9a,1,1,0,0,0,2
6d1XRP,1,1,0,0,0,2
ZdGpev,1,0,1,0,0,2
g5QRJ1,1,1,1,0,0,3
0EbpD0,1,1,1,1,0,4
421ga5,1,1,1,1,0,4
0EbpkQ,1,1,1,1,0,4
EPB4JX,1,1,1,0,0,3
KMPqxg,1,0,1,0,0,2
VZ92pM,1,1,1,1,0,4
QAx6zA,1,1,1,0,0,3
ZdGpJo,1,1,0,0,0,2
24bMRg,1,1,1,0,0,3
EPB4Pr,1,1,1,1,0,4
yl0Wkd,1,0,0,0,0,1
dYZ5VV,1,1,0,1,0,3
7dJ852,1,0,0,0,0,1
VZ9ky6,1,0,0,0,0,1
zK0a8M,,,,,,0
0EbpWj,1,0,1,0,0,2
yl0W8X,1,1,0,0,0,2
PA2aJe,0,0,1,0,0,1
5dly0Z,1,1,0,0,0,2
VZ9kRv,0,1,0,0,0,1
ZdGpqy,1,0,0,0,0,1
rl0zKv,0,1,1,0,0,2
24bM69,1,1,1,0,0,3
24bMXM,1,0,0,0,0,1
ZdGpAe,,,,,,0
24bMBM,1,1,1,0,0,3
24bMKD,1,1,0,0,0,2
eBNdrx,1,1,1,0,1,4
5dlyld,1,0,0,0,0,1
6d1XAe,,,,,,0
rl0XqM,1,0,1,0,0,2
Al6V2y,1,1,1,0,0,3
0EbpQP,1,1,1,1,0,4
ZdG06a,1,1,1,0,0,3
EPB2aL,1,0,1,0,0,2
bl2BVe,1,1,1,0,0,3
XeRVlO,1,1,1,0,0,3
OAjpDK,,,,,,0
KMP7lD,,,,,,0
RzZXGp,1,1,1,0,0,3
dYZLxV,1,1,1,0,0,3
NA4KXN,1,0,1,0,0,2
5dl6vZ,,,,,,0
kY0DK1,,,,,,0
LdEAbJ,1,1,0,0,0,2
jB0dQ1,1,1,1,0,0,3
24bqre,1,0,0,0,0,1
LdEAEv,1,1,0,0,0,2
jB0d5a,,,,,,0
EPBjLB,1,1,0,0,0,2
xd0kZv,1,1,0,0,1,3
421WvY,1,0,1,0,0,2
J2VaJR,1,0,0,0,0,1
xd0kly,1,1,0,0,0,2
aBjb9E,1,1,1,0,1,4
24bqRp,1,0,0,0,0,1
RzZXbd,1,0,0,0,0,1
dYZLJV,1,0,1,0,0,2
ZdG4ya,1,1,1,1,0,4
RzZX9K,1,1,1,1,0,4
24bqlL,1,1,1,0,0,3
BGLOW1,1,0,1,0,0,2
421W6r,1,0,1,0,0,2
OA81Q7,,,,,,0
kY0D2o,1,0,0,0,0,1
qbYx9g,1,0,0,0,0,1
WAl9Oj,,,,,,0
XeOlxj,1,1,0,0,0,2
pL0jMZ,1,1,1,0,0,3
Rz8KDl,1,0,0,0,0,1
AlWPBB,1,1,1,1,0,4
blNVVL,1,1,1,0,0,3
xd9xaJ,1,1,1,0,0,3
5dEKdb,1,1,1,1,0,4
MA8KaY,1,1,1,0,0,3
WAeGGN,1,1,1,1,0,4
9d2GlK,1,0,0,0,0,1
24O8PA,1,1,0,0,0,2
zKWXbR,,,,,,0
jBGDW1,1,0,0,0,0,1
VZoE4y,1,1,0,0,0,2
XeRVRg,1,0,0,0,0,1
yleZ08,1,0,0,0,0,1
VZoEby,1,1,1,0,0,3
g5WjNP,1,0,0,0,0,1
Rz8KZK,1,1,0,0,0,2
Ld51Vj,1,1,0,0,0,2
QA82OG,1,0,0,0,0,1
vNqjz0,1,1,0,0,0,2
vNqj6d,,,,,,0
J28KbJ,1,1,1,0,0,3
kYOaKo,1,1,1,0,0,3
blNVJE,1,1,1,0,0,3
1rGP7O,1,0,0,0,0,1
OA81vM,1,1,0,1,0,3
OA81RM,1,1,1,1,0,4
YZVD76,1,1,0,0,0,2
OA81MA,1,0,1,0,0,2
PA8jVx,1,1,0,0,0,2
zKWXB8,,,,,,0
MA8K0E,1,1,1,0,0,3
qbjZNG,1,1,1,0,0,3
42PXe5,1,1,0,0,0,2
8djo9k,1,1,0,1,0,3
xd9x9d,1,1,1,1,0,4
zKWXVZ,1,1,0,0,0,2
6dr82B,1,0,1,0,0,2
OA8Dag,1,1,0,0,0,2
5dEBbE,0,1,1,0,0,2
QA8KBk,,,,,,0
oAlbEx,,,,,,0
42PXVo,1,1,1,1,0,4
eB9qre,1,0,1,0,0,2
eB9qxo,,,,,,0
dYQWYA,1,1,1,0,0,3
g5WD9l,1,1,1,0,0,3
Ld51Zj,1,1,1,1,0,4
NA8pBb,,,,,,0
42P41o,1,1,0,0,0,2
AlW7Qe,,,,,,0
OA8DVY,,,,,,0
PA8dEQ,1,1,1,0,0,3
VZoLb6,0,0,0,0,1,1
aBZQA2,1,0,1,0,0,2
OA8Dka,1,1,0,0,0,2
g5WDkJ,1,0,1,1,0,3
oAlb5N,1,1,1,0,0,3
8dj16r,1,0,1,0,0,2
QA8KkY,1,1,1,0,0,3
rl2jYo,1,0,1,0,0,2
EP8kYr,0,0,1,0,0,1
ylePpg,1,0,0,0,0,1
GrYx7e,1,1,0,0,0,2
8dj1jk,1,0,1,0,0,2
6dr8pN,1,1,1,0,0,3
PA8dLV,1,1,0,0,0,2
DV04PZ,1,0,0,1,0,2
9d2qaV,1,1,0,0,0,2
PA8jy5,1,1,1,0,0,3
XeOxkY,1,0,0,0,0,1
AlW7kW,1,1,0,0,0,2
g5WDB1,1,1,1,0,0,3
VZoLrE,1,1,0,0,0,2
QA8Kgl,1,1,0,0,0,2
YZVjaW,1,1,1,0,0,3
24OEMb,1,0,0,0,0,1
Rz8GXv,1,1,0,0,0,2
vNqjL4,0,1,1,0,0,2
zKWxaE,1,0,1,0,1,3
aBZQ8y,0,0,0,0,1,1
NA8q7O,1,0,0,1,0,2
eB955Q,1,1,0,0,1,3
dYQb6K,1,1,0,0,0,2
aBZNLW,1,0,1,0,0,2
jBGe9E,1,1,1,0,0,3
rl2y5l,1,0,0,0,0,1
KM8plV,1,1,1,0,0,3
ZdP9R0,0,1,0,0,0,1
rl2DLl,1,1,0,0,0,2
aBZOZ9,1,1,1,0,0,3
pL4eJZ,1,0,0,0,0,1
42Pazo,1,0,0,0,0,1
9d2N4K,1,1,0,0,0,2
XeO52V,1,1,1,0,0,3
EP8qA2,1,0,0,0,0,1
EP8zro,1,0,0,0,0,1
AlWPgo,1,1,1,0,0,3
AlWrjN,1,0,1,0,0,2
aBZOvy,1,0,1,0,0,2
xd9xzr,1,0,0,0,0,1
VZopvE,1,1,1,0,0,3
eB9ZWo,0,0,0,0,1,1
24Ojye,1,1,0,0,0,2
8djNDz,1,1,0,1,0,3
eB95oJ,1,1,1,1,0,4
J281Po,,,,,,0
Rz8Wyj,1,0,1,0,0,2
PA8RQB,1,1,1,0,0,3
blN5jL,1,0,1,0,0,2
5dEXJ6,1,1,0,0,0,2
xd9x8J,1,1,1,1,0,4
vNqX5D,1,1,1,0,0,3
XeO56Y,1,0,0,1,0,2
xd9Vbv,0,1,0,0,0,1
pL4eYB,1,0,0,0,0,1
NA8qGQ,1,1,0,0,0,2
0EoV9y,1,0,0,0,0,1
J281Nd,0,1,0,0,0,1
DV0q8R,1,1,1,0,0,3
QA8oy1,1,1,1,0,0,3
6drDoB,1,0,1,0,0,2
VZopRa,1,0,0,0,0,1
aBZ95W,1,0,0,0,0,1
9d2GA1,1,1,1,0,0,3
GrY6x2,1,0,0,0,0,1
g5WaaK,1,0,0,0,0,1
BG8EjA,1,1,0,0,0,2
aBZ9GX,1,1,0,0,0,2
aBZOMB,1,1,1,1,0,4
AlWzdy,,,,,,0
jBGZ74,1,1,1,0,0,3
rl2Djp,1,1,1,0,0,3
zKWjyE,1,1,1,0,0,3
9d2BvV,1,0,0,0,0,1
KM8za7,,,,,,0
GrY6re,1,1,1,0,0,3
OA8aLg,1,1,0,0,1,3
NA8rA0,1,0,0,0,0,1
5dEbDb,1,1,0,0,0,2
jBGZBQ,1,1,0,1,0,3
GrY6JZ,1,1,1,0,1,4
yleXOB,1,0,1,0,0,2
OA8akK,1,1,1,1,0,4
jBGZvR,1,1,1,0,0,3
GrY6Xp,1,1,1,1,1,5
zKWjd1,1,1,1,0,1,4
Ld59k1,1,1,1,0,0,3
MA81dX,1,1,1,0,0,3
J28qao,,,,,,0
5dEbNZ,1,1,1,0,0,3
VZoGry,,,,,,0
6drDqP,1,0,0,0,1,2
1rGXe1,1,0,1,0,0,2
PA8pVV,1,1,0,0,0,2
AlWKzk,1,1,0,0,0,2
lNVBok,1,0,0,0,0,1
PA8pVe,1,1,0,0,0,2
zKWNxa,1,1,1,1,0,4
0Eo7O0,1,0,0,0,0,1
9d2XD4,,,,,,0
VZojZl,1,1,0,1,0,3
NA8DVN,0,1,0,0,0,1
7d4bx9,1,0,0,0,0,1
qbjab8,1,1,0,1,0,3
jBGby9,1,0,1,0,0,2
zKWNKE,1,1,1,1,0,4
Ld5zz1,1,0,1,0,0,2
XeOrQg,,,,,,0
dYQN8K,1,1,1,0,0,3
rl2Bgl,1,0,1,0,0,2
5dE4eE,1,1,1,0,0,3
QA8Mk7,1,0,0,0,0,1
g5WD6d,1,0,0,0,0,1
jBGaVR,1,1,1,0,0,3
Rz8dZK,0,0,0,0,1,1
42PBdO,1,0,0,0,0,1
GrYxZ2,1,1,0,0,0,2
GrYKgp,1,1,1,0,0,3
NA8Ddl,1,1,0,0,0,2
DV0Kbq,1,0,1,0,0,2
oAlDkx,1,0,1,0,0,2
kYOb9r,1,0,0,0,0,1
OA8lg7,1,0,0,0,0,1
VZoGJ6,1,1,0,0,0,2
VZojqJ,1,0,1,1,0,3
42PQRd,1,0,1,1,0,3
qbja4Y,1,1,1,1,0,4
Rz8KWd,1,1,1,0,0,3
VZoL46,1,1,1,0,0,3
WAl9ee,1,1,1,0,0,3
PA8Dq0,1,0,0,0,0,1
YZVR8v,,,,,,0
5dE4Ab,1,1,0,0,0,2
oAlD8M,0,0,0,0,1,1
1rGk8b,1,0,0,0,0,1
rl2BZL,1,1,1,0,0,3
vNqer0,,,,,,0
PA815b,1,1,0,0,0,2
WAlEEN,1,1,1,0,0,3
kYOe7j,,,,,,0
pL4y0y,,,,,,0
NA8lDl,1,0,0,0,0,1
qbjDWk,1,1,1,0,0,3
XeOJMV,1,1,0,1,0,3
1rGdKM,1,1,1,0,0,3
WAlrbP,1,0,0,0,0,1
7d4L12,1,1,1,1,0,4
J28p8z,1,1,0,0,0,2
pL4y4y,1,0,1,0,0,2
oAle1P,,,,,,0
DV0kER,1,1,0,1,0,3
AlW2vk,1,1,0,0,0,2
MA8N0g,,,,,,0
EP8dVX,1,0,1,0,0,2
oAleL1,1,0,0,0,0,1
9d2ZNX,,,,,,0
NA8l2Q,1,1,0,0,0,2
8djaYO,1,0,0,0,0,1
6drjXo,1,0,0,0,0,1
PA81MP,1,0,1,0,0,2
EP8d7o,1,0,1,0,0,2
1rGdqL,1,1,1,1,0,4
xd9Dxk,1,1,0,0,0,2
BG8pae,1,0,0,0,0,1
pL4y8E,1,1,0,0,0,2
24OABe,1,0,0,0,1,2
rl2Bzo,,,,,,0
ZdPO2B,1,1,0,0,0,2
kYOGdZ,1,1,1,0,0,3
zKWy91,,,,,,0
eB9rLO,1,0,1,0,0,2
9d2Z6G,,,,,,0
pL4or1,1,1,1,0,0,3
dYQ0DA,0,1,0,0,0,1
1rG4xb,,,,,,0
5dE9EP,1,1,0,0,0,2
9d2ZjQ,,,,,,0
24OALV,,,,,,0
pL4o2J,,,,,,0
8djLyl,1,0,0,0,0,1
0Eo859,1,1,0,1,0,3
9d2Zp1,1,0,0,0,0,1
oAlRqe,1,0,0,0,0,1
6drK0J,1,0,0,0,0,1
lNVO4V,1,1,1,0,0,3
AlWp9o,0,1,0,0,0,1
EP8lO4,1,0,0,0,0,1
g5Wqll,1,0,0,1,0,2
8djL45,1,1,1,1,0,4
VZoPrv,1,1,1,0,0,3
rl2oD5,1,0,1,0,0,2
XeO40z,1,0,1,0,0,2
oAl26X,1,0,0,0,0,1
DV07Bp,,,,,,0
NA87DN,1,0,0,0,0,1
MA8Ezl,0,0,1,0,0,1
5dE9DN,1,0,0,0,0,1
jBGlx4,1,1,0,0,0,2
blNWNg,,,,,,0
GrYRLk,1,0,0,0,0,1
GrYR0k,1,1,1,0,0,3
MA8EAk,,,,,,0
OA8787,1,1,1,0,0,3
24OKL9,1,0,0,0,0,1
pL4D9E,,,,,,0
VZozlM,1,1,0,1,0,3
vNqPqv,1,1,1,1,0,4
kYONrJ,1,0,0,0,0,1
aBZ2lE,1,0,0,0,0,1
BG8xbQ,1,0,0,0,0,1
AlWB5N,1,1,1,0,0,3
DV076l,,,,,,0
Rz8D9K,1,0,0,0,0,1
jBGl1a,1,1,1,0,0,3
AlWB1D,1,1,0,0,0,2
24OK29,1,1,0,0,0,2
24OPPA,,,,,,0
g5WGdN,1,0,0,0,0,1
7d4xXA,1,1,0,0,0,2
ZdPaNA,1,1,0,0,0,2
ZdPadA,1,0,0,0,0,1
eB9R6J,1,0,1,0,0,2
VZoJ4g,1,1,1,0,0,3
ZdPaGe,1,1,0,0,0,2
zKWYR1,1,1,0,0,0,2
1rGV6p,1,0,0,0,0,1
BG87r1,1,1,0,1,0,3
PA8OJ0,1,1,1,1,0,4
QA8V6X,1,0,0,0,0,1
WAlzbQ,1,1,1,0,0,3
vNqyev,0,1,0,0,0,1
aBZY5v,1,1,1,0,0,3
8djQeY,1,1,0,0,0,2
9d2D11,1,0,1,0,0,2
PA8595,1,1,0,0,0,2
XeOWRe,1,1,0,0,0,2
qbjAN9,,,,,,0
42PxP5,1,1,1,0,0,3
oAlMgx,1,1,1,0,0,3
lNVdxp,,,,,,0
6dr2Be,1,0,0,0,0,1
42PxMB,1,0,0,0,0,1
0Eo6NQ,,,,,,0
zKWDg0,1,0,1,0,0,2
6dr2lO,1,0,0,0,0,1
EP8WgN,1,1,1,0,0,3
Ld5WAz,1,0,0,0,0,1
MA8bXl,,,,,,0
jBGQK9,1,1,1,1,0,4
7d4Ng6,1,0,0,0,0,1
NA86q0,1,0,1,0,0,2
Rz80oj,,,,,,0
GrYz6e,1,0,1,0,0,2
rl2AgR,1,1,0,0,0,2
NA86AB,1,1,0,0,0,2
24Oeej,1,0,1,0,0,2
DV0Nvb,,,,,,0
zKWD61,1,1,1,0,0,3
Ld5b5O,1,1,1,0,0,3
24OerL,1,0,1,0,0,2
QA8DA8,1,0,1,0,0,2
Rz80VP,1,1,1,0,0,3
AlWd4N,1,0,1,0,0,2
8djKEr,1,0,0,0,0,1
24OeoM,1,0,0,0,0,1
yle6oW,1,1,1,0,0,3
NA8oKO,0,1,1,0,0,2
5dEzOQ,1,1,0,1,0,3
0Eox59,1,0,1,1,0,3
Rz80kv,1,1,1,0,0,3
7d4WYR,1,1,0,0,0,2
oAlyxN,1,0,0,0,0,1
OA8zZg,1,0,1,0,0,2
1rGlOb,1,1,1,0,0,3
OA8zpp,,,,,,0
GrYz2j,1,0,0,0,0,1
PA8Add,1,0,0,0,0,1
dYQ6Jo,1,1,1,1,0,4
aBZBNE,1,0,1,0,0,2
jBGB6Y,1,1,0,0,0,2
ylelXW,0,1,0,0,0,1
AlWdeD,0,1,0,0,1,2
VZoZYg,,,,,,0
ylelvg,1,1,1,1,0,4
VZoZvv,1,0,0,0,0,1
qbjbj7,1,0,1,0,0,2
Rz8zrp,0,0,0,0,1,1
oAlALb,1,0,0,0,0,1
ylelyX,1,1,1,0,0,3
42P20r,1,0,1,0,0,2
1rGVNl,1,0,1,0,0,2
ylelbd,1,1,1,0,0,3
YZVORq,1,1,1,0,0,3
24OkKb,1,1,0,1,0,3
ZdPV6A,1,1,0,0,0,2
jBGM04,,,,,,0
0EoMMA,1,1,1,0,0,3
dYQAjr,1,1,1,0,0,3
YZVOYN,1,1,1,0,0,3
rl2Kql,1,0,0,0,0,1
DV010Z,1,1,1,0,0,3
KM8oBX,1,0,0,0,0,1
g5WA1N,1,1,1,1,0,4
8djkWx,1,1,1,0,0,3
GrY142,1,0,0,0,0,1
Ld5GRl,1,1,1,0,0,3
PA8Exx,1,0,1,0,0,2
7d4ZRR,1,1,1,0,0,3
xd9ZYo,,,,,,0
GrY1GO,,,,,,0
0EoPBN,1,0,1,0,1,3
eB9EEo,1,1,1,0,0,3
24OrLb,1,0,0,0,0,1
YZVdVv,1,0,0,0,0,1
PA80Pe,,,,,,0
J280BR,1,0,1,0,0,2
oAlO1e,1,1,1,0,0,3
zKWe98,,,,,,0
xd9Z7o,1,0,1,0,0,2
yleDb4,1,0,0,0,0,1
7d4NML,1,1,1,0,0,3
24Or0b,,,,,,0
QA80QA,1,0,1,1,0,3
KM80XK,1,1,1,0,0,3
8djGNl,1,1,1,0,0,3
oAlOxx,1,1,1,0,0,3
oAloDO,0,0,0,0,1,1
OA80vA,1,0,0,1,0,2
Rz8L7Q,1,1,0,0,0,2
0EoLb0,1,1,1,0,0,3
GrYLqQ,1,0,0,0,1,2
KM8Lgg,,,,,,0
zKWJ7k,1,1,1,0,0,3
dYQjYd,1,0,0,0,0,1
AlWDde,1,1,0,0,0,2
WAlYYN,0,0,0,0,1,1
5dEvMP,1,0,1,0,0,2
YZVYvz,1,0,0,0,0,1
dYQjpN,1,0,0,0,0,1
EP8Dr2,1,0,0,0,0,1
NA8Y1O,1,0,0,0,0,1
OA8Yxa,1,0,0,0,0,1
42PveX,,,,,,0
eB92Gx,1,1,1,0,0,3
GrYDNp,1,1,1,0,0,3
oAldrV,1,0,0,0,0,1
NA8Yvp,1,0,0,0,1,2
kYOWV1,1,1,0,0,0,2
qbjKvY,1,1,0,0,0,2
DV0JEj,1,1,1,1,0,4
pL472P,1,1,0,0,0,2
yleEB8,1,0,1,0,0,2
42PoWY,1,1,0,0,0,2
0Eo8pZ,1,1,1,0,0,3
NA805j,1,0,0,0,0,1
jBG96E,,,,,,0
zKWQja,1,1,1,0,0,3
42PN8B,1,1,1,0,0,3
42PN2B,1,0,1,0,0,2
GrYBJQ,1,1,1,0,0,3
WAlpBj,,,,,,0
VZo1bM,1,1,1,0,0,3
EP8bar,1,1,1,0,0,3
8djpW5,1,0,0,0,0,1
kYORko,1,1,1,0,0,3
VZo1BJ,1,1,1,0,0,3
J28kGo,1,0,0,0,0,1
vNqxbv,1,0,1,0,0,2
vNqxp0,1,1,0,0,0,2
AlWbko,1,0,0,0,0,1
0EojW0,1,1,0,0,0,2
VZo1el,1,1,0,0,0,2
lNVlPX,1,1,0,0,0,2
Ld5MLO,1,0,1,0,0,2
aBZjQZ,1,1,1,0,0,3
XeOBKz,1,0,0,0,0,1
xd90dy,1,1,1,0,0,3
jBG0la,1,1,0,0,0,2
vNq0Xl,1,0,0,1,0,2
XeORJY,1,0,1,1,0,3
6dr1OO,0,1,1,0,0,2
GrYoqQ,1,1,1,1,0,4
VZo946,0,1,0,0,0,1
1rGbOg,1,1,1,1,0,4
AlW6Nz,1,0,1,0,0,2
eB9Nlk,1,1,1,0,0,3
Rz8Z7p,,,,,,0
PA82QV,1,1,1,0,0,3
VZo91E,1,1,1,1,0,4
J288qz,1,0,0,0,0,1
Rz88xv,1,0,0,0,0,1
24OOAe,1,1,0,0,0,2
6drrRk,,,,,,0
xd99Ny,1,0,0,0,0,1
J288B7,,,,,,0
DV00VZ,1,0,1,0,0,2
MA88WM,,,,,,0
vNqq14,1,1,1,0,0,3
xd99Gr,1,0,0,0,0,1
7d4JOR,1,1,1,0,0,3
5dE89b,1,0,0,0,0,1
VZovVj,1,0,0,0,0,1
oAlKke,,,,,,0
42PAoA,1,0,1,0,0,2
YZVpBz,1,1,0,0,0,2
WAlD0e,1,1,0,0,0,2
aBZAYE,1,1,1,0,0,3
5dEeb6,1,1,1,1,0,4
aBZK8b,1,1,1,1,0,4
7d4aDz,1,1,1,1,0,4
xd9R4v,,,,,,0
zKWGyq,1,0,1,1,0,3
aBZAD2,1,1,1,0,0,3
BG8jLe,1,0,0,0,0,1
6drWyB,1,1,0,0,0,2
NA8Mj0,1,1,1,0,0,3
GrYq4p,1,1,1,0,0,3
aBZAWW,1,1,1,0,0,3
jBGkaJ,0,0,0,0,1,1
8djRol,1,0,0,0,0,1
g5WkQK,1,0,0,0,0,1
vNqdzg,1,0,1,0,0,2
PA8GWe,1,1,1,0,0,3
zKWLyk,1,1,1,0,0,3
eB9v7O,1,0,0,0,0,1
YZVkOB,1,0,1,0,0,2
blNvR1,1,1,1,0,0,3
lNVvz6,1,0,0,0,0,1
QA8kPp,1,1,0,0,0,2
0EoaXN,1,1,1,0,1,4
9d24ZK,1,1,0,0,0,2
24O70L,0,1,0,0,1,2
lNVv5V,1,0,0,0,0,1
BG8eRe,1,1,1,1,0,4
Ld5oZj,,,,,,0
KM8R9z,1,0,0,0,0,1
ylegqW,,,,,,0
jBGgEQ,1,0,1,0,0,2
7d4jzR,1,1,1,0,0,3
NA8gMW,,,,,,0
0EolEy,1,1,1,0,0,3
vNqpVl,,,,,,0
rl2pWX,,,,,,0
24OZrj,1,1,0,0,0,2
24OZ99,,,,,,0
GrYyvj,,,,,,0
aBZo4W,,,,,,0
GrYyv2,1,1,0,0,0,2
oAlpr1,1,0,1,0,0,2
blNyVg,1,0,0,0,0,1
kYOQN1,,,,,,0
DV0Py5,1,0,1,0,0,2
KM8Nkg,,,,,,0
MA82rp,1,1,0,0,0,2
KM8718,1,0,1,0,0,2
DVABNq,1,0,1,0,0,2
PAvpP1,,,,,,0
aBK9lZ,1,0,1,0,0,2
7d1qYZ,1,1,1,0,0,3
aBK5GX,1,0,1,1,0,3
241AGA,1,1,1,0,0,3
oAK2l5,,,,,,0
eBKaMk,1,1,1,0,0,3
g5Y9XO,,,,,,0
AlAB5z,1,0,1,0,0,2
oAKGpN,,,,,,0
zK2YQq,1,0,0,0,0,1
dYKdod,1,0,0,0,0,1
7d1xrR,1,0,1,1,0,3
aBKYRX,1,1,1,1,0,4
oAKMjb,1,0,0,0,0,1
kYKybM,,,,,,0
WADNek,,,,,,0
NAM6Yp,,,,,,0
jB5yQ9,1,1,0,0,0,2
yljly0,,,,,,0
oAKBJe,1,0,1,0,0,2
eBKAGk,1,1,0,0,0,2
KMv6KK,1,1,0,0,0,2
vNE2Zl,,,,,,0
KMvLNM,1,1,1,0,0,3
lNKWjB,1,1,0,0,0,2
PAvXE5,,,,,,0
9dpvKG,1,1,0,0,0,2
0E1vgN,1,0,1,0,0,2
OAdJzR,1,1,1,0,0,3
pLRWYb,1,0,1,0,0,2
5d8GLd,1,1,1,0,0,3
1rDJYl,,,,,,0
241vE9,1,1,1,0,0,3
rlGraX,1,0,1,0,0,2
KMvJZX,1,1,1,0,0,3
BGADYN,1,0,0,0,0,1
g5YNYd,1,1,1,1,0,4
YZpzy0,1,1,0,0,0,2
OAdBMa,1,1,1,1,0,4
dYK2oV,1,0,0,0,0,1
vNE0Dd,,,,,,0
J2XkXd,1,1,0,0,0,2
vNE0Y8,1,0,1,0,0,2
DVAXPb,1,0,0,1,0,2
EPv8WN,1,0,1,0,0,2
YZpVlq,1,0,0,1,0,2
jB5MEY,1,1,0,0,0,2
42AA2k,1,0,1,0,0,2
DVAAYl,,,,,,0
g5YW51,1,0,1,0,0,2
WADM8v,1,1,0,0,0,2
NAMbXp,,,,,,0
1rDDZO,1,1,0,0,0,2
qboJdg,1,0,0,0,0,1
0E11K6,1,0,1,0,0,2
pLRJ9y,1,1,1,0,0,3
QAvzjk,1,1,1,0,0,3
EPvZjN,1,1,1,0,0,3
xd4RKr,1,1,1,0,0,3
42Ap4O,1,0,1,0,0,2
0E1D5Z,1,1,1,1,0,4
g5YkOd,1,1,0,0,0,2
ZdvD8z,1,0,1,0,0,2
lNKMov,1,1,1,0,0,3
rlGJKR,1,0,1,0,0,2
RzvkQl,1,1,1,0,0,3
241oZD,1,0,1,0,0,2
aBKzLq,,,,,,0
Xe1QPj,1,1,1,0,0,3
GrX79O,1,1,1,0,0,3
DVAW05,,,,,,0
MAvG7g,1,0,1,0,0,2
QAv458,1,0,0,0,0,1
KMvO2z,1,1,1,1,0,4
8dAEWk,1,0,1,0,0,2
VZvdYN,1,0,1,0,0,2
BGADV5,1,1,1,0,0,3
yljg5d,1,1,1,0,0,3
pLR9Z1,1,0,1,0,0,2
pLR1jb,1,0,1,0,0,2
g5YxdK,1,1,0,0,0,2
7d1ge9,1,1,0,0,0,2
oAKaVP,1,1,0,0,0,2
ZdvLxe,1,1,1,1,0,4
lNK9jV,1,1,1,0,0,3
PAvLGe,,,,,,0
Xe1dzY,1,1,1,1,0,4
6dAGGe,,,,,,0
7d1YLZ,,,,,,0
vNEaD0,,,,,,0
pLRNKb,1,1,0,0,0,2
zK2AN0,1,1,1,1,0,4
LdvjJ2,1,0,0,0,0,1
DVAoQj,1,0,1,0,0,2
xd4bKy,1,1,0,1,0,3
blKRbo,1,1,1,0,0,3
xd48r9,1,1,1,0,0,3
9dp0bY,1,1,0,0,0,2
Rzvqrp,0,0,0,0,1,1
GrXOqp,1,1,0,0,1,3
0E1qKB,1,1,1,0,0,3
GrXOXp,,,,,,0
7d1rKL,1,1,1,0,0,3
Zdvr9y,1,1,1,0,0,3
vNE5Og,1,1,1,0,0,3
8dA45x,0,1,0,0,0,1
Xe1PKP,1,0,0,0,0,1
g5Y6KP,1,1,1,0,0,3
pLR20y,1,0,0,0,0,1
RzvqeQ,1,1,1,0,0,3
8dABok,,,,,,0
8dAB1r,1,0,1,0,0,2
OAd2ZY,1,1,1,0,0,3
kYK2lj,1,0,1,0,0,2
RzvADQ,1,1,1,0,0,3
9dp82p,1,1,0,0,0,2
NAMaMQ,,,,,,0
pLRElV,1,0,1,0,0,2
241pJj,1,1,1,0,0,3
jB5KdJ,1,0,1,0,0,2
eBKxvq,1,1,1,0,0,3
dYKPVN,1,1,1,0,0,3
GrYYvz,1,1,1,0,0,3
jB5Ne4,1,1,1,0,0,3
5d8Rbo,1,1,1,1,0,4
7d1GbZ,1,1,1,0,0,3
OAdOL8,1,1,1,0,0,3
blK0G0,1,1,0,0,0,2
xd4kxy,1,1,1,0,0,3
g5YRyl,1,1,1,0,0,3
Xe1KVj,1,1,1,0,0,3
VZvREv,1,0,1,0,0,2
zK2p0M,1,1,1,1,0,4
J2XaDr,1,1,1,0,0,3
pLRj4B,1,1,0,0,0,2
yljKbW,,,,,,0
VZvRWl,1,1,1,1,0,4
blY5eZ,1,1,1,0,0,3
Al47oW,,,,,,0
lNYaNN,1,1,0,0,0,2
WAKOvP,1,1,0,0,0,2
8d6Nxl,1,0,1,0,0,2
jBJeBJ,1,1,1,1,0,4
QAz1z7,1,0,1,0,0,2
lNYBPN,,,,,,0
PAbpo1,1,1,1,0,0,3
1rNdW1,,,,,,0
oA5EQ1,1,1,0,0,0,2
KMW55V,1,0,1,0,0,2
Zd1Eao,0,1,1,0,1,3
VZbQlv,1,0,0,0,0,1
rlJOM2,1,1,1,0,0,3
8d6ZNA,,,,,,0
NAbX0l,1,1,1,1,0,4
DVxplq,1,0,1,0,0,2
Xe84rd,,,,,,0
blYW2Z,1,0,1,0,0,2
NAb78l,,,,,,0
oA5285,,,,,,0
eB0aEx,1,1,0,0,0,2
vNJP54,1,1,0,0,0,2
RzbPjj,1,1,1,0,0,3
oA5GOM,1,1,0,0,0,2
Al4vRB,1,1,1,0,0,3
9dRQYG,1,1,1,1,0,4
24lNeL,1,0,1,0,0,2
9dRDjY,1,1,1,0,0,3
NAb6Pb,1,0,1,0,0,2
dY86Dq,1,0,0,0,0,1
vNJA6l,1,1,1,0,0,3
OAbzv7,1,1,1,0,0,3
eB0BZq,1,0,1,0,0,2
BGjXPN,0,0,1,0,1,2
9dRdbV,1,1,0,0,0,2
DVx1aR,1,1,0,0,0,2
J2eDgY,1,1,0,0,0,2
GrqJeo,,,,,,0
Xe8YXY,1,0,0,0,0,1
VZbMby,1,0,0,0,0,1
RzbJ9v,1,0,0,0,0,1
VZb1Wv,1,0,1,0,0,2
qbJoAk,,,,,,0
xdR4ro,1,1,1,0,0,3
PAbvbe,1,0,1,0,0,2
rlJGpv,1,1,0,0,0,2
VZbv6N,1,0,0,0,0,1
24l1RL,1,0,0,0,0,1
OAbV78,1,0,1,0,0,2
xdRgQy,,,,,,0
5de0vv,,,,,,0
g5JybJ,1,1,1,1,0,4
42p4kd,1,0,1,0,0,2
42paed,1,1,1,1,0,4
eB0ezx,1,1,0,0,0,2
Ld69rj,1,0,0,0,0,1
aBaYav,1,1,0,0,0,2
DVZNMN,1,1,0,0,0,2
eBYArx,1,0,0,0,0,1
AljJve,1,1,1,0,0,3
J2WRlr,1,1,1,0,0,3
7dpxRz,1,1,1,0,0,3
PAGExV,1,1,1,0,0,3
PAG05P,1,1,0,0,0,2
8dRe5Y,1,0,0,0,0,1
RzVLkd,1,1,1,1,0,4
Xe2EGV,1,1,1,0,0,3
42pjyB,0,1,0,0,0,1
1rpMZg,,,,,,0
GrQL1z,1,0,0,0,0,1
qbkKrG,1,1,0,0,0,2
rlkdNv,1,0,0,0,0,1
OAoB5M,,,,,,0
bl62ee,1,0,0,0,0,1
GrQYrj,1,1,1,0,0,3
bl6Nr2,1,0,0,0,0,1
YZxV75,,,,,,0
8dRAxz,1,0,1,0,0,2
BG2jrR,,,,,,0
BG2j71,,,,,,0
lNMvqk,0,0,0,0,1,1
5dpOVM,,,,,,0
jBkEvR,1,0,1,0,0,2
ZdZWkv,1,0,0,0,0,1
dYkpxA,1,1,0,0,0,2
0EDlP0,1,0,1,0,0,2
42pdPB,1,1,1,0,0,3
zK1oKM,1,1,0,0,0,2
24Dylp,0,0,0,0,1,1
QAOaNl,1,0,0,0,0,1
KMaZGk,1,0,0,0,0,1
24DYOb,1,1,1,1,0,4
24DYpV,,,,,,0
KMa2YK,1,1,1,0,0,3
dYkJoN,1,1,0,0,0,2
Ld6L9j,,,,,,0
blYxP2,1,0,1,0,0,2
KMaj18,,,,,,0
24DOYj,1,1,1,0,0,3
dYkydo,1,1,0,0,0,2
Ld68Ay,,,,,,0
RzVOOv,1,0,1,0,1,3
yldOGB,1,1,1,0,0,3
oAkX95,0,0,1,0,0,1
Ld6lQ2,1,1,1,0,0,3
oAkXAP,,,,,,0
aBa8l9,1,1,0,0,0,2
qbkxdk,1,1,1,0,0,3
lNMoMv,1,0,1,0,0,2
J2Wa7X,1,0,1,0,0,2
J2M1ko,,,,,,0
7dMLqa,1,1,0,0,0,2
42zJob,,,,,,0
MAMNrY,1,1,0,0,0,2
eBvrAl,,,,,,0
BG0pZK,1,0,1,0,0,2
VZDzDg,1,1,1,1,0,4
ZdDdjy,,,,,,0
pLvp8J,,,,,,0
J2M4vz,1,0,1,0,0,2
lNvxGB,1,1,1,0,0,3
jBv18R,1,0,1,0,0,2
42zgZb,1,1,0,0,0,2
BG0OK1,1,1,1,0,0,3
24o8aA,,,,,,0
kYzalJ,1,0,1,0,0,2
42OQ7r,1,1,0,0,0,2
NAPD6p,1,0,1,0,0,2
zKdykZ,1,1,1,1,0,4
RzjoPd,1,1,1,0,0,3
jBzo99,,,,,,0
Grb9O2,1,1,1,1,0,4
g5z9gM,1,0,0,0,0,1
OAE5V7,1,1,1,0,1,4
5dVzNP,1,1,0,0,0,2
DVaVJ5,1,0,0,0,0,1
7dEobZ,1,0,1,0,0,2
9d4vR4,,,,,,0
vNzL7d,1,0,0,0,0,1
GrbJYp,1,0,0,1,0,2
Al96kN,1,1,0,0,0,2
MAV78l,,,,,,0
Al9jbl,1,0,1,0,0,2
24oDgL,1,1,0,0,0,2
blzzoL,1,0,1,0,0,2
VZNxYM,,,,,,0
DVaWjl,1,0,0,0,0,1
KMGOe7,1,0,0,0,1,2
blzgY1,1,1,0,0,0,2
KMGOjK,1,0,0,1,0,2
LdOgG1,1,0,1,0,0,2
yl1GZ8,1,0,1,0,0,2
Zdegkz,1,1,1,0,0,3
BGe5v5,1,0,0,0,0,1
eBz8bE,1,0,1,0,0,2
xdz8yk,1,0,1,0,0,2
oAzL9x,,,,,,0
0EkEeB,1,1,0,0,0,2
QA4GOY,1,1,1,0,0,3
9d4eBQ,1,1,0,0,0,2
rlYNrp,1,0,0,1,0,2
rlqy52,,,,,,0
qbN5N7,,,,,,0
AlQKkB,,,,,,0
8dEazr,1,1,1,1,0,4
DVWzjb,1,1,0,0,0,2
oAxM95,0,1,0,0,0,1
lN4RDV,,,,,,0
jBEq21,1,1,1,0,0,3
QAEpMA,1,1,1,0,0,3
xd67ZE,1,1,0,0,0,2
WAZarR,,,,,,0
OAVNZK,1,0,1,0,0,2
jBEVgx,1,0,1,0,1,3
aBlMgq,1,1,1,0,0,3
oAxPWX,1,1,1,0,0,3
qbN99Y,1,0,0,1,0,2
Ldo8Pz,1,1,0,0,0,2
0EAKN6,0,0,0,0,1,1
J2BN4o,1,1,0,1,0,3
9dxN61,,,,,,0
xdgr4o,1,1,1,0,0,3
LdVpav,1,0,1,0,0,2
BG67VA,1,0,1,0,0,2
Xe90az,1,1,1,0,1,4
1rO7Wp,1,0,0,0,0,1
dYzkGz,,,,,,0
kYgAej,1,0,0,0,0,1
1rOvvQ,1,0,1,0,0,2
1rOvMQ,1,0,1,0,0,2
Rz2JQv,1,1,1,0,0,3
ZdWzBV,1,0,1,0,0,2
24VxvM,,,,,,0
pL54N8,0,0,1,1,0,2
QAjOAg,1,1,1,0,0,3
42EpEY,,,,,,0
PA44VP,1,0,0,0,0,1
vNgpPD,0,1,0,0,0,1
g5ggRM,1,0,1,1,0,3
rlgbDN,1,1,1,0,0,3
0EGYe9,1,1,1,0,0,3
